STRUCTURE,STRUCTURE_ID,ACTION,FREQ,FREQ_LABEL,REF_AREA,REF_AREA_LABEL,INDICATOR,INDICATOR_LABEL,SEX,SEX_LABEL,AGE,AGE_LABEL,URBANISATION,URBANISATION_LABEL,UNIT_MEASURE,UNIT_MEASURE_LABEL,COMP_BREAKDOWN_1,COMP_BREAKDOWN_1_LABEL,COMP_BREAKDOWN_2,COMP_BREAKDOWN_2_LABEL,COMP_BREAKDOWN_3,COMP_BREAKDOWN_3_LABEL,TIME_PERIOD,OBS_VALUE,AGG_METHOD,AGG_METHOD_LABEL,DATABASE_ID,DATABASE_ID_LABEL,UNIT_MULT,UNIT_MULT_LABEL,UNIT_TYPE,UNIT_TYPE_LABEL,TIME_FORMAT,TIME_FORMAT_LABEL,OBS_STATUS,OBS_STATUS_LABEL,OBS_CONF,OBS_CONF_LABEL
datastructure,WB.DATA360:DS_DATA360(1.2),I,A,Annual,AFG,Afghanistan,ITU_DH_INV_COMP,Percentage of individuals using a computer (ITU),_T,Total,_T,All age ranges or no breakdown by age,_T,Total,PT_HH,Percentage of households,_Z,Not Applicable,_Z,Not Applicable,_Z,Not Applicable,2016,6.06059,MEAN,Mean,ITU_DH,ITU DataHub,0,Units,RATIO,Ratio,602,CCYY,A,Normal value,PU,Public
datastructure,WB.DATA360:DS_DATA360(1.2),I,A,Annual,DZA,Algeria,ITU_DH_INV_COMP,Percentage of individuals using a computer (ITU),_T,Total,_T,All age ranges or no breakdown by age,_T,Total,PT_HH,Percentage of households,_Z,Not Applicable,_Z,Not Applicable,_Z,Not Applicable,2018,33.2641,MEAN,Mean,ITU_DH,ITU DataHub,0,Units,RATIO,Ratio,602,CCYY,A,Normal value,PU,Public
datastructure,WB.DATA360:DS_DATA360(1.2),I,A,Annual,AND,Andorra,ITU_DH_INV_COMP,Percentage of individuals using a computer (ITU),_T,Total,_T,All age ranges or no breakdown by age,_T,Total,PT_HH,Percentage of households,_Z,Not Applicable,_Z,Not Applicable,_Z,Not Applicable,2000,36.15,MEAN,Mean,ITU_DH,ITU DataHub,0,Units,RATIO,Ratio,602,CCYY,A,Normal value,PU,Public
datastructure,WB.DATA360:DS_DATA360(1.2),I,A,Annual,ARG,Argentina,ITU_DH_INV_COMP,Percentage of individuals using a computer (ITU),_T,Total,_T,All age ranges or no breakdown by age,_T,Total,PT_HH,Percentage of households,_Z,Not Applicable,_Z,Not Applicable,_Z,Not Applicable,2010,53.2633,MEAN,Mean,ITU_DH,ITU DataHub,0,Units,RATIO,Ratio,602,CCYY,A,Normal value,PU,Public
datastructure,WB.DATA360:DS_DATA360(1.2),I,A,Annual,ARG,Argentina,ITU_DH_INV_COMP,Percentage of individuals using a computer (ITU),_T,Total,_T,All age ranges or no breakdown by age,_T,Total,PT_HH,Percentage of households,_Z,Not Applicable,_Z,Not Applicable,_Z,Not Applicable,2016,46.5533,MEAN,Mean,ITU_DH,ITU DataHub,0,Units,RATIO,Ratio,602,CCYY,A,Normal value,PU,Public
datastructure,WB.DATA360:DS_DATA360(1.2),I,A,Annual,ARG,Argentina,ITU_DH_INV_COMP,Percentage of individuals using a computer (ITU),_T,Total,_T,All age ranges or no breakdown by age,_T,Total,PT_HH,Percentage of households,_Z,Not Applicable,_Z,Not Applicable,_Z,Not Applicable,2017,44.8071,MEAN,Mean,ITU_DH,ITU DataHub,0,Units,RATIO,Ratio,602,CCYY,A,Normal value,PU,Public
datastructure,WB.DATA360:DS_DATA360(1.2),I,A,Annual,ARG,Argentina,ITU_DH_INV_COMP,Percentage of individuals using a computer (ITU),_T,Total,_T,All age ranges or no breakdown by age,_T,Total,PT_HH,Percentage of households,_Z,Not Applicable,_Z,Not Applicable,_Z,Not Applicable,2021,42.275,MEAN,Mean,ITU_DH,ITU DataHub,0,Units,RATIO,Ratio,602,CCYY,A,Normal value,PU,Public
datastructure,WB.DATA360:DS_DATA360(1.2),I,A,Annual,ARG,Argentina,ITU_DH_INV_COMP,Percentage of individuals using a computer (ITU),_T,Total,_T,All age ranges or no breakdown by age,_T,Total,PT_HH,Percentage of households,_Z,Not Applicable,_Z,Not Applicable,_Z,Not Applicable,2024,37.1398,MEAN,Mean,ITU_DH,ITU DataHub,0,Units,RATIO,Ratio,602,CCYY,A,Normal value,PU,Public
datastructure,WB.DATA360:DS_DATA360(1.2),I,A,Annual,ARM,Armenia,ITU_DH_INV_COMP,Percentage of individuals using a computer (ITU),_T,Total,_T,All age ranges or no breakdown by age,_T,Total,PT_HH,Percentage of households,_Z,Not Applicable,_Z,Not Applicable,_Z,Not Applicable,2016,67.9262,MEAN,Mean,ITU_DH,ITU DataHub,0,Units,RATIO,Ratio,602,CCYY,A,Normal value,PU,Public
datastructure,WB.DATA360:DS_DATA360(1.2),I,A,Annual,ARM,Armenia,ITU_DH_INV_COMP,Percentage of individuals using a computer (ITU),_T,Total,_T,All age ranges or no breakdown by age,_T,Total,PT_HH,Percentage of households,_Z,Not Applicable,_Z,Not Applicable,_Z,Not Applicable,2019,59.2648,MEAN,Mean,ITU_DH,ITU DataHub,0,Units,RATIO,Ratio,602,CCYY,A,Normal value,PU,Public
datastructure,WB.DATA360:DS_DATA360(1.2),I,A,Annual,ARM,Armenia,ITU_DH_INV_COMP,Percentage of individuals using a computer (ITU),_T,Total,_T,All age ranges or no breakdown by age,_T,Total,PT_HH,Percentage of households,_Z,Not Applicable,_Z,Not Applicable,_Z,Not Applicable,2020,58.1065,MEAN,Mean,ITU_DH,ITU DataHub,0,Units,RATIO,Ratio,602,CCYY,A,Normal value,PU,Public
datastructure,WB.DATA360:DS_DATA360(1.2),I,A,Annual,ARM,Armenia,ITU_DH_INV_COMP,Percentage of individuals using a computer (ITU),_T,Total,_T,All age ranges or no breakdown by age,_T,Total,PT_HH,Percentage of households,_Z,Not Applicable,_Z,Not Applicable,_Z,Not Applicable,2021,44.8158,MEAN,Mean,ITU_DH,ITU DataHub,0,Units,RATIO,Ratio,602,CCYY,A,Normal value,PU,Public
datastructure,WB.DATA360:DS_DATA360(1.2),I,A,Annual,ARM,Armenia,ITU_DH_INV_COMP,Percentage of individuals using a computer (ITU),_T,Total,_T,All age ranges or no breakdown by age,_T,Total,PT_HH,Percentage of households,_Z,Not Applicable,_Z,Not Applicable,_Z,Not Applicable,2022,38.6043,MEAN,Mean,ITU_DH,ITU DataHub,0,Units,RATIO,Ratio,602,CCYY,A,Normal value,PU,Public
datastructure,WB.DATA360:DS_DATA360(1.2),I,A,Annual,ARM,Armenia,ITU_DH_INV_COMP,Percentage of individuals using a computer (ITU),_T,Total,_T,All age ranges or no breakdown by age,_T,Total,PT_HH,Percentage of households,_Z,Not Applicable,_Z,Not Applicable,_Z,Not Applicable,2023,32.2505,MEAN,Mean,ITU_DH,ITU DataHub,0,Units,RATIO,Ratio,602,CCYY,A,Normal value,PU,Public
datastructure,WB.DATA360:DS_DATA360(1.2),I,A,Annual,SAU,Saudi Arabia,ITU_DH_INV_COMP,Percentage of individuals using a computer (ITU),_T,Total,_T,All age ranges or no breakdown by age,_T,Total,PT_HH,Percentage of households,_Z,Not Applicable,_Z,Not Applicable,_Z,Not Applicable,2016,55.4965,MEAN,Mean,ITU_DH,ITU DataHub,0,Units,RATIO,Ratio,602,CCYY,A,Normal value,PU,Public
datastructure,WB.DATA360:DS_DATA360(1.2),I,A,Annual,SAU,Saudi Arabia,ITU_DH_INV_COMP,Percentage of individuals using a computer (ITU),_T,Total,_T,All age ranges or no breakdown by age,_T,Total,PT_HH,Percentage of households,_Z,Not Applicable,_Z,Not Applicable,_Z,Not Applicable,2017,70.9,MEAN,Mean,ITU_DH,ITU DataHub,0,Units,RATIO,Ratio,602,CCYY,A,Normal value,PU,Public
datastructure,WB.DATA360:DS_DATA360(1.2),I,A,Annual,SAU,Saudi Arabia,ITU_DH_INV_COMP,Percentage of individuals using a computer (ITU),_T,Total,_T,All age ranges or no breakdown by age,_T,Total,PT_HH,Percentage of households,_Z,Not Applicable,_Z,Not Applicable,_Z,Not Applicable,2018,68.4329,MEAN,Mean,ITU_DH,ITU DataHub,0,Units,RATIO,Ratio,602,CCYY,A,Normal value,PU,Public
datastructure,WB.DATA360:DS_DATA360(1.2),I,A,Annual,SAU,Saudi Arabia,ITU_DH_INV_COMP,Percentage of individuals using a computer (ITU),_T,Total,_T,All age ranges or no breakdown by age,_T,Total,PT_HH,Percentage of households,_Z,Not Applicable,_Z,Not Applicable,_Z,Not Applicable,2019,67.7763,MEAN,Mean,ITU_DH,ITU DataHub,0,Units,RATIO,Ratio,602,CCYY,A,Normal value,PU,Public
datastructure,WB.DATA360:DS_DATA360(1.2),I,A,Annual,SAU,Saudi Arabia,ITU_DH_INV_COMP,Percentage of individuals using a computer (ITU),_T,Total,_T,All age ranges or no breakdown by age,_T,Total,PT_HH,Percentage of households,_Z,Not Applicable,_Z,Not Applicable,_Z,Not Applicable,2020,73.7932,MEAN,Mean,ITU_DH,ITU DataHub,0,Units,RATIO,Ratio,602,CCYY,A,Normal value,PU,Public
datastructure,WB.DATA360:DS_DATA360(1.2),I,A,Annual,SAU,Saudi Arabia,ITU_DH_INV_COMP,Percentage of individuals using a computer (ITU),_T,Total,_T,All age ranges or no breakdown by age,_T,Total,PT_HH,Percentage of households,_Z,Not Applicable,_Z,Not Applicable,_Z,Not Applicable,2021,86.5841,MEAN,Mean,ITU_DH,ITU DataHub,0,Units,RATIO,Ratio,602,CCYY,A,Normal value,PU,Public
datastructure,WB.DATA360:DS_DATA360(1.2),I,A,Annual,SAU,Saudi Arabia,ITU_DH_INV_COMP,Percentage of individuals using a computer (ITU),_T,Total,_T,All age ranges or no breakdown by age,_T,Total,PT_HH,Percentage of households,_Z,Not Applicable,_Z,Not Applicable,_Z,Not Applicable,2022,92.8,MEAN,Mean,ITU_DH,ITU DataHub,0,Units,RATIO,Ratio,602,CCYY,A,Normal value,PU,Public
datastructure,WB.DATA360:DS_DATA360(1.2),I,A,Annual,SAU,Saudi Arabia,ITU_DH_INV_COMP,Percentage of individuals using a computer (ITU),_T,Total,_T,All age ranges or no breakdown by age,_T,Total,PT_HH,Percentage of households,_Z,Not Applicable,_Z,Not Applicable,_Z,Not Applicable,2023,92.9,MEAN,Mean,ITU_DH,ITU DataHub,0,Units,RATIO,Ratio,602,CCYY,A,Normal value,PU,Public
datastructure,WB.DATA360:DS_DATA360(1.2),I,A,Annual,AUT,Austria,ITU_DH_INV_COMP,Percentage of individuals using a computer (ITU),_T,Total,_T,All age ranges or no breakdown by age,_T,Total,PT_HH,Percentage of households,_Z,Not Applicable,_Z,Not Applicable,_Z,Not Applicable,2002,48.456,MEAN,Mean,ITU_DH,ITU DataHub,0,Units,RATIO,Ratio,602,CCYY,A,Normal value,PU,Public
datastructure,WB.DATA360:DS_DATA360(1.2),I,A,Annual,AUT,Austria,ITU_DH_INV_COMP,Percentage of individuals using a computer (ITU),_T,Total,_T,All age ranges or no breakdown by age,_T,Total,PT_HH,Percentage of households,_Z,Not Applicable,_Z,Not Applicable,_Z,Not Applicable,2003,55.5421,MEAN,Mean,ITU_DH,ITU DataHub,0,Units,RATIO,Ratio,602,CCYY,A,Normal value,PU,Public
datastructure,WB.DATA360:DS_DATA360(1.2),I,A,Annual,AUT,Austria,ITU_DH_INV_COMP,Percentage of individuals using a computer (ITU),_T,Total,_T,All age ranges or no breakdown by age,_T,Total,PT_HH,Percentage of households,_Z,Not Applicable,_Z,Not Applicable,_Z,Not Applicable,2004,63.2778,MEAN,Mean,ITU_DH,ITU DataHub,0,Units,RATIO,Ratio,602,CCYY,A,Normal value,PU,Public
datastructure,WB.DATA360:DS_DATA360(1.2),I,A,Annual,AUT,Austria,ITU_DH_INV_COMP,Percentage of individuals using a computer (ITU),_T,Total,_T,All age ranges or no breakdown by age,_T,Total,PT_HH,Percentage of households,_Z,Not Applicable,_Z,Not Applicable,_Z,Not Applicable,2005,65.9997,MEAN,Mean,ITU_DH,ITU DataHub,0,Units,RATIO,Ratio,602,CCYY,A,Normal value,PU,Public
datastructure,WB.DATA360:DS_DATA360(1.2),I,A,Annual,AUT,Austria,ITU_DH_INV_COMP,Percentage of individuals using a computer (ITU),_T,Total,_T,All age ranges or no breakdown by age,_T,Total,PT_HH,Percentage of households,_Z,Not Applicable,_Z,Not Applicable,_Z,Not Applicable,2006,70.4884,MEAN,Mean,ITU_DH,ITU DataHub,0,Units,RATIO,Ratio,602,CCYY,A,Normal value,PU,Public
datastructure,WB.DATA360:DS_DATA360(1.2),I,A,Annual,AUT,Austria,ITU_DH_INV_COMP,Percentage of individuals using a computer (ITU),_T,Total,_T,All age ranges or no breakdown by age,_T,Total,PT_HH,Percentage of households,_Z,Not Applicable,_Z,Not Applicable,_Z,Not Applicable,2007,75.1856,MEAN,Mean,ITU_DH,ITU DataHub,0,Units,RATIO,Ratio,602,CCYY,A,Normal value,PU,Public
datastructure,WB.DATA360:DS_DATA360(1.2),I,A,Annual,AUT,Austria,ITU_DH_INV_COMP,Percentage of individuals using a computer (ITU),_T,Total,_T,All age ranges or no breakdown by age,_T,Total,PT_HH,Percentage of households,_Z,Not Applicable,_Z,Not Applicable,_Z,Not Applicable,2008,77.7087,MEAN,Mean,ITU_DH,ITU DataHub,0,Units,RATIO,Ratio,602,CCYY,A,Normal value,PU,Public
datastructure,WB.DATA360:DS_DATA360(1.2),I,A,Annual,AUT,Austria,ITU_DH_INV_COMP,Percentage of individuals using a computer (ITU),_T,Total,_T,All age ranges or no breakdown by age,_T,Total,PT_HH,Percentage of households,_Z,Not Applicable,_Z,Not Applicable,_Z,Not Applicable,2009,76.454,MEAN,Mean,ITU_DH,ITU DataHub,0,Units,RATIO,Ratio,602,CCYY,A,Normal value,PU,Public
datastructure,WB.DATA360:DS_DATA360(1.2),I,A,Annual,AUT,Austria,ITU_DH_INV_COMP,Percentage of individuals using a computer (ITU),_T,Total,_T,All age ranges or no breakdown by age,_T,Total,PT_HH,Percentage of households,_Z,Not Applicable,_Z,Not Applicable,_Z,Not Applicable,2010,77.7532,MEAN,Mean,ITU_DH,ITU DataHub,0,Units,RATIO,Ratio,602,CCYY,A,Normal value,PU,Public
datastructure,WB.DATA360:DS_DATA360(1.2),I,A,Annual,AUT,Austria,ITU_DH_INV_COMP,Percentage of individuals using a computer (ITU),_T,Total,_T,All age ranges or no breakdown by age,_T,Total,PT_HH,Percentage of households,_Z,Not Applicable,_Z,Not Applicable,_Z,Not Applicable,2011,80.78,MEAN,Mean,ITU_DH,ITU DataHub,0,Units,RATIO,Ratio,602,CCYY,A,Normal value,PU,Public
datastructure,WB.DATA360:DS_DATA360(1.2),I,A,Annual,AUT,Austria,ITU_DH_INV_COMP,Percentage of individuals using a computer (ITU),_T,Total,_T,All age ranges or no breakdown by age,_T,Total,PT_HH,Percentage of households,_Z,Not Applicable,_Z,Not Applicable,_Z,Not Applicable,2012,82.0021,MEAN,Mean,ITU_DH,ITU DataHub,0,Units,RATIO,Ratio,602,CCYY,A,Normal value,PU,Public
datastructure,WB.DATA360:DS_DATA360(1.2),I,A,Annual,AUT,Austria,ITU_DH_INV_COMP,Percentage of individuals using a computer (ITU),_T,Total,_T,All age ranges or no breakdown by age,_T,Total,PT_HH,Percentage of households,_Z,Not Applicable,_Z,Not Applicable,_Z,Not Applicable,2013,81.9876,MEAN,Mean,ITU_DH,ITU DataHub,0,Units,RATIO,Ratio,602,CCYY,A,Normal value,PU,Public
datastructure,WB.DATA360:DS_DATA360(1.2),I,A,Annual,AUT,Austria,ITU_DH_INV_COMP,Percentage of individuals using a computer (ITU),_T,Total,_T,All age ranges or no breakdown by age,_T,Total,PT_HH,Percentage of households,_Z,Not Applicable,_Z,Not Applicable,_Z,Not Applicable,2014,80.9768,MEAN,Mean,ITU_DH,ITU DataHub,0,Units,RATIO,Ratio,602,CCYY,A,Normal value,PU,Public
datastructure,WB.DATA360:DS_DATA360(1.2),I,A,Annual,AUT,Austria,ITU_DH_INV_COMP,Percentage of individuals using a computer (ITU),_T,Total,_T,All age ranges or no breakdown by age,_T,Total,PT_HH,Percentage of households,_Z,Not Applicable,_Z,Not Applicable,_Z,Not Applicable,2015,83.7915,MEAN,Mean,ITU_DH,ITU DataHub,0,Units,RATIO,Ratio,602,CCYY,A,Normal value,PU,Public
datastructure,WB.DATA360:DS_DATA360(1.2),I,A,Annual,AUT,Austria,ITU_DH_INV_COMP,Percentage of individuals using a computer (ITU),_T,Total,_T,All age ranges or no breakdown by age,_T,Total,PT_HH,Percentage of households,_Z,Not Applicable,_Z,Not Applicable,_Z,Not Applicable,2017,85.1962,MEAN,Mean,ITU_DH,ITU DataHub,0,Units,RATIO,Ratio,602,CCYY,A,Normal value,PU,Public
datastructure,WB.DATA360:DS_DATA360(1.2),I,A,Annual,AZE,Azerbaijan,ITU_DH_INV_COMP,Percentage of individuals using a computer (ITU),_T,Total,_T,All age ranges or no breakdown by age,_T,Total,PT_HH,Percentage of households,_Z,Not Applicable,_Z,Not Applicable,_Z,Not Applicable,2008,24.8033,MEAN,Mean,ITU_DH,ITU DataHub,0,Units,RATIO,Ratio,602,CCYY,A,Normal value,PU,Public
datastructure,WB.DATA360:DS_DATA360(1.2),I,A,Annual,AZE,Azerbaijan,ITU_DH_INV_COMP,Percentage of individuals using a computer (ITU),_T,Total,_T,All age ranges or no breakdown by age,_T,Total,PT_HH,Percentage of households,_Z,Not Applicable,_Z,Not Applicable,_Z,Not Applicable,2009,30.8,MEAN,Mean,ITU_DH,ITU DataHub,0,Units,RATIO,Ratio,602,CCYY,A,Normal value,PU,Public
datastructure,WB.DATA360:DS_DATA360(1.2),I,A,Annual,AZE,Azerbaijan,ITU_DH_INV_COMP,Percentage of individuals using a computer (ITU),_T,Total,_T,All age ranges or no breakdown by age,_T,Total,PT_HH,Percentage of households,_Z,Not Applicable,_Z,Not Applicable,_Z,Not Applicable,2010,38.0138,MEAN,Mean,ITU_DH,ITU DataHub,0,Units,RATIO,Ratio,602,CCYY,A,Normal value,PU,Public
datastructure,WB.DATA360:DS_DATA360(1.2),I,A,Annual,AZE,Azerbaijan,ITU_DH_INV_COMP,Percentage of individuals using a computer (ITU),_T,Total,_T,All age ranges or no breakdown by age,_T,Total,PT_HH,Percentage of households,_Z,Not Applicable,_Z,Not Applicable,_Z,Not Applicable,2017,71.7,MEAN,Mean,ITU_DH,ITU DataHub,0,Units,RATIO,Ratio,602,CCYY,A,Normal value,PU,Public
datastructure,WB.DATA360:DS_DATA360(1.2),I,A,Annual,AZE,Azerbaijan,ITU_DH_INV_COMP,Percentage of individuals using a computer (ITU),_T,Total,_T,All age ranges or no breakdown by age,_T,Total,PT_HH,Percentage of households,_Z,Not Applicable,_Z,Not Applicable,_Z,Not Applicable,2018,71.7,MEAN,Mean,ITU_DH,ITU DataHub,0,Units,RATIO,Ratio,602,CCYY,A,Normal value,PU,Public
datastructure,WB.DATA360:DS_DATA360(1.2),I,A,Annual,AZE,Azerbaijan,ITU_DH_INV_COMP,Percentage of individuals using a computer (ITU),_T,Total,_T,All age ranges or no breakdown by age,_T,Total,PT_HH,Percentage of households,_Z,Not Applicable,_Z,Not Applicable,_Z,Not Applicable,2019,74.1,MEAN,Mean,ITU_DH,ITU DataHub,0,Units,RATIO,Ratio,602,CCYY,A,Normal value,PU,Public
datastructure,WB.DATA360:DS_DATA360(1.2),I,A,Annual,AZE,Azerbaijan,ITU_DH_INV_COMP,Percentage of individuals using a computer (ITU),_T,Total,_T,All age ranges or no breakdown by age,_T,Total,PT_HH,Percentage of households,_Z,Not Applicable,_Z,Not Applicable,_Z,Not Applicable,2020,77.5,MEAN,Mean,ITU_DH,ITU DataHub,0,Units,RATIO,Ratio,602,CCYY,A,Normal value,PU,Public
datastructure,WB.DATA360:DS_DATA360(1.2),I,A,Annual,AZE,Azerbaijan,ITU_DH_INV_COMP,Percentage of individuals using a computer (ITU),_T,Total,_T,All age ranges or no breakdown by age,_T,Total,PT_HH,Percentage of households,_Z,Not Applicable,_Z,Not Applicable,_Z,Not Applicable,2021,79.8,MEAN,Mean,ITU_DH,ITU DataHub,0,Units,RATIO,Ratio,602,CCYY,A,Normal value,PU,Public
datastructure,WB.DATA360:DS_DATA360(1.2),I,A,Annual,AZE,Azerbaijan,ITU_DH_INV_COMP,Percentage of individuals using a computer (ITU),_T,Total,_T,All age ranges or no breakdown by age,_T,Total,PT_HH,Percentage of households,_Z,Not Applicable,_Z,Not Applicable,_Z,Not Applicable,2022,81.5,MEAN,Mean,ITU_DH,ITU DataHub,0,Units,RATIO,Ratio,602,CCYY,A,Normal value,PU,Public
datastructure,WB.DATA360:DS_DATA360(1.2),I,A,Annual,AZE,Azerbaijan,ITU_DH_INV_COMP,Percentage of individuals using a computer (ITU),_T,Total,_T,All age ranges or no breakdown by age,_T,Total,PT_HH,Percentage of households,_Z,Not Applicable,_Z,Not Applicable,_Z,Not Applicable,2023,82.6,MEAN,Mean,ITU_DH,ITU DataHub,0,Units,RATIO,Ratio,602,CCYY,A,Normal value,PU,Public
datastructure,WB.DATA360:DS_DATA360(1.2),I,A,Annual,BRA,Brazil,ITU_DH_INV_COMP,Percentage of individuals using a computer (ITU),_T,Total,_T,All age ranges or no breakdown by age,_T,Total,PT_HH,Percentage of households,_Z,Not Applicable,_Z,Not Applicable,_Z,Not Applicable,2009,43.3148,MEAN,Mean,ITU_DH,ITU DataHub,0,Units,RATIO,Ratio,602,CCYY,A,Normal value,PU,Public
datastructure,WB.DATA360:DS_DATA360(1.2),I,A,Annual,BRA,Brazil,ITU_DH_INV_COMP,Percentage of individuals using a computer (ITU),_T,Total,_T,All age ranges or no breakdown by age,_T,Total,PT_HH,Percentage of households,_Z,Not Applicable,_Z,Not Applicable,_Z,Not Applicable,2010,44.1165,MEAN,Mean,ITU_DH,ITU DataHub,0,Units,RATIO,Ratio,602,CCYY,A,Normal value,PU,Public
datastructure,WB.DATA360:DS_DATA360(1.2),I,A,Annual,BRA,Brazil,ITU_DH_INV_COMP,Percentage of individuals using a computer (ITU),_T,Total,_T,All age ranges or no breakdown by age,_T,Total,PT_HH,Percentage of households,_Z,Not Applicable,_Z,Not Applicable,_Z,Not Applicable,2013,51.3816,MEAN,Mean,ITU_DH,ITU DataHub,0,Units,RATIO,Ratio,602,CCYY,A,Normal value,PU,Public
datastructure,WB.DATA360:DS_DATA360(1.2),I,A,Annual,BRA,Brazil,ITU_DH_INV_COMP,Percentage of individuals using a computer (ITU),_T,Total,_T,All age ranges or no breakdown by age,_T,Total,PT_HH,Percentage of households,_Z,Not Applicable,_Z,Not Applicable,_Z,Not Applicable,2014,49.5499,MEAN,Mean,ITU_DH,ITU DataHub,0,Units,RATIO,Ratio,602,CCYY,A,Normal value,PU,Public
datastructure,WB.DATA360:DS_DATA360(1.2),I,A,Annual,BRA,Brazil,ITU_DH_INV_COMP,Percentage of individuals using a computer (ITU),_T,Total,_T,All age ranges or no breakdown by age,_T,Total,PT_HH,Percentage of households,_Z,Not Applicable,_Z,Not Applicable,_Z,Not Applicable,2016,16.1768,MEAN,Mean,ITU_DH,ITU DataHub,0,Units,RATIO,Ratio,602,CCYY,A,Normal value,PU,Public
datastructure,WB.DATA360:DS_DATA360(1.2),I,A,Annual,BRA,Brazil,ITU_DH_INV_COMP,Percentage of individuals using a computer (ITU),_T,Total,_T,All age ranges or no breakdown by age,_T,Total,PT_HH,Percentage of households,_Z,Not Applicable,_Z,Not Applicable,_Z,Not Applicable,2017,42.4022,MEAN,Mean,ITU_DH,ITU DataHub,0,Units,RATIO,Ratio,602,CCYY,A,Normal value,PU,Public
datastructure,WB.DATA360:DS_DATA360(1.2),I,A,Annual,BRA,Brazil,ITU_DH_INV_COMP,Percentage of individuals using a computer (ITU),_T,Total,_T,All age ranges or no breakdown by age,_T,Total,PT_HH,Percentage of households,_Z,Not Applicable,_Z,Not Applicable,_Z,Not Applicable,2018,38.6467,MEAN,Mean,ITU_DH,ITU DataHub,0,Units,RATIO,Ratio,602,CCYY,A,Normal value,PU,Public
datastructure,WB.DATA360:DS_DATA360(1.2),I,A,Annual,BRA,Brazil,ITU_DH_INV_COMP,Percentage of individuals using a computer (ITU),_T,Total,_T,All age ranges or no breakdown by age,_T,Total,PT_HH,Percentage of households,_Z,Not Applicable,_Z,Not Applicable,_Z,Not Applicable,2019,31.2166,MEAN,Mean,ITU_DH,ITU DataHub,0,Units,RATIO,Ratio,602,CCYY,A,Normal value,PU,Public
datastructure,WB.DATA360:DS_DATA360(1.2),I,A,Annual,BRA,Brazil,ITU_DH_INV_COMP,Percentage of individuals using a computer (ITU),_T,Total,_T,All age ranges or no breakdown by age,_T,Total,PT_HH,Percentage of households,_Z,Not Applicable,_Z,Not Applicable,_Z,Not Applicable,2020,39.8888,MEAN,Mean,ITU_DH,ITU DataHub,0,Units,RATIO,Ratio,602,CCYY,A,Normal value,PU,Public
datastructure,WB.DATA360:DS_DATA360(1.2),I,A,Annual,BRA,Brazil,ITU_DH_INV_COMP,Percentage of individuals using a computer (ITU),_T,Total,_T,All age ranges or no breakdown by age,_T,Total,PT_HH,Percentage of households,_Z,Not Applicable,_Z,Not Applicable,_Z,Not Applicable,2021,34.1998,MEAN,Mean,ITU_DH,ITU DataHub,0,Units,RATIO,Ratio,602,CCYY,A,Normal value,PU,Public
datastructure,WB.DATA360:DS_DATA360(1.2),I,A,Annual,BRA,Brazil,ITU_DH_INV_COMP,Percentage of individuals using a computer (ITU),_T,Total,_T,All age ranges or no breakdown by age,_T,Total,PT_HH,Percentage of households,_Z,Not Applicable,_Z,Not Applicable,_Z,Not Applicable,2022,37.5623,MEAN,Mean,ITU_DH,ITU DataHub,0,Units,RATIO,Ratio,602,CCYY,A,Normal value,PU,Public
datastructure,WB.DATA360:DS_DATA360(1.2),I,A,Annual,BRA,Brazil,ITU_DH_INV_COMP,Percentage of individuals using a computer (ITU),_T,Total,_T,All age ranges or no breakdown by age,_T,Total,PT_HH,Percentage of households,_Z,Not Applicable,_Z,Not Applicable,_Z,Not Applicable,2023,39.9496,MEAN,Mean,ITU_DH,ITU DataHub,0,Units,RATIO,Ratio,602,CCYY,A,Normal value,PU,Public
datastructure,WB.DATA360:DS_DATA360(1.2),I,A,Annual,BRA,Brazil,ITU_DH_INV_COMP,Percentage of individuals using a computer (ITU),_T,Total,_T,All age ranges or no breakdown by age,_T,Total,PT_HH,Percentage of households,_Z,Not Applicable,_Z,Not Applicable,_Z,Not Applicable,2024,38.6693,MEAN,Mean,ITU_DH,ITU DataHub,0,Units,RATIO,Ratio,602,CCYY,A,Normal value,PU,Public
datastructure,WB.DATA360:DS_DATA360(1.2),I,A,Annual,BDI,Burundi,ITU_DH_INV_COMP,Percentage of individuals using a computer (ITU),_T,Total,_T,All age ranges or no breakdown by age,_T,Total,PT_HH,Percentage of households,_Z,Not Applicable,_Z,Not Applicable,_Z,Not Applicable,2013,1.72095,MEAN,Mean,ITU_DH,ITU DataHub,0,Units,RATIO,Ratio,602,CCYY,A,Normal value,PU,Public
datastructure,WB.DATA360:DS_DATA360(1.2),I,A,Annual,BDI,Burundi,ITU_DH_INV_COMP,Percentage of individuals using a computer (ITU),_T,Total,_T,All age ranges or no breakdown by age,_T,Total,PT_HH,Percentage of households,_Z,Not Applicable,_Z,Not Applicable,_Z,Not Applicable,2014,1.41899,MEAN,Mean,ITU_DH,ITU DataHub,0,Units,RATIO,Ratio,602,CCYY,A,Normal value,PU,Public
datastructure,WB.DATA360:DS_DATA360(1.2),I,A,Annual,BEL,Belgium,ITU_DH_INV_COMP,Percentage of individuals using a computer (ITU),_T,Total,_T,All age ranges or no breakdown by age,_T,Total,PT_HH,Percentage of households,_Z,Not Applicable,_Z,Not Applicable,_Z,Not Applicable,2006,68.6095,MEAN,Mean,ITU_DH,ITU DataHub,0,Units,RATIO,Ratio,602,CCYY,A,Normal value,PU,Public
datastructure,WB.DATA360:DS_DATA360(1.2),I,A,Annual,BEL,Belgium,ITU_DH_INV_COMP,Percentage of individuals using a computer (ITU),_T,Total,_T,All age ranges or no breakdown by age,_T,Total,PT_HH,Percentage of households,_Z,Not Applicable,_Z,Not Applicable,_Z,Not Applicable,2007,72.135,MEAN,Mean,ITU_DH,ITU DataHub,0,Units,RATIO,Ratio,602,CCYY,A,Normal value,PU,Public
datastructure,WB.DATA360:DS_DATA360(1.2),I,A,Annual,BEL,Belgium,ITU_DH_INV_COMP,Percentage of individuals using a computer (ITU),_T,Total,_T,All age ranges or no breakdown by age,_T,Total,PT_HH,Percentage of households,_Z,Not Applicable,_Z,Not Applicable,_Z,Not Applicable,2008,73.6336,MEAN,Mean,ITU_DH,ITU DataHub,0,Units,RATIO,Ratio,602,CCYY,A,Normal value,PU,Public
datastructure,WB.DATA360:DS_DATA360(1.2),I,A,Annual,BEL,Belgium,ITU_DH_INV_COMP,Percentage of individuals using a computer (ITU),_T,Total,_T,All age ranges or no breakdown by age,_T,Total,PT_HH,Percentage of households,_Z,Not Applicable,_Z,Not Applicable,_Z,Not Applicable,2009,77.0313,MEAN,Mean,ITU_DH,ITU DataHub,0,Units,RATIO,Ratio,602,CCYY,A,Normal value,PU,Public
datastructure,WB.DATA360:DS_DATA360(1.2),I,A,Annual,BEL,Belgium,ITU_DH_INV_COMP,Percentage of individuals using a computer (ITU),_T,Total,_T,All age ranges or no breakdown by age,_T,Total,PT_HH,Percentage of households,_Z,Not Applicable,_Z,Not Applicable,_Z,Not Applicable,2010,80.1499,MEAN,Mean,ITU_DH,ITU DataHub,0,Units,RATIO,Ratio,602,CCYY,A,Normal value,PU,Public
datastructure,WB.DATA360:DS_DATA360(1.2),I,A,Annual,BEL,Belgium,ITU_DH_INV_COMP,Percentage of individuals using a computer (ITU),_T,Total,_T,All age ranges or no breakdown by age,_T,Total,PT_HH,Percentage of households,_Z,Not Applicable,_Z,Not Applicable,_Z,Not Applicable,2011,81.55,MEAN,Mean,ITU_DH,ITU DataHub,0,Units,RATIO,Ratio,602,CCYY,A,Normal value,PU,Public
datastructure,WB.DATA360:DS_DATA360(1.2),I,A,Annual,BEL,Belgium,ITU_DH_INV_COMP,Percentage of individuals using a computer (ITU),_T,Total,_T,All age ranges or no breakdown by age,_T,Total,PT_HH,Percentage of households,_Z,Not Applicable,_Z,Not Applicable,_Z,Not Applicable,2012,81.7941,MEAN,Mean,ITU_DH,ITU DataHub,0,Units,RATIO,Ratio,602,CCYY,A,Normal value,PU,Public
datastructure,WB.DATA360:DS_DATA360(1.2),I,A,Annual,BEL,Belgium,ITU_DH_INV_COMP,Percentage of individuals using a computer (ITU),_T,Total,_T,All age ranges or no breakdown by age,_T,Total,PT_HH,Percentage of households,_Z,Not Applicable,_Z,Not Applicable,_Z,Not Applicable,2013,83.16,MEAN,Mean,ITU_DH,ITU DataHub,0,Units,RATIO,Ratio,602,CCYY,A,Normal value,PU,Public
datastructure,WB.DATA360:DS_DATA360(1.2),I,A,Annual,BEL,Belgium,ITU_DH_INV_COMP,Percentage of individuals using a computer (ITU),_T,Total,_T,All age ranges or no breakdown by age,_T,Total,PT_HH,Percentage of households,_Z,Not Applicable,_Z,Not Applicable,_Z,Not Applicable,2014,85.2466,MEAN,Mean,ITU_DH,ITU DataHub,0,Units,RATIO,Ratio,602,CCYY,A,Normal value,PU,Public
datastructure,WB.DATA360:DS_DATA360(1.2),I,A,Annual,BEL,Belgium,ITU_DH_INV_COMP,Percentage of individuals using a computer (ITU),_T,Total,_T,All age ranges or no breakdown by age,_T,Total,PT_HH,Percentage of households,_Z,Not Applicable,_Z,Not Applicable,_Z,Not Applicable,2015,84.4983,MEAN,Mean,ITU_DH,ITU DataHub,0,Units,RATIO,Ratio,602,CCYY,A,Normal value,PU,Public
datastructure,WB.DATA360:DS_DATA360(1.2),I,A,Annual,BEL,Belgium,ITU_DH_INV_COMP,Percentage of individuals using a computer (ITU),_T,Total,_T,All age ranges or no breakdown by age,_T,Total,PT_HH,Percentage of households,_Z,Not Applicable,_Z,Not Applicable,_Z,Not Applicable,2016,84.8464,MEAN,Mean,ITU_DH,ITU DataHub,0,Units,RATIO,Ratio,602,CCYY,A,Normal value,PU,Public
datastructure,WB.DATA360:DS_DATA360(1.2),I,A,Annual,BEL,Belgium,ITU_DH_INV_COMP,Percentage of individuals using a computer (ITU),_T,Total,_T,All age ranges or no breakdown by age,_T,Total,PT_HH,Percentage of households,_Z,Not Applicable,_Z,Not Applicable,_Z,Not Applicable,2017,85.3528,MEAN,Mean,ITU_DH,ITU DataHub,0,Units,RATIO,Ratio,602,CCYY,A,Normal value,PU,Public
datastructure,WB.DATA360:DS_DATA360(1.2),I,A,Annual,BEL,Belgium,ITU_DH_INV_COMP,Percentage of individuals using a computer (ITU),_T,Total,_T,All age ranges or no breakdown by age,_T,Total,PT_HH,Percentage of households,_Z,Not Applicable,_Z,Not Applicable,_Z,Not Applicable,2023,80.6911,MEAN,Mean,ITU_DH,ITU DataHub,0,Units,RATIO,Ratio,602,CCYY,A,Normal value,PU,Public
datastructure,WB.DATA360:DS_DATA360(1.2),I,A,Annual,BGD,Bangladesh,ITU_DH_INV_COMP,Percentage of individuals using a computer (ITU),_T,Total,_T,All age ranges or no breakdown by age,_T,Total,PT_HH,Percentage of households,_Z,Not Applicable,_Z,Not Applicable,_Z,Not Applicable,2013,5.55833,MEAN,Mean,ITU_DH,ITU DataHub,0,Units,RATIO,Ratio,602,CCYY,A,Normal value,PU,Public
datastructure,WB.DATA360:DS_DATA360(1.2),I,A,Annual,BGD,Bangladesh,ITU_DH_INV_COMP,Percentage of individuals using a computer (ITU),_T,Total,_T,All age ranges or no breakdown by age,_T,Total,PT_HH,Percentage of households,_Z,Not Applicable,_Z,Not Applicable,_Z,Not Applicable,2021,7.4412,MEAN,Mean,ITU_DH,ITU DataHub,0,Units,RATIO,Ratio,602,CCYY,A,Normal value,PU,Public
datastructure,WB.DATA360:DS_DATA360(1.2),I,A,Annual,BGD,Bangladesh,ITU_DH_INV_COMP,Percentage of individuals using a computer (ITU),_T,Total,_T,All age ranges or no breakdown by age,_T,Total,PT_HH,Percentage of households,_Z,Not Applicable,_Z,Not Applicable,_Z,Not Applicable,2023,7.94333,MEAN,Mean,ITU_DH,ITU DataHub,0,Units,RATIO,Ratio,602,CCYY,A,Normal value,PU,Public
datastructure,WB.DATA360:DS_DATA360(1.2),I,A,Annual,BHR,Bahrain,ITU_DH_INV_COMP,Percentage of individuals using a computer (ITU),_T,Total,_T,All age ranges or no breakdown by age,_T,Total,PT_HH,Percentage of households,_Z,Not Applicable,_Z,Not Applicable,_Z,Not Applicable,2008,71.9999,MEAN,Mean,ITU_DH,ITU DataHub,0,Units,RATIO,Ratio,602,CCYY,A,Normal value,PU,Public
datastructure,WB.DATA360:DS_DATA360(1.2),I,A,Annual,BHR,Bahrain,ITU_DH_INV_COMP,Percentage of individuals using a computer (ITU),_T,Total,_T,All age ranges or no breakdown by age,_T,Total,PT_HH,Percentage of households,_Z,Not Applicable,_Z,Not Applicable,_Z,Not Applicable,2011,76.0,MEAN,Mean,ITU_DH,ITU DataHub,0,Units,RATIO,Ratio,602,CCYY,A,Normal value,PU,Public
datastructure,WB.DATA360:DS_DATA360(1.2),I,A,Annual,BHR,Bahrain,ITU_DH_INV_COMP,Percentage of individuals using a computer (ITU),_T,Total,_T,All age ranges or no breakdown by age,_T,Total,PT_HH,Percentage of households,_Z,Not Applicable,_Z,Not Applicable,_Z,Not Applicable,2012,78.28,MEAN,Mean,ITU_DH,ITU DataHub,0,Units,RATIO,Ratio,602,CCYY,A,Normal value,PU,Public
datastructure,WB.DATA360:DS_DATA360(1.2),I,A,Annual,BHR,Bahrain,ITU_DH_INV_COMP,Percentage of individuals using a computer (ITU),_T,Total,_T,All age ranges or no breakdown by age,_T,Total,PT_HH,Percentage of households,_Z,Not Applicable,_Z,Not Applicable,_Z,Not Applicable,2013,79.1529,MEAN,Mean,ITU_DH,ITU DataHub,0,Units,RATIO,Ratio,602,CCYY,A,Normal value,PU,Public
datastructure,WB.DATA360:DS_DATA360(1.2),I,A,Annual,BHR,Bahrain,ITU_DH_INV_COMP,Percentage of individuals using a computer (ITU),_T,Total,_T,All age ranges or no breakdown by age,_T,Total,PT_HH,Percentage of households,_Z,Not Applicable,_Z,Not Applicable,_Z,Not Applicable,2014,79.1528,MEAN,Mean,ITU_DH,ITU DataHub,0,Units,RATIO,Ratio,602,CCYY,A,Normal value,PU,Public
datastructure,WB.DATA360:DS_DATA360(1.2),I,A,Annual,BHR,Bahrain,ITU_DH_INV_COMP,Percentage of individuals using a computer (ITU),_T,Total,_T,All age ranges or no breakdown by age,_T,Total,PT_HH,Percentage of households,_Z,Not Applicable,_Z,Not Applicable,_Z,Not Applicable,2015,71.3211,MEAN,Mean,ITU_DH,ITU DataHub,0,Units,RATIO,Ratio,602,CCYY,A,Normal value,PU,Public
datastructure,WB.DATA360:DS_DATA360(1.2),I,A,Annual,BHR,Bahrain,ITU_DH_INV_COMP,Percentage of individuals using a computer (ITU),_T,Total,_T,All age ranges or no breakdown by age,_T,Total,PT_HH,Percentage of households,_Z,Not Applicable,_Z,Not Applicable,_Z,Not Applicable,2019,94.7525,MEAN,Mean,ITU_DH,ITU DataHub,0,Units,RATIO,Ratio,602,CCYY,A,Normal value,PU,Public
datastructure,WB.DATA360:DS_DATA360(1.2),I,A,Annual,BHR,Bahrain,ITU_DH_INV_COMP,Percentage of individuals using a computer (ITU),_T,Total,_T,All age ranges or no breakdown by age,_T,Total,PT_HH,Percentage of households,_Z,Not Applicable,_Z,Not Applicable,_Z,Not Applicable,2020,95.0,MEAN,Mean,ITU_DH,ITU DataHub,0,Units,RATIO,Ratio,602,CCYY,A,Normal value,PU,Public
datastructure,WB.DATA360:DS_DATA360(1.2),I,A,Annual,BHR,Bahrain,ITU_DH_INV_COMP,Percentage of individuals using a computer (ITU),_T,Total,_T,All age ranges or no breakdown by age,_T,Total,PT_HH,Percentage of households,_Z,Not Applicable,_Z,Not Applicable,_Z,Not Applicable,2021,95.0,MEAN,Mean,ITU_DH,ITU DataHub,0,Units,RATIO,Ratio,602,CCYY,A,Normal value,PU,Public
datastructure,WB.DATA360:DS_DATA360(1.2),I,A,Annual,BHR,Bahrain,ITU_DH_INV_COMP,Percentage of individuals using a computer (ITU),_T,Total,_T,All age ranges or no breakdown by age,_T,Total,PT_HH,Percentage of households,_Z,Not Applicable,_Z,Not Applicable,_Z,Not Applicable,2022,97.0,MEAN,Mean,ITU_DH,ITU DataHub,0,Units,RATIO,Ratio,602,CCYY,A,Normal value,PU,Public
datastructure,WB.DATA360:DS_DATA360(1.2),I,A,Annual,BLR,Belarus,ITU_DH_INV_COMP,Percentage of individuals using a computer (ITU),_T,Total,_T,All age ranges or no breakdown by age,_T,Total,PT_HH,Percentage of households,_Z,Not Applicable,_Z,Not Applicable,_Z,Not Applicable,2013,56.4332,MEAN,Mean,ITU_DH,ITU DataHub,0,Units,RATIO,Ratio,602,CCYY,A,Normal value,PU,Public
datastructure,WB.DATA360:DS_DATA360(1.2),I,A,Annual,BLR,Belarus,ITU_DH_INV_COMP,Percentage of individuals using a computer (ITU),_T,Total,_T,All age ranges or no breakdown by age,_T,Total,PT_HH,Percentage of households,_Z,Not Applicable,_Z,Not Applicable,_Z,Not Applicable,2014,61.2154,MEAN,Mean,ITU_DH,ITU DataHub,0,Units,RATIO,Ratio,602,CCYY,A,Normal value,PU,Public
datastructure,WB.DATA360:DS_DATA360(1.2),I,A,Annual,BLR,Belarus,ITU_DH_INV_COMP,Percentage of individuals using a computer (ITU),_T,Total,_T,All age ranges or no breakdown by age,_T,Total,PT_HH,Percentage of households,_Z,Not Applicable,_Z,Not Applicable,_Z,Not Applicable,2015,63.6207,MEAN,Mean,ITU_DH,ITU DataHub,0,Units,RATIO,Ratio,602,CCYY,A,Normal value,PU,Public
datastructure,WB.DATA360:DS_DATA360(1.2),I,A,Annual,BLR,Belarus,ITU_DH_INV_COMP,Percentage of individuals using a computer (ITU),_T,Total,_T,All age ranges or no breakdown by age,_T,Total,PT_HH,Percentage of households,_Z,Not Applicable,_Z,Not Applicable,_Z,Not Applicable,2016,71.5508,MEAN,Mean,ITU_DH,ITU DataHub,0,Units,RATIO,Ratio,602,CCYY,A,Normal value,PU,Public
datastructure,WB.DATA360:DS_DATA360(1.2),I,A,Annual,BLR,Belarus,ITU_DH_INV_COMP,Percentage of individuals using a computer (ITU),_T,Total,_T,All age ranges or no breakdown by age,_T,Total,PT_HH,Percentage of households,_Z,Not Applicable,_Z,Not Applicable,_Z,Not Applicable,2017,72.4136,MEAN,Mean,ITU_DH,ITU DataHub,0,Units,RATIO,Ratio,602,CCYY,A,Normal value,PU,Public
datastructure,WB.DATA360:DS_DATA360(1.2),I,A,Annual,BLR,Belarus,ITU_DH_INV_COMP,Percentage of individuals using a computer (ITU),_T,Total,_T,All age ranges or no breakdown by age,_T,Total,PT_HH,Percentage of households,_Z,Not Applicable,_Z,Not Applicable,_Z,Not Applicable,2018,73.5053,MEAN,Mean,ITU_DH,ITU DataHub,0,Units,RATIO,Ratio,602,CCYY,A,Normal value,PU,Public
datastructure,WB.DATA360:DS_DATA360(1.2),I,A,Annual,BLR,Belarus,ITU_DH_INV_COMP,Percentage of individuals using a computer (ITU),_T,Total,_T,All age ranges or no breakdown by age,_T,Total,PT_HH,Percentage of households,_Z,Not Applicable,_Z,Not Applicable,_Z,Not Applicable,2019,75.323,MEAN,Mean,ITU_DH,ITU DataHub,0,Units,RATIO,Ratio,602,CCYY,A,Normal value,PU,Public
datastructure,WB.DATA360:DS_DATA360(1.2),I,A,Annual,BLR,Belarus,ITU_DH_INV_COMP,Percentage of individuals using a computer (ITU),_T,Total,_T,All age ranges or no breakdown by age,_T,Total,PT_HH,Percentage of households,_Z,Not Applicable,_Z,Not Applicable,_Z,Not Applicable,2020,73.1594,MEAN,Mean,ITU_DH,ITU DataHub,0,Units,RATIO,Ratio,602,CCYY,A,Normal value,PU,Public
datastructure,WB.DATA360:DS_DATA360(1.2),I,A,Annual,BLR,Belarus,ITU_DH_INV_COMP,Percentage of individuals using a computer (ITU),_T,Total,_T,All age ranges or no breakdown by age,_T,Total,PT_HH,Percentage of households,_Z,Not Applicable,_Z,Not Applicable,_Z,Not Applicable,2021,70.5772,MEAN,Mean,ITU_DH,ITU DataHub,0,Units,RATIO,Ratio,602,CCYY,A,Normal value,PU,Public
datastructure,WB.DATA360:DS_DATA360(1.2),I,A,Annual,BLR,Belarus,ITU_DH_INV_COMP,Percentage of individuals using a computer (ITU),_T,Total,_T,All age ranges or no breakdown by age,_T,Total,PT_HH,Percentage of households,_Z,Not Applicable,_Z,Not Applicable,_Z,Not Applicable,2022,70.7275,MEAN,Mean,ITU_DH,ITU DataHub,0,Units,RATIO,Ratio,602,CCYY,A,Normal value,PU,Public
datastructure,WB.DATA360:DS_DATA360(1.2),I,A,Annual,BLR,Belarus,ITU_DH_INV_COMP,Percentage of individuals using a computer (ITU),_T,Total,_T,All age ranges or no breakdown by age,_T,Total,PT_HH,Percentage of households,_Z,Not Applicable,_Z,Not Applicable,_Z,Not Applicable,2023,70.8418,MEAN,Mean,ITU_DH,ITU DataHub,0,Units,RATIO,Ratio,602,CCYY,A,Normal value,PU,Public
datastructure,WB.DATA360:DS_DATA360(1.2),I,A,Annual,BLR,Belarus,ITU_DH_INV_COMP,Percentage of individuals using a computer (ITU),_T,Total,_T,All age ranges or no breakdown by age,_T,Total,PT_HH,Percentage of households,_Z,Not Applicable,_Z,Not Applicable,_Z,Not Applicable,2024,71.4403,MEAN,Mean,ITU_DH,ITU DataHub,0,Units,RATIO,Ratio,602,CCYY,A,Normal value,PU,Public
datastructure,WB.DATA360:DS_DATA360(1.2),I,A,Annual,BOL,Bolivia,ITU_DH_INV_COMP,Percentage of individuals using a computer (ITU),_T,Total,_T,All age ranges or no breakdown by age,_T,Total,PT_HH,Percentage of households,_Z,Not Applicable,_Z,Not Applicable,_Z,Not Applicable,2009,35.6059,MEAN,Mean,ITU_DH,ITU DataHub,0,Units,RATIO,Ratio,602,CCYY,A,Normal value,PU,Public
datastructure,WB.DATA360:DS_DATA360(1.2),I,A,Annual,BOL,Bolivia,ITU_DH_INV_COMP,Percentage of individuals using a computer (ITU),_T,Total,_T,All age ranges or no breakdown by age,_T,Total,PT_HH,Percentage of households,_Z,Not Applicable,_Z,Not Applicable,_Z,Not Applicable,2013,40.9579,MEAN,Mean,ITU_DH,ITU DataHub,0,Units,RATIO,Ratio,602,CCYY,A,Normal value,PU,Public
datastructure,WB.DATA360:DS_DATA360(1.2),I,A,Annual,BOL,Bolivia,ITU_DH_INV_COMP,Percentage of individuals using a computer (ITU),_T,Total,_T,All age ranges or no breakdown by age,_T,Total,PT_HH,Percentage of households,_Z,Not Applicable,_Z,Not Applicable,_Z,Not Applicable,2014,35.9407,MEAN,Mean,ITU_DH,ITU DataHub,0,Units,RATIO,Ratio,602,CCYY,A,Normal value,PU,Public
datastructure,WB.DATA360:DS_DATA360(1.2),I,A,Annual,BOL,Bolivia,ITU_DH_INV_COMP,Percentage of individuals using a computer (ITU),_T,Total,_T,All age ranges or no breakdown by age,_T,Total,PT_HH,Percentage of households,_Z,Not Applicable,_Z,Not Applicable,_Z,Not Applicable,2018,29.71,MEAN,Mean,ITU_DH,ITU DataHub,0,Units,RATIO,Ratio,602,CCYY,A,Normal value,PU,Public
datastructure,WB.DATA360:DS_DATA360(1.2),I,A,Annual,BOL,Bolivia,ITU_DH_INV_COMP,Percentage of individuals using a computer (ITU),_T,Total,_T,All age ranges or no breakdown by age,_T,Total,PT_HH,Percentage of households,_Z,Not Applicable,_Z,Not Applicable,_Z,Not Applicable,2019,29.387,MEAN,Mean,ITU_DH,ITU DataHub,0,Units,RATIO,Ratio,602,CCYY,A,Normal value,PU,Public
datastructure,WB.DATA360:DS_DATA360(1.2),I,A,Annual,BOL,Bolivia,ITU_DH_INV_COMP,Percentage of individuals using a computer (ITU),_T,Total,_T,All age ranges or no breakdown by age,_T,Total,PT_HH,Percentage of households,_Z,Not Applicable,_Z,Not Applicable,_Z,Not Applicable,2020,27.6257,MEAN,Mean,ITU_DH,ITU DataHub,0,Units,RATIO,Ratio,602,CCYY,A,Normal value,PU,Public
datastructure,WB.DATA360:DS_DATA360(1.2),I,A,Annual,BOL,Bolivia,ITU_DH_INV_COMP,Percentage of individuals using a computer (ITU),_T,Total,_T,All age ranges or no breakdown by age,_T,Total,PT_HH,Percentage of households,_Z,Not Applicable,_Z,Not Applicable,_Z,Not Applicable,2021,21.8992,MEAN,Mean,ITU_DH,ITU DataHub,0,Units,RATIO,Ratio,602,CCYY,A,Normal value,PU,Public
datastructure,WB.DATA360:DS_DATA360(1.2),I,A,Annual,BWA,Botswana,ITU_DH_INV_COMP,Percentage of individuals using a computer (ITU),_T,Total,_T,All age ranges or no breakdown by age,_T,Total,PT_HH,Percentage of households,_Z,Not Applicable,_Z,Not Applicable,_Z,Not Applicable,2014,41.4257,MEAN,Mean,ITU_DH,ITU DataHub,0,Units,RATIO,Ratio,602,CCYY,A,Normal value,PU,Public
datastructure,WB.DATA360:DS_DATA360(1.2),I,A,Annual,BRN,Brunei Darussalam,ITU_DH_INV_COMP,Percentage of individuals using a computer (ITU),_T,Total,_T,All age ranges or no breakdown by age,_T,Total,PT_HH,Percentage of households,_Z,Not Applicable,_Z,Not Applicable,_Z,Not Applicable,2016,58.0,MEAN,Mean,ITU_DH,ITU DataHub,0,Units,RATIO,Ratio,602,CCYY,A,Normal value,PU,Public
datastructure,WB.DATA360:DS_DATA360(1.2),I,A,Annual,BTN,Bhutan,ITU_DH_INV_COMP,Percentage of individuals using a computer (ITU),_T,Total,_T,All age ranges or no breakdown by age,_T,Total,PT_HH,Percentage of households,_Z,Not Applicable,_Z,Not Applicable,_Z,Not Applicable,2021,21.1237,MEAN,Mean,ITU_DH,ITU DataHub,0,Units,RATIO,Ratio,602,CCYY,A,Normal value,PU,Public
datastructure,WB.DATA360:DS_DATA360(1.2),I,A,Annual,BGR,Bulgaria,ITU_DH_INV_COMP,Percentage of individuals using a computer (ITU),_T,Total,_T,All age ranges or no breakdown by age,_T,Total,PT_HH,Percentage of households,_Z,Not Applicable,_Z,Not Applicable,_Z,Not Applicable,2004,24.7995,MEAN,Mean,ITU_DH,ITU DataHub,0,Units,RATIO,Ratio,602,CCYY,A,Normal value,PU,Public
datastructure,WB.DATA360:DS_DATA360(1.2),I,A,Annual,BGR,Bulgaria,ITU_DH_INV_COMP,Percentage of individuals using a computer (ITU),_T,Total,_T,All age ranges or no breakdown by age,_T,Total,PT_HH,Percentage of households,_Z,Not Applicable,_Z,Not Applicable,_Z,Not Applicable,2006,32.9406,MEAN,Mean,ITU_DH,ITU DataHub,0,Units,RATIO,Ratio,602,CCYY,A,Normal value,PU,Public
datastructure,WB.DATA360:DS_DATA360(1.2),I,A,Annual,BGR,Bulgaria,ITU_DH_INV_COMP,Percentage of individuals using a computer (ITU),_T,Total,_T,All age ranges or no breakdown by age,_T,Total,PT_HH,Percentage of households,_Z,Not Applicable,_Z,Not Applicable,_Z,Not Applicable,2007,37.1423,MEAN,Mean,ITU_DH,ITU DataHub,0,Units,RATIO,Ratio,602,CCYY,A,Normal value,PU,Public
datastructure,WB.DATA360:DS_DATA360(1.2),I,A,Annual,BGR,Bulgaria,ITU_DH_INV_COMP,Percentage of individuals using a computer (ITU),_T,Total,_T,All age ranges or no breakdown by age,_T,Total,PT_HH,Percentage of households,_Z,Not Applicable,_Z,Not Applicable,_Z,Not Applicable,2008,43.3679,MEAN,Mean,ITU_DH,ITU DataHub,0,Units,RATIO,Ratio,602,CCYY,A,Normal value,PU,Public
datastructure,WB.DATA360:DS_DATA360(1.2),I,A,Annual,BGR,Bulgaria,ITU_DH_INV_COMP,Percentage of individuals using a computer (ITU),_T,Total,_T,All age ranges or no breakdown by age,_T,Total,PT_HH,Percentage of households,_Z,Not Applicable,_Z,Not Applicable,_Z,Not Applicable,2009,46.9639,MEAN,Mean,ITU_DH,ITU DataHub,0,Units,RATIO,Ratio,602,CCYY,A,Normal value,PU,Public
datastructure,WB.DATA360:DS_DATA360(1.2),I,A,Annual,BGR,Bulgaria,ITU_DH_INV_COMP,Percentage of individuals using a computer (ITU),_T,Total,_T,All age ranges or no breakdown by age,_T,Total,PT_HH,Percentage of households,_Z,Not Applicable,_Z,Not Applicable,_Z,Not Applicable,2010,48.2773,MEAN,Mean,ITU_DH,ITU DataHub,0,Units,RATIO,Ratio,602,CCYY,A,Normal value,PU,Public
datastructure,WB.DATA360:DS_DATA360(1.2),I,A,Annual,BGR,Bulgaria,ITU_DH_INV_COMP,Percentage of individuals using a computer (ITU),_T,Total,_T,All age ranges or no breakdown by age,_T,Total,PT_HH,Percentage of households,_Z,Not Applicable,_Z,Not Applicable,_Z,Not Applicable,2011,49.13,MEAN,Mean,ITU_DH,ITU DataHub,0,Units,RATIO,Ratio,602,CCYY,A,Normal value,PU,Public
datastructure,WB.DATA360:DS_DATA360(1.2),I,A,Annual,BGR,Bulgaria,ITU_DH_INV_COMP,Percentage of individuals using a computer (ITU),_T,Total,_T,All age ranges or no breakdown by age,_T,Total,PT_HH,Percentage of households,_Z,Not Applicable,_Z,Not Applicable,_Z,Not Applicable,2012,52.8694,MEAN,Mean,ITU_DH,ITU DataHub,0,Units,RATIO,Ratio,602,CCYY,A,Normal value,PU,Public
datastructure,WB.DATA360:DS_DATA360(1.2),I,A,Annual,BGR,Bulgaria,ITU_DH_INV_COMP,Percentage of individuals using a computer (ITU),_T,Total,_T,All age ranges or no breakdown by age,_T,Total,PT_HH,Percentage of households,_Z,Not Applicable,_Z,Not Applicable,_Z,Not Applicable,2013,53.443,MEAN,Mean,ITU_DH,ITU DataHub,0,Units,RATIO,Ratio,602,CCYY,A,Normal value,PU,Public
datastructure,WB.DATA360:DS_DATA360(1.2),I,A,Annual,BGR,Bulgaria,ITU_DH_INV_COMP,Percentage of individuals using a computer (ITU),_T,Total,_T,All age ranges or no breakdown by age,_T,Total,PT_HH,Percentage of households,_Z,Not Applicable,_Z,Not Applicable,_Z,Not Applicable,2014,55.8583,MEAN,Mean,ITU_DH,ITU DataHub,0,Units,RATIO,Ratio,602,CCYY,A,Normal value,PU,Public
datastructure,WB.DATA360:DS_DATA360(1.2),I,A,Annual,BGR,Bulgaria,ITU_DH_INV_COMP,Percentage of individuals using a computer (ITU),_T,Total,_T,All age ranges or no breakdown by age,_T,Total,PT_HH,Percentage of households,_Z,Not Applicable,_Z,Not Applicable,_Z,Not Applicable,2015,56.6741,MEAN,Mean,ITU_DH,ITU DataHub,0,Units,RATIO,Ratio,602,CCYY,A,Normal value,PU,Public
datastructure,WB.DATA360:DS_DATA360(1.2),I,A,Annual,BGR,Bulgaria,ITU_DH_INV_COMP,Percentage of individuals using a computer (ITU),_T,Total,_T,All age ranges or no breakdown by age,_T,Total,PT_HH,Percentage of households,_Z,Not Applicable,_Z,Not Applicable,_Z,Not Applicable,2017,60.4665,MEAN,Mean,ITU_DH,ITU DataHub,0,Units,RATIO,Ratio,602,CCYY,A,Normal value,PU,Public
datastructure,WB.DATA360:DS_DATA360(1.2),I,A,Annual,KHM,Cambodia,ITU_DH_INV_COMP,Percentage of individuals using a computer (ITU),_T,Total,_T,All age ranges or no breakdown by age,_T,Total,PT_HH,Percentage of households,_Z,Not Applicable,_Z,Not Applicable,_Z,Not Applicable,2013,10.223,MEAN,Mean,ITU_DH,ITU DataHub,0,Units,RATIO,Ratio,602,CCYY,A,Normal value,PU,Public
datastructure,WB.DATA360:DS_DATA360(1.2),I,A,Annual,KHM,Cambodia,ITU_DH_INV_COMP,Percentage of individuals using a computer (ITU),_T,Total,_T,All age ranges or no breakdown by age,_T,Total,PT_HH,Percentage of households,_Z,Not Applicable,_Z,Not Applicable,_Z,Not Applicable,2015,10.8062,MEAN,Mean,ITU_DH,ITU DataHub,0,Units,RATIO,Ratio,602,CCYY,A,Normal value,PU,Public
datastructure,WB.DATA360:DS_DATA360(1.2),I,A,Annual,KHM,Cambodia,ITU_DH_INV_COMP,Percentage of individuals using a computer (ITU),_T,Total,_T,All age ranges or no breakdown by age,_T,Total,PT_HH,Percentage of households,_Z,Not Applicable,_Z,Not Applicable,_Z,Not Applicable,2016,27.3985,MEAN,Mean,ITU_DH,ITU DataHub,0,Units,RATIO,Ratio,602,CCYY,A,Normal value,PU,Public
datastructure,WB.DATA360:DS_DATA360(1.2),I,A,Annual,KHM,Cambodia,ITU_DH_INV_COMP,Percentage of individuals using a computer (ITU),_T,Total,_T,All age ranges or no breakdown by age,_T,Total,PT_HH,Percentage of households,_Z,Not Applicable,_Z,Not Applicable,_Z,Not Applicable,2017,27.8304,MEAN,Mean,ITU_DH,ITU DataHub,0,Units,RATIO,Ratio,602,CCYY,A,Normal value,PU,Public
datastructure,WB.DATA360:DS_DATA360(1.2),I,A,Annual,CHL,Chile,ITU_DH_INV_COMP,Percentage of individuals using a computer (ITU),_T,Total,_T,All age ranges or no breakdown by age,_T,Total,PT_HH,Percentage of households,_Z,Not Applicable,_Z,Not Applicable,_Z,Not Applicable,2003,43.004,MEAN,Mean,ITU_DH,ITU DataHub,0,Units,RATIO,Ratio,602,CCYY,A,Normal value,PU,Public
datastructure,WB.DATA360:DS_DATA360(1.2),I,A,Annual,CHL,Chile,ITU_DH_INV_COMP,Percentage of individuals using a computer (ITU),_T,Total,_T,All age ranges or no breakdown by age,_T,Total,PT_HH,Percentage of households,_Z,Not Applicable,_Z,Not Applicable,_Z,Not Applicable,2006,40.4039,MEAN,Mean,ITU_DH,ITU DataHub,0,Units,RATIO,Ratio,602,CCYY,A,Normal value,PU,Public
datastructure,WB.DATA360:DS_DATA360(1.2),I,A,Annual,CHL,Chile,ITU_DH_INV_COMP,Percentage of individuals using a computer (ITU),_T,Total,_T,All age ranges or no breakdown by age,_T,Total,PT_HH,Percentage of households,_Z,Not Applicable,_Z,Not Applicable,_Z,Not Applicable,2009,45.869,MEAN,Mean,ITU_DH,ITU DataHub,0,Units,RATIO,Ratio,602,CCYY,A,Normal value,PU,Public
datastructure,WB.DATA360:DS_DATA360(1.2),I,A,Annual,CHL,Chile,ITU_DH_INV_COMP,Percentage of individuals using a computer (ITU),_T,Total,_T,All age ranges or no breakdown by age,_T,Total,PT_HH,Percentage of households,_Z,Not Applicable,_Z,Not Applicable,_Z,Not Applicable,2023,61.6656,MEAN,Mean,ITU_DH,ITU DataHub,0,Units,RATIO,Ratio,602,CCYY,A,Normal value,PU,Public
datastructure,WB.DATA360:DS_DATA360(1.2),I,A,Annual,COL,Colombia,ITU_DH_INV_COMP,Percentage of individuals using a computer (ITU),_T,Total,_T,All age ranges or no breakdown by age,_T,Total,PT_HH,Percentage of households,_Z,Not Applicable,_Z,Not Applicable,_Z,Not Applicable,2009,38.4448,MEAN,Mean,ITU_DH,ITU DataHub,0,Units,RATIO,Ratio,602,CCYY,A,Normal value,PU,Public
datastructure,WB.DATA360:DS_DATA360(1.2),I,A,Annual,COL,Colombia,ITU_DH_INV_COMP,Percentage of individuals using a computer (ITU),_T,Total,_T,All age ranges or no breakdown by age,_T,Total,PT_HH,Percentage of households,_Z,Not Applicable,_Z,Not Applicable,_Z,Not Applicable,2010,43.1488,MEAN,Mean,ITU_DH,ITU DataHub,0,Units,RATIO,Ratio,602,CCYY,A,Normal value,PU,Public
datastructure,WB.DATA360:DS_DATA360(1.2),I,A,Annual,COL,Colombia,ITU_DH_INV_COMP,Percentage of individuals using a computer (ITU),_T,Total,_T,All age ranges or no breakdown by age,_T,Total,PT_HH,Percentage of households,_Z,Not Applicable,_Z,Not Applicable,_Z,Not Applicable,2011,45.857,MEAN,Mean,ITU_DH,ITU DataHub,0,Units,RATIO,Ratio,602,CCYY,A,Normal value,PU,Public
datastructure,WB.DATA360:DS_DATA360(1.2),I,A,Annual,COL,Colombia,ITU_DH_INV_COMP,Percentage of individuals using a computer (ITU),_T,Total,_T,All age ranges or no breakdown by age,_T,Total,PT_HH,Percentage of households,_Z,Not Applicable,_Z,Not Applicable,_Z,Not Applicable,2012,51.6694,MEAN,Mean,ITU_DH,ITU DataHub,0,Units,RATIO,Ratio,602,CCYY,A,Normal value,PU,Public
datastructure,WB.DATA360:DS_DATA360(1.2),I,A,Annual,COL,Colombia,ITU_DH_INV_COMP,Percentage of individuals using a computer (ITU),_T,Total,_T,All age ranges or no breakdown by age,_T,Total,PT_HH,Percentage of households,_Z,Not Applicable,_Z,Not Applicable,_Z,Not Applicable,2013,54.1761,MEAN,Mean,ITU_DH,ITU DataHub,0,Units,RATIO,Ratio,602,CCYY,A,Normal value,PU,Public
datastructure,WB.DATA360:DS_DATA360(1.2),I,A,Annual,COL,Colombia,ITU_DH_INV_COMP,Percentage of individuals using a computer (ITU),_T,Total,_T,All age ranges or no breakdown by age,_T,Total,PT_HH,Percentage of households,_Z,Not Applicable,_Z,Not Applicable,_Z,Not Applicable,2014,52.5901,MEAN,Mean,ITU_DH,ITU DataHub,0,Units,RATIO,Ratio,602,CCYY,A,Normal value,PU,Public
datastructure,WB.DATA360:DS_DATA360(1.2),I,A,Annual,COL,Colombia,ITU_DH_INV_COMP,Percentage of individuals using a computer (ITU),_T,Total,_T,All age ranges or no breakdown by age,_T,Total,PT_HH,Percentage of households,_Z,Not Applicable,_Z,Not Applicable,_Z,Not Applicable,2015,52.4007,MEAN,Mean,ITU_DH,ITU DataHub,0,Units,RATIO,Ratio,602,CCYY,A,Normal value,PU,Public
datastructure,WB.DATA360:DS_DATA360(1.2),I,A,Annual,COL,Colombia,ITU_DH_INV_COMP,Percentage of individuals using a computer (ITU),_T,Total,_T,All age ranges or no breakdown by age,_T,Total,PT_HH,Percentage of households,_Z,Not Applicable,_Z,Not Applicable,_Z,Not Applicable,2016,49.1168,MEAN,Mean,ITU_DH,ITU DataHub,0,Units,RATIO,Ratio,602,CCYY,A,Normal value,PU,Public
datastructure,WB.DATA360:DS_DATA360(1.2),I,A,Annual,COL,Colombia,ITU_DH_INV_COMP,Percentage of individuals using a computer (ITU),_T,Total,_T,All age ranges or no breakdown by age,_T,Total,PT_HH,Percentage of households,_Z,Not Applicable,_Z,Not Applicable,_Z,Not Applicable,2017,47.9759,MEAN,Mean,ITU_DH,ITU DataHub,0,Units,RATIO,Ratio,602,CCYY,A,Normal value,PU,Public
datastructure,WB.DATA360:DS_DATA360(1.2),I,A,Annual,COL,Colombia,ITU_DH_INV_COMP,Percentage of individuals using a computer (ITU),_T,Total,_T,All age ranges or no breakdown by age,_T,Total,PT_HH,Percentage of households,_Z,Not Applicable,_Z,Not Applicable,_Z,Not Applicable,2018,44.8788,MEAN,Mean,ITU_DH,ITU DataHub,0,Units,RATIO,Ratio,602,CCYY,A,Normal value,PU,Public
datastructure,WB.DATA360:DS_DATA360(1.2),I,A,Annual,COL,Colombia,ITU_DH_INV_COMP,Percentage of individuals using a computer (ITU),_T,Total,_T,All age ranges or no breakdown by age,_T,Total,PT_HH,Percentage of households,_Z,Not Applicable,_Z,Not Applicable,_Z,Not Applicable,2022,33.9346,MEAN,Mean,ITU_DH,ITU DataHub,0,Units,RATIO,Ratio,602,CCYY,A,Normal value,PU,Public
datastructure,WB.DATA360:DS_DATA360(1.2),I,A,Annual,COL,Colombia,ITU_DH_INV_COMP,Percentage of individuals using a computer (ITU),_T,Total,_T,All age ranges or no breakdown by age,_T,Total,PT_HH,Percentage of households,_Z,Not Applicable,_Z,Not Applicable,_Z,Not Applicable,2023,34.0996,MEAN,Mean,ITU_DH,ITU DataHub,0,Units,RATIO,Ratio,602,CCYY,A,Normal value,PU,Public
datastructure,WB.DATA360:DS_DATA360(1.2),I,A,Annual,CPV,Cabo Verde,ITU_DH_INV_COMP,Percentage of individuals using a computer (ITU),_T,Total,_T,All age ranges or no breakdown by age,_T,Total,PT_HH,Percentage of households,_Z,Not Applicable,_Z,Not Applicable,_Z,Not Applicable,2016,32.4937,MEAN,Mean,ITU_DH,ITU DataHub,0,Units,RATIO,Ratio,602,CCYY,A,Normal value,PU,Public
datastructure,WB.DATA360:DS_DATA360(1.2),I,A,Annual,CPV,Cabo Verde,ITU_DH_INV_COMP,Percentage of individuals using a computer (ITU),_T,Total,_T,All age ranges or no breakdown by age,_T,Total,PT_HH,Percentage of households,_Z,Not Applicable,_Z,Not Applicable,_Z,Not Applicable,2019,20.7915,MEAN,Mean,ITU_DH,ITU DataHub,0,Units,RATIO,Ratio,602,CCYY,A,Normal value,PU,Public
datastructure,WB.DATA360:DS_DATA360(1.2),I,A,Annual,CIV,Cote d'Ivoire,ITU_DH_INV_COMP,Percentage of individuals using a computer (ITU),_T,Total,_T,All age ranges or no breakdown by age,_T,Total,PT_HH,Percentage of households,_Z,Not Applicable,_Z,Not Applicable,_Z,Not Applicable,2019,32.6627,MEAN,Mean,ITU_DH,ITU DataHub,0,Units,RATIO,Ratio,602,CCYY,A,Normal value,PU,Public
datastructure,WB.DATA360:DS_DATA360(1.2),I,A,Annual,CIV,Cote d'Ivoire,ITU_DH_INV_COMP,Percentage of individuals using a computer (ITU),_T,Total,_T,All age ranges or no breakdown by age,_T,Total,PT_HH,Percentage of households,_Z,Not Applicable,_Z,Not Applicable,_Z,Not Applicable,2022,19.5168,MEAN,Mean,ITU_DH,ITU DataHub,0,Units,RATIO,Ratio,602,CCYY,A,Normal value,PU,Public
datastructure,WB.DATA360:DS_DATA360(1.2),I,A,Annual,CIV,Cote d'Ivoire,ITU_DH_INV_COMP,Percentage of individuals using a computer (ITU),_T,Total,_T,All age ranges or no breakdown by age,_T,Total,PT_HH,Percentage of households,_Z,Not Applicable,_Z,Not Applicable,_Z,Not Applicable,2023,19.8389,MEAN,Mean,ITU_DH,ITU DataHub,0,Units,RATIO,Ratio,602,CCYY,A,Normal value,PU,Public
datastructure,WB.DATA360:DS_DATA360(1.2),I,A,Annual,CRI,Costa Rica,ITU_DH_INV_COMP,Percentage of individuals using a computer (ITU),_T,Total,_T,All age ranges or no breakdown by age,_T,Total,PT_HH,Percentage of households,_Z,Not Applicable,_Z,Not Applicable,_Z,Not Applicable,2008,42.6499,MEAN,Mean,ITU_DH,ITU DataHub,0,Units,RATIO,Ratio,602,CCYY,A,Normal value,PU,Public
datastructure,WB.DATA360:DS_DATA360(1.2),I,A,Annual,CRI,Costa Rica,ITU_DH_INV_COMP,Percentage of individuals using a computer (ITU),_T,Total,_T,All age ranges or no breakdown by age,_T,Total,PT_HH,Percentage of households,_Z,Not Applicable,_Z,Not Applicable,_Z,Not Applicable,2012,48.692,MEAN,Mean,ITU_DH,ITU DataHub,0,Units,RATIO,Ratio,602,CCYY,A,Normal value,PU,Public
datastructure,WB.DATA360:DS_DATA360(1.2),I,A,Annual,CRI,Costa Rica,ITU_DH_INV_COMP,Percentage of individuals using a computer (ITU),_T,Total,_T,All age ranges or no breakdown by age,_T,Total,PT_HH,Percentage of households,_Z,Not Applicable,_Z,Not Applicable,_Z,Not Applicable,2015,47.0442,MEAN,Mean,ITU_DH,ITU DataHub,0,Units,RATIO,Ratio,602,CCYY,A,Normal value,PU,Public
datastructure,WB.DATA360:DS_DATA360(1.2),I,A,Annual,CRI,Costa Rica,ITU_DH_INV_COMP,Percentage of individuals using a computer (ITU),_T,Total,_T,All age ranges or no breakdown by age,_T,Total,PT_HH,Percentage of households,_Z,Not Applicable,_Z,Not Applicable,_Z,Not Applicable,2016,59.3588,MEAN,Mean,ITU_DH,ITU DataHub,0,Units,RATIO,Ratio,602,CCYY,A,Normal value,PU,Public
datastructure,WB.DATA360:DS_DATA360(1.2),I,A,Annual,CRI,Costa Rica,ITU_DH_INV_COMP,Percentage of individuals using a computer (ITU),_T,Total,_T,All age ranges or no breakdown by age,_T,Total,PT_HH,Percentage of households,_Z,Not Applicable,_Z,Not Applicable,_Z,Not Applicable,2017,46.4398,MEAN,Mean,ITU_DH,ITU DataHub,0,Units,RATIO,Ratio,602,CCYY,A,Normal value,PU,Public
datastructure,WB.DATA360:DS_DATA360(1.2),I,A,Annual,CRI,Costa Rica,ITU_DH_INV_COMP,Percentage of individuals using a computer (ITU),_T,Total,_T,All age ranges or no breakdown by age,_T,Total,PT_HH,Percentage of households,_Z,Not Applicable,_Z,Not Applicable,_Z,Not Applicable,2020,38.1624,MEAN,Mean,ITU_DH,ITU DataHub,0,Units,RATIO,Ratio,602,CCYY,A,Normal value,PU,Public
datastructure,WB.DATA360:DS_DATA360(1.2),I,A,Annual,CRI,Costa Rica,ITU_DH_INV_COMP,Percentage of individuals using a computer (ITU),_T,Total,_T,All age ranges or no breakdown by age,_T,Total,PT_HH,Percentage of households,_Z,Not Applicable,_Z,Not Applicable,_Z,Not Applicable,2021,37.7539,MEAN,Mean,ITU_DH,ITU DataHub,0,Units,RATIO,Ratio,602,CCYY,A,Normal value,PU,Public
datastructure,WB.DATA360:DS_DATA360(1.2),I,A,Annual,CRI,Costa Rica,ITU_DH_INV_COMP,Percentage of individuals using a computer (ITU),_T,Total,_T,All age ranges or no breakdown by age,_T,Total,PT_HH,Percentage of households,_Z,Not Applicable,_Z,Not Applicable,_Z,Not Applicable,2022,36.4785,MEAN,Mean,ITU_DH,ITU DataHub,0,Units,RATIO,Ratio,602,CCYY,A,Normal value,PU,Public
datastructure,WB.DATA360:DS_DATA360(1.2),I,A,Annual,CRI,Costa Rica,ITU_DH_INV_COMP,Percentage of individuals using a computer (ITU),_T,Total,_T,All age ranges or no breakdown by age,_T,Total,PT_HH,Percentage of households,_Z,Not Applicable,_Z,Not Applicable,_Z,Not Applicable,2023,32.6701,MEAN,Mean,ITU_DH,ITU DataHub,0,Units,RATIO,Ratio,602,CCYY,A,Normal value,PU,Public
datastructure,WB.DATA360:DS_DATA360(1.2),I,A,Annual,CUB,Cuba,ITU_DH_INV_COMP,Percentage of individuals using a computer (ITU),_T,Total,_T,All age ranges or no breakdown by age,_T,Total,PT_HH,Percentage of households,_Z,Not Applicable,_Z,Not Applicable,_Z,Not Applicable,2013,29.2316,MEAN,Mean,ITU_DH,ITU DataHub,0,Units,RATIO,Ratio,602,CCYY,A,Normal value,PU,Public
datastructure,WB.DATA360:DS_DATA360(1.2),I,A,Annual,CUB,Cuba,ITU_DH_INV_COMP,Percentage of individuals using a computer (ITU),_T,Total,_T,All age ranges or no breakdown by age,_T,Total,PT_HH,Percentage of households,_Z,Not Applicable,_Z,Not Applicable,_Z,Not Applicable,2015,29.0932,MEAN,Mean,ITU_DH,ITU DataHub,0,Units,RATIO,Ratio,602,CCYY,A,Normal value,PU,Public
datastructure,WB.DATA360:DS_DATA360(1.2),I,A,Annual,CUB,Cuba,ITU_DH_INV_COMP,Percentage of individuals using a computer (ITU),_T,Total,_T,All age ranges or no breakdown by age,_T,Total,PT_HH,Percentage of households,_Z,Not Applicable,_Z,Not Applicable,_Z,Not Applicable,2017,31.5464,MEAN,Mean,ITU_DH,ITU DataHub,0,Units,RATIO,Ratio,602,CCYY,A,Normal value,PU,Public
datastructure,WB.DATA360:DS_DATA360(1.2),I,A,Annual,CUB,Cuba,ITU_DH_INV_COMP,Percentage of individuals using a computer (ITU),_T,Total,_T,All age ranges or no breakdown by age,_T,Total,PT_HH,Percentage of households,_Z,Not Applicable,_Z,Not Applicable,_Z,Not Applicable,2019,30.9293,MEAN,Mean,ITU_DH,ITU DataHub,0,Units,RATIO,Ratio,602,CCYY,A,Normal value,PU,Public
datastructure,WB.DATA360:DS_DATA360(1.2),I,A,Annual,CYP,Cyprus,ITU_DH_INV_COMP,Percentage of individuals using a computer (ITU),_T,Total,_T,All age ranges or no breakdown by age,_T,Total,PT_HH,Percentage of households,_Z,Not Applicable,_Z,Not Applicable,_Z,Not Applicable,2004,43.8198,MEAN,Mean,ITU_DH,ITU DataHub,0,Units,RATIO,Ratio,602,CCYY,A,Normal value,PU,Public
datastructure,WB.DATA360:DS_DATA360(1.2),I,A,Annual,CYP,Cyprus,ITU_DH_INV_COMP,Percentage of individuals using a computer (ITU),_T,Total,_T,All age ranges or no breakdown by age,_T,Total,PT_HH,Percentage of households,_Z,Not Applicable,_Z,Not Applicable,_Z,Not Applicable,2005,42.8771,MEAN,Mean,ITU_DH,ITU DataHub,0,Units,RATIO,Ratio,602,CCYY,A,Normal value,PU,Public
datastructure,WB.DATA360:DS_DATA360(1.2),I,A,Annual,CYP,Cyprus,ITU_DH_INV_COMP,Percentage of individuals using a computer (ITU),_T,Total,_T,All age ranges or no breakdown by age,_T,Total,PT_HH,Percentage of households,_Z,Not Applicable,_Z,Not Applicable,_Z,Not Applicable,2006,46.2918,MEAN,Mean,ITU_DH,ITU DataHub,0,Units,RATIO,Ratio,602,CCYY,A,Normal value,PU,Public
datastructure,WB.DATA360:DS_DATA360(1.2),I,A,Annual,CYP,Cyprus,ITU_DH_INV_COMP,Percentage of individuals using a computer (ITU),_T,Total,_T,All age ranges or no breakdown by age,_T,Total,PT_HH,Percentage of households,_Z,Not Applicable,_Z,Not Applicable,_Z,Not Applicable,2007,49.1079,MEAN,Mean,ITU_DH,ITU DataHub,0,Units,RATIO,Ratio,602,CCYY,A,Normal value,PU,Public
datastructure,WB.DATA360:DS_DATA360(1.2),I,A,Annual,CYP,Cyprus,ITU_DH_INV_COMP,Percentage of individuals using a computer (ITU),_T,Total,_T,All age ranges or no breakdown by age,_T,Total,PT_HH,Percentage of households,_Z,Not Applicable,_Z,Not Applicable,_Z,Not Applicable,2008,49.6665,MEAN,Mean,ITU_DH,ITU DataHub,0,Units,RATIO,Ratio,602,CCYY,A,Normal value,PU,Public
datastructure,WB.DATA360:DS_DATA360(1.2),I,A,Annual,CYP,Cyprus,ITU_DH_INV_COMP,Percentage of individuals using a computer (ITU),_T,Total,_T,All age ranges or no breakdown by age,_T,Total,PT_HH,Percentage of households,_Z,Not Applicable,_Z,Not Applicable,_Z,Not Applicable,2009,54.7378,MEAN,Mean,ITU_DH,ITU DataHub,0,Units,RATIO,Ratio,602,CCYY,A,Normal value,PU,Public
datastructure,WB.DATA360:DS_DATA360(1.2),I,A,Annual,CYP,Cyprus,ITU_DH_INV_COMP,Percentage of individuals using a computer (ITU),_T,Total,_T,All age ranges or no breakdown by age,_T,Total,PT_HH,Percentage of households,_Z,Not Applicable,_Z,Not Applicable,_Z,Not Applicable,2010,57.17,MEAN,Mean,ITU_DH,ITU DataHub,0,Units,RATIO,Ratio,602,CCYY,A,Normal value,PU,Public
datastructure,WB.DATA360:DS_DATA360(1.2),I,A,Annual,CYP,Cyprus,ITU_DH_INV_COMP,Percentage of individuals using a computer (ITU),_T,Total,_T,All age ranges or no breakdown by age,_T,Total,PT_HH,Percentage of households,_Z,Not Applicable,_Z,Not Applicable,_Z,Not Applicable,2011,59.49,MEAN,Mean,ITU_DH,ITU DataHub,0,Units,RATIO,Ratio,602,CCYY,A,Normal value,PU,Public
datastructure,WB.DATA360:DS_DATA360(1.2),I,A,Annual,CYP,Cyprus,ITU_DH_INV_COMP,Percentage of individuals using a computer (ITU),_T,Total,_T,All age ranges or no breakdown by age,_T,Total,PT_HH,Percentage of households,_Z,Not Applicable,_Z,Not Applicable,_Z,Not Applicable,2012,62.7192,MEAN,Mean,ITU_DH,ITU DataHub,0,Units,RATIO,Ratio,602,CCYY,A,Normal value,PU,Public
datastructure,WB.DATA360:DS_DATA360(1.2),I,A,Annual,CYP,Cyprus,ITU_DH_INV_COMP,Percentage of individuals using a computer (ITU),_T,Total,_T,All age ranges or no breakdown by age,_T,Total,PT_HH,Percentage of households,_Z,Not Applicable,_Z,Not Applicable,_Z,Not Applicable,2013,66.5975,MEAN,Mean,ITU_DH,ITU DataHub,0,Units,RATIO,Ratio,602,CCYY,A,Normal value,PU,Public
datastructure,WB.DATA360:DS_DATA360(1.2),I,A,Annual,CYP,Cyprus,ITU_DH_INV_COMP,Percentage of individuals using a computer (ITU),_T,Total,_T,All age ranges or no breakdown by age,_T,Total,PT_HH,Percentage of households,_Z,Not Applicable,_Z,Not Applicable,_Z,Not Applicable,2014,69.9724,MEAN,Mean,ITU_DH,ITU DataHub,0,Units,RATIO,Ratio,602,CCYY,A,Normal value,PU,Public
datastructure,WB.DATA360:DS_DATA360(1.2),I,A,Annual,CYP,Cyprus,ITU_DH_INV_COMP,Percentage of individuals using a computer (ITU),_T,Total,_T,All age ranges or no breakdown by age,_T,Total,PT_HH,Percentage of households,_Z,Not Applicable,_Z,Not Applicable,_Z,Not Applicable,2015,70.2768,MEAN,Mean,ITU_DH,ITU DataHub,0,Units,RATIO,Ratio,602,CCYY,A,Normal value,PU,Public
datastructure,WB.DATA360:DS_DATA360(1.2),I,A,Annual,DEU,Germany,ITU_DH_INV_COMP,Percentage of individuals using a computer (ITU),_T,Total,_T,All age ranges or no breakdown by age,_T,Total,PT_HH,Percentage of households,_Z,Not Applicable,_Z,Not Applicable,_Z,Not Applicable,2002,62.831,MEAN,Mean,ITU_DH,ITU DataHub,0,Units,RATIO,Ratio,602,CCYY,A,Normal value,PU,Public
datastructure,WB.DATA360:DS_DATA360(1.2),I,A,Annual,DEU,Germany,ITU_DH_INV_COMP,Percentage of individuals using a computer (ITU),_T,Total,_T,All age ranges or no breakdown by age,_T,Total,PT_HH,Percentage of households,_Z,Not Applicable,_Z,Not Applicable,_Z,Not Applicable,2003,66.0741,MEAN,Mean,ITU_DH,ITU DataHub,0,Units,RATIO,Ratio,602,CCYY,A,Normal value,PU,Public
datastructure,WB.DATA360:DS_DATA360(1.2),I,A,Annual,DEU,Germany,ITU_DH_INV_COMP,Percentage of individuals using a computer (ITU),_T,Total,_T,All age ranges or no breakdown by age,_T,Total,PT_HH,Percentage of households,_Z,Not Applicable,_Z,Not Applicable,_Z,Not Applicable,2004,73.2012,MEAN,Mean,ITU_DH,ITU DataHub,0,Units,RATIO,Ratio,602,CCYY,A,Normal value,PU,Public
datastructure,WB.DATA360:DS_DATA360(1.2),I,A,Annual,DEU,Germany,ITU_DH_INV_COMP,Percentage of individuals using a computer (ITU),_T,Total,_T,All age ranges or no breakdown by age,_T,Total,PT_HH,Percentage of households,_Z,Not Applicable,_Z,Not Applicable,_Z,Not Applicable,2005,76.3184,MEAN,Mean,ITU_DH,ITU DataHub,0,Units,RATIO,Ratio,602,CCYY,A,Normal value,PU,Public
datastructure,WB.DATA360:DS_DATA360(1.2),I,A,Annual,DEU,Germany,ITU_DH_INV_COMP,Percentage of individuals using a computer (ITU),_T,Total,_T,All age ranges or no breakdown by age,_T,Total,PT_HH,Percentage of households,_Z,Not Applicable,_Z,Not Applicable,_Z,Not Applicable,2006,79.0773,MEAN,Mean,ITU_DH,ITU DataHub,0,Units,RATIO,Ratio,602,CCYY,A,Normal value,PU,Public
datastructure,WB.DATA360:DS_DATA360(1.2),I,A,Annual,DEU,Germany,ITU_DH_INV_COMP,Percentage of individuals using a computer (ITU),_T,Total,_T,All age ranges or no breakdown by age,_T,Total,PT_HH,Percentage of households,_Z,Not Applicable,_Z,Not Applicable,_Z,Not Applicable,2007,80.4844,MEAN,Mean,ITU_DH,ITU DataHub,0,Units,RATIO,Ratio,602,CCYY,A,Normal value,PU,Public
datastructure,WB.DATA360:DS_DATA360(1.2),I,A,Annual,DEU,Germany,ITU_DH_INV_COMP,Percentage of individuals using a computer (ITU),_T,Total,_T,All age ranges or no breakdown by age,_T,Total,PT_HH,Percentage of households,_Z,Not Applicable,_Z,Not Applicable,_Z,Not Applicable,2008,82.2831,MEAN,Mean,ITU_DH,ITU DataHub,0,Units,RATIO,Ratio,602,CCYY,A,Normal value,PU,Public
datastructure,WB.DATA360:DS_DATA360(1.2),I,A,Annual,DEU,Germany,ITU_DH_INV_COMP,Percentage of individuals using a computer (ITU),_T,Total,_T,All age ranges or no breakdown by age,_T,Total,PT_HH,Percentage of households,_Z,Not Applicable,_Z,Not Applicable,_Z,Not Applicable,2009,82.8027,MEAN,Mean,ITU_DH,ITU DataHub,0,Units,RATIO,Ratio,602,CCYY,A,Normal value,PU,Public
datastructure,WB.DATA360:DS_DATA360(1.2),I,A,Annual,DEU,Germany,ITU_DH_INV_COMP,Percentage of individuals using a computer (ITU),_T,Total,_T,All age ranges or no breakdown by age,_T,Total,PT_HH,Percentage of households,_Z,Not Applicable,_Z,Not Applicable,_Z,Not Applicable,2010,84.8143,MEAN,Mean,ITU_DH,ITU DataHub,0,Units,RATIO,Ratio,602,CCYY,A,Normal value,PU,Public
datastructure,WB.DATA360:DS_DATA360(1.2),I,A,Annual,DEU,Germany,ITU_DH_INV_COMP,Percentage of individuals using a computer (ITU),_T,Total,_T,All age ranges or no breakdown by age,_T,Total,PT_HH,Percentage of households,_Z,Not Applicable,_Z,Not Applicable,_Z,Not Applicable,2011,83.55,MEAN,Mean,ITU_DH,ITU DataHub,0,Units,RATIO,Ratio,602,CCYY,A,Normal value,PU,Public
datastructure,WB.DATA360:DS_DATA360(1.2),I,A,Annual,DEU,Germany,ITU_DH_INV_COMP,Percentage of individuals using a computer (ITU),_T,Total,_T,All age ranges or no breakdown by age,_T,Total,PT_HH,Percentage of households,_Z,Not Applicable,_Z,Not Applicable,_Z,Not Applicable,2012,83.8698,MEAN,Mean,ITU_DH,ITU DataHub,0,Units,RATIO,Ratio,602,CCYY,A,Normal value,PU,Public
datastructure,WB.DATA360:DS_DATA360(1.2),I,A,Annual,DEU,Germany,ITU_DH_INV_COMP,Percentage of individuals using a computer (ITU),_T,Total,_T,All age ranges or no breakdown by age,_T,Total,PT_HH,Percentage of households,_Z,Not Applicable,_Z,Not Applicable,_Z,Not Applicable,2013,85.4616,MEAN,Mean,ITU_DH,ITU DataHub,0,Units,RATIO,Ratio,602,CCYY,A,Normal value,PU,Public
datastructure,WB.DATA360:DS_DATA360(1.2),I,A,Annual,DEU,Germany,ITU_DH_INV_COMP,Percentage of individuals using a computer (ITU),_T,Total,_T,All age ranges or no breakdown by age,_T,Total,PT_HH,Percentage of households,_Z,Not Applicable,_Z,Not Applicable,_Z,Not Applicable,2014,87.0727,MEAN,Mean,ITU_DH,ITU DataHub,0,Units,RATIO,Ratio,602,CCYY,A,Normal value,PU,Public
datastructure,WB.DATA360:DS_DATA360(1.2),I,A,Annual,DEU,Germany,ITU_DH_INV_COMP,Percentage of individuals using a computer (ITU),_T,Total,_T,All age ranges or no breakdown by age,_T,Total,PT_HH,Percentage of households,_Z,Not Applicable,_Z,Not Applicable,_Z,Not Applicable,2015,87.9542,MEAN,Mean,ITU_DH,ITU DataHub,0,Units,RATIO,Ratio,602,CCYY,A,Normal value,PU,Public
datastructure,WB.DATA360:DS_DATA360(1.2),I,A,Annual,DEU,Germany,ITU_DH_INV_COMP,Percentage of individuals using a computer (ITU),_T,Total,_T,All age ranges or no breakdown by age,_T,Total,PT_HH,Percentage of households,_Z,Not Applicable,_Z,Not Applicable,_Z,Not Applicable,2017,88.7883,MEAN,Mean,ITU_DH,ITU DataHub,0,Units,RATIO,Ratio,602,CCYY,A,Normal value,PU,Public
datastructure,WB.DATA360:DS_DATA360(1.2),I,A,Annual,DEU,Germany,ITU_DH_INV_COMP,Percentage of individuals using a computer (ITU),_T,Total,_T,All age ranges or no breakdown by age,_T,Total,PT_HH,Percentage of households,_Z,Not Applicable,_Z,Not Applicable,_Z,Not Applicable,2021,88.9549,MEAN,Mean,ITU_DH,ITU DataHub,0,Units,RATIO,Ratio,602,CCYY,A,Normal value,PU,Public
datastructure,WB.DATA360:DS_DATA360(1.2),I,A,Annual,DNK,Denmark,ITU_DH_INV_COMP,Percentage of individuals using a computer (ITU),_T,Total,_T,All age ranges or no breakdown by age,_T,Total,PT_HH,Percentage of households,_Z,Not Applicable,_Z,Not Applicable,_Z,Not Applicable,2002,71.6453,MEAN,Mean,ITU_DH,ITU DataHub,0,Units,RATIO,Ratio,602,CCYY,A,Normal value,PU,Public
datastructure,WB.DATA360:DS_DATA360(1.2),I,A,Annual,DNK,Denmark,ITU_DH_INV_COMP,Percentage of individuals using a computer (ITU),_T,Total,_T,All age ranges or no breakdown by age,_T,Total,PT_HH,Percentage of households,_Z,Not Applicable,_Z,Not Applicable,_Z,Not Applicable,2003,78.1345,MEAN,Mean,ITU_DH,ITU DataHub,0,Units,RATIO,Ratio,602,CCYY,A,Normal value,PU,Public
datastructure,WB.DATA360:DS_DATA360(1.2),I,A,Annual,DNK,Denmark,ITU_DH_INV_COMP,Percentage of individuals using a computer (ITU),_T,Total,_T,All age ranges or no breakdown by age,_T,Total,PT_HH,Percentage of households,_Z,Not Applicable,_Z,Not Applicable,_Z,Not Applicable,2004,85.1383,MEAN,Mean,ITU_DH,ITU DataHub,0,Units,RATIO,Ratio,602,CCYY,A,Normal value,PU,Public
datastructure,WB.DATA360:DS_DATA360(1.2),I,A,Annual,DNK,Denmark,ITU_DH_INV_COMP,Percentage of individuals using a computer (ITU),_T,Total,_T,All age ranges or no breakdown by age,_T,Total,PT_HH,Percentage of households,_Z,Not Applicable,_Z,Not Applicable,_Z,Not Applicable,2005,86.7094,MEAN,Mean,ITU_DH,ITU DataHub,0,Units,RATIO,Ratio,602,CCYY,A,Normal value,PU,Public
datastructure,WB.DATA360:DS_DATA360(1.2),I,A,Annual,DNK,Denmark,ITU_DH_INV_COMP,Percentage of individuals using a computer (ITU),_T,Total,_T,All age ranges or no breakdown by age,_T,Total,PT_HH,Percentage of households,_Z,Not Applicable,_Z,Not Applicable,_Z,Not Applicable,2006,88.9544,MEAN,Mean,ITU_DH,ITU DataHub,0,Units,RATIO,Ratio,602,CCYY,A,Normal value,PU,Public
datastructure,WB.DATA360:DS_DATA360(1.2),I,A,Annual,DNK,Denmark,ITU_DH_INV_COMP,Percentage of individuals using a computer (ITU),_T,Total,_T,All age ranges or no breakdown by age,_T,Total,PT_HH,Percentage of households,_Z,Not Applicable,_Z,Not Applicable,_Z,Not Applicable,2007,87.0006,MEAN,Mean,ITU_DH,ITU DataHub,0,Units,RATIO,Ratio,602,CCYY,A,Normal value,PU,Public
datastructure,WB.DATA360:DS_DATA360(1.2),I,A,Annual,DNK,Denmark,ITU_DH_INV_COMP,Percentage of individuals using a computer (ITU),_T,Total,_T,All age ranges or no breakdown by age,_T,Total,PT_HH,Percentage of households,_Z,Not Applicable,_Z,Not Applicable,_Z,Not Applicable,2008,86.4791,MEAN,Mean,ITU_DH,ITU DataHub,0,Units,RATIO,Ratio,602,CCYY,A,Normal value,PU,Public
datastructure,WB.DATA360:DS_DATA360(1.2),I,A,Annual,DNK,Denmark,ITU_DH_INV_COMP,Percentage of individuals using a computer (ITU),_T,Total,_T,All age ranges or no breakdown by age,_T,Total,PT_HH,Percentage of households,_Z,Not Applicable,_Z,Not Applicable,_Z,Not Applicable,2009,87.9123,MEAN,Mean,ITU_DH,ITU DataHub,0,Units,RATIO,Ratio,602,CCYY,A,Normal value,PU,Public
datastructure,WB.DATA360:DS_DATA360(1.2),I,A,Annual,DNK,Denmark,ITU_DH_INV_COMP,Percentage of individuals using a computer (ITU),_T,Total,_T,All age ranges or no breakdown by age,_T,Total,PT_HH,Percentage of households,_Z,Not Applicable,_Z,Not Applicable,_Z,Not Applicable,2010,89.8044,MEAN,Mean,ITU_DH,ITU DataHub,0,Units,RATIO,Ratio,602,CCYY,A,Normal value,PU,Public
datastructure,WB.DATA360:DS_DATA360(1.2),I,A,Annual,DNK,Denmark,ITU_DH_INV_COMP,Percentage of individuals using a computer (ITU),_T,Total,_T,All age ranges or no breakdown by age,_T,Total,PT_HH,Percentage of households,_Z,Not Applicable,_Z,Not Applicable,_Z,Not Applicable,2011,90.21,MEAN,Mean,ITU_DH,ITU DataHub,0,Units,RATIO,Ratio,602,CCYY,A,Normal value,PU,Public
datastructure,WB.DATA360:DS_DATA360(1.2),I,A,Annual,DNK,Denmark,ITU_DH_INV_COMP,Percentage of individuals using a computer (ITU),_T,Total,_T,All age ranges or no breakdown by age,_T,Total,PT_HH,Percentage of households,_Z,Not Applicable,_Z,Not Applicable,_Z,Not Applicable,2012,92.7582,MEAN,Mean,ITU_DH,ITU DataHub,0,Units,RATIO,Ratio,602,CCYY,A,Normal value,PU,Public
datastructure,WB.DATA360:DS_DATA360(1.2),I,A,Annual,DNK,Denmark,ITU_DH_INV_COMP,Percentage of individuals using a computer (ITU),_T,Total,_T,All age ranges or no breakdown by age,_T,Total,PT_HH,Percentage of households,_Z,Not Applicable,_Z,Not Applicable,_Z,Not Applicable,2013,95.1236,MEAN,Mean,ITU_DH,ITU DataHub,0,Units,RATIO,Ratio,602,CCYY,A,Normal value,PU,Public
datastructure,WB.DATA360:DS_DATA360(1.2),I,A,Annual,DNK,Denmark,ITU_DH_INV_COMP,Percentage of individuals using a computer (ITU),_T,Total,_T,All age ranges or no breakdown by age,_T,Total,PT_HH,Percentage of households,_Z,Not Applicable,_Z,Not Applicable,_Z,Not Applicable,2014,96.0771,MEAN,Mean,ITU_DH,ITU DataHub,0,Units,RATIO,Ratio,602,CCYY,A,Normal value,PU,Public
datastructure,WB.DATA360:DS_DATA360(1.2),I,A,Annual,DNK,Denmark,ITU_DH_INV_COMP,Percentage of individuals using a computer (ITU),_T,Total,_T,All age ranges or no breakdown by age,_T,Total,PT_HH,Percentage of households,_Z,Not Applicable,_Z,Not Applicable,_Z,Not Applicable,2015,95.873,MEAN,Mean,ITU_DH,ITU DataHub,0,Units,RATIO,Ratio,602,CCYY,A,Normal value,PU,Public
datastructure,WB.DATA360:DS_DATA360(1.2),I,A,Annual,DNK,Denmark,ITU_DH_INV_COMP,Percentage of individuals using a computer (ITU),_T,Total,_T,All age ranges or no breakdown by age,_T,Total,PT_HH,Percentage of households,_Z,Not Applicable,_Z,Not Applicable,_Z,Not Applicable,2017,94.2175,MEAN,Mean,ITU_DH,ITU DataHub,0,Units,RATIO,Ratio,602,CCYY,A,Normal value,PU,Public
datastructure,WB.DATA360:DS_DATA360(1.2),I,A,Annual,DNK,Denmark,ITU_DH_INV_COMP,Percentage of individuals using a computer (ITU),_T,Total,_T,All age ranges or no breakdown by age,_T,Total,PT_HH,Percentage of households,_Z,Not Applicable,_Z,Not Applicable,_Z,Not Applicable,2018,92.1418,MEAN,Mean,ITU_DH,ITU DataHub,0,Units,RATIO,Ratio,602,CCYY,A,Normal value,PU,Public
datastructure,WB.DATA360:DS_DATA360(1.2),I,A,Annual,DOM,Dominican Republic,ITU_DH_INV_COMP,Percentage of individuals using a computer (ITU),_T,Total,_T,All age ranges or no breakdown by age,_T,Total,PT_HH,Percentage of households,_Z,Not Applicable,_Z,Not Applicable,_Z,Not Applicable,2017,40.0498,MEAN,Mean,ITU_DH,ITU DataHub,0,Units,RATIO,Ratio,602,CCYY,A,Normal value,PU,Public
datastructure,WB.DATA360:DS_DATA360(1.2),I,A,Annual,DOM,Dominican Republic,ITU_DH_INV_COMP,Percentage of individuals using a computer (ITU),_T,Total,_T,All age ranges or no breakdown by age,_T,Total,PT_HH,Percentage of households,_Z,Not Applicable,_Z,Not Applicable,_Z,Not Applicable,2018,39.8099,MEAN,Mean,ITU_DH,ITU DataHub,0,Units,RATIO,Ratio,602,CCYY,A,Normal value,PU,Public
datastructure,WB.DATA360:DS_DATA360(1.2),I,A,Annual,DOM,Dominican Republic,ITU_DH_INV_COMP,Percentage of individuals using a computer (ITU),_T,Total,_T,All age ranges or no breakdown by age,_T,Total,PT_HH,Percentage of households,_Z,Not Applicable,_Z,Not Applicable,_Z,Not Applicable,2021,37.5477,MEAN,Mean,ITU_DH,ITU DataHub,0,Units,RATIO,Ratio,602,CCYY,A,Normal value,PU,Public
datastructure,WB.DATA360:DS_DATA360(1.2),I,A,Annual,DOM,Dominican Republic,ITU_DH_INV_COMP,Percentage of individuals using a computer (ITU),_T,Total,_T,All age ranges or no breakdown by age,_T,Total,PT_HH,Percentage of households,_Z,Not Applicable,_Z,Not Applicable,_Z,Not Applicable,2022,33.9894,MEAN,Mean,ITU_DH,ITU DataHub,0,Units,RATIO,Ratio,602,CCYY,A,Normal value,PU,Public
datastructure,WB.DATA360:DS_DATA360(1.2),I,A,Annual,DOM,Dominican Republic,ITU_DH_INV_COMP,Percentage of individuals using a computer (ITU),_T,Total,_T,All age ranges or no breakdown by age,_T,Total,PT_HH,Percentage of households,_Z,Not Applicable,_Z,Not Applicable,_Z,Not Applicable,2024,34.8293,MEAN,Mean,ITU_DH,ITU DataHub,0,Units,RATIO,Ratio,602,CCYY,A,Normal value,PU,Public
datastructure,WB.DATA360:DS_DATA360(1.2),I,A,Annual,ESP,Spain,ITU_DH_INV_COMP,Percentage of individuals using a computer (ITU),_T,Total,_T,All age ranges or no breakdown by age,_T,Total,PT_HH,Percentage of households,_Z,Not Applicable,_Z,Not Applicable,_Z,Not Applicable,2002,20.3324,MEAN,Mean,ITU_DH,ITU DataHub,0,Units,RATIO,Ratio,602,CCYY,A,Normal value,PU,Public
datastructure,WB.DATA360:DS_DATA360(1.2),I,A,Annual,ESP,Spain,ITU_DH_INV_COMP,Percentage of individuals using a computer (ITU),_T,Total,_T,All age ranges or no breakdown by age,_T,Total,PT_HH,Percentage of households,_Z,Not Applicable,_Z,Not Applicable,_Z,Not Applicable,2003,45.7701,MEAN,Mean,ITU_DH,ITU DataHub,0,Units,RATIO,Ratio,602,CCYY,A,Normal value,PU,Public
datastructure,WB.DATA360:DS_DATA360(1.2),I,A,Annual,ESP,Spain,ITU_DH_INV_COMP,Percentage of individuals using a computer (ITU),_T,Total,_T,All age ranges or no breakdown by age,_T,Total,PT_HH,Percentage of households,_Z,Not Applicable,_Z,Not Applicable,_Z,Not Applicable,2004,52.4529,MEAN,Mean,ITU_DH,ITU DataHub,0,Units,RATIO,Ratio,602,CCYY,A,Normal value,PU,Public
datastructure,WB.DATA360:DS_DATA360(1.2),I,A,Annual,ESP,Spain,ITU_DH_INV_COMP,Percentage of individuals using a computer (ITU),_T,Total,_T,All age ranges or no breakdown by age,_T,Total,PT_HH,Percentage of households,_Z,Not Applicable,_Z,Not Applicable,_Z,Not Applicable,2005,55.2198,MEAN,Mean,ITU_DH,ITU DataHub,0,Units,RATIO,Ratio,602,CCYY,A,Normal value,PU,Public
datastructure,WB.DATA360:DS_DATA360(1.2),I,A,Annual,ESP,Spain,ITU_DH_INV_COMP,Percentage of individuals using a computer (ITU),_T,Total,_T,All age ranges or no breakdown by age,_T,Total,PT_HH,Percentage of households,_Z,Not Applicable,_Z,Not Applicable,_Z,Not Applicable,2006,56.5404,MEAN,Mean,ITU_DH,ITU DataHub,0,Units,RATIO,Ratio,602,CCYY,A,Normal value,PU,Public
datastructure,WB.DATA360:DS_DATA360(1.2),I,A,Annual,ESP,Spain,ITU_DH_INV_COMP,Percentage of individuals using a computer (ITU),_T,Total,_T,All age ranges or no breakdown by age,_T,Total,PT_HH,Percentage of households,_Z,Not Applicable,_Z,Not Applicable,_Z,Not Applicable,2007,59.837,MEAN,Mean,ITU_DH,ITU DataHub,0,Units,RATIO,Ratio,602,CCYY,A,Normal value,PU,Public
datastructure,WB.DATA360:DS_DATA360(1.2),I,A,Annual,ESP,Spain,ITU_DH_INV_COMP,Percentage of individuals using a computer (ITU),_T,Total,_T,All age ranges or no breakdown by age,_T,Total,PT_HH,Percentage of households,_Z,Not Applicable,_Z,Not Applicable,_Z,Not Applicable,2008,63.7027,MEAN,Mean,ITU_DH,ITU DataHub,0,Units,RATIO,Ratio,602,CCYY,A,Normal value,PU,Public
datastructure,WB.DATA360:DS_DATA360(1.2),I,A,Annual,ESP,Spain,ITU_DH_INV_COMP,Percentage of individuals using a computer (ITU),_T,Total,_T,All age ranges or no breakdown by age,_T,Total,PT_HH,Percentage of households,_Z,Not Applicable,_Z,Not Applicable,_Z,Not Applicable,2009,65.7643,MEAN,Mean,ITU_DH,ITU DataHub,0,Units,RATIO,Ratio,602,CCYY,A,Normal value,PU,Public
datastructure,WB.DATA360:DS_DATA360(1.2),I,A,Annual,ESP,Spain,ITU_DH_INV_COMP,Percentage of individuals using a computer (ITU),_T,Total,_T,All age ranges or no breakdown by age,_T,Total,PT_HH,Percentage of households,_Z,Not Applicable,_Z,Not Applicable,_Z,Not Applicable,2010,69.6639,MEAN,Mean,ITU_DH,ITU DataHub,0,Units,RATIO,Ratio,602,CCYY,A,Normal value,PU,Public
datastructure,WB.DATA360:DS_DATA360(1.2),I,A,Annual,ESP,Spain,ITU_DH_INV_COMP,Percentage of individuals using a computer (ITU),_T,Total,_T,All age ranges or no breakdown by age,_T,Total,PT_HH,Percentage of households,_Z,Not Applicable,_Z,Not Applicable,_Z,Not Applicable,2011,69.29,MEAN,Mean,ITU_DH,ITU DataHub,0,Units,RATIO,Ratio,602,CCYY,A,Normal value,PU,Public
datastructure,WB.DATA360:DS_DATA360(1.2),I,A,Annual,ESP,Spain,ITU_DH_INV_COMP,Percentage of individuals using a computer (ITU),_T,Total,_T,All age ranges or no breakdown by age,_T,Total,PT_HH,Percentage of households,_Z,Not Applicable,_Z,Not Applicable,_Z,Not Applicable,2012,72.0026,MEAN,Mean,ITU_DH,ITU DataHub,0,Units,RATIO,Ratio,602,CCYY,A,Normal value,PU,Public
datastructure,WB.DATA360:DS_DATA360(1.2),I,A,Annual,ESP,Spain,ITU_DH_INV_COMP,Percentage of individuals using a computer (ITU),_T,Total,_T,All age ranges or no breakdown by age,_T,Total,PT_HH,Percentage of households,_Z,Not Applicable,_Z,Not Applicable,_Z,Not Applicable,2013,72.0326,MEAN,Mean,ITU_DH,ITU DataHub,0,Units,RATIO,Ratio,602,CCYY,A,Normal value,PU,Public
datastructure,WB.DATA360:DS_DATA360(1.2),I,A,Annual,ESP,Spain,ITU_DH_INV_COMP,Percentage of individuals using a computer (ITU),_T,Total,_T,All age ranges or no breakdown by age,_T,Total,PT_HH,Percentage of households,_Z,Not Applicable,_Z,Not Applicable,_Z,Not Applicable,2014,73.3234,MEAN,Mean,ITU_DH,ITU DataHub,0,Units,RATIO,Ratio,602,CCYY,A,Normal value,PU,Public
datastructure,WB.DATA360:DS_DATA360(1.2),I,A,Annual,ESP,Spain,ITU_DH_INV_COMP,Percentage of individuals using a computer (ITU),_T,Total,_T,All age ranges or no breakdown by age,_T,Total,PT_HH,Percentage of households,_Z,Not Applicable,_Z,Not Applicable,_Z,Not Applicable,2015,73.8017,MEAN,Mean,ITU_DH,ITU DataHub,0,Units,RATIO,Ratio,602,CCYY,A,Normal value,PU,Public
datastructure,WB.DATA360:DS_DATA360(1.2),I,A,Annual,ESP,Spain,ITU_DH_INV_COMP,Percentage of individuals using a computer (ITU),_T,Total,_T,All age ranges or no breakdown by age,_T,Total,PT_HH,Percentage of households,_Z,Not Applicable,_Z,Not Applicable,_Z,Not Applicable,2017,73.9921,MEAN,Mean,ITU_DH,ITU DataHub,0,Units,RATIO,Ratio,602,CCYY,A,Normal value,PU,Public
datastructure,WB.DATA360:DS_DATA360(1.2),I,A,Annual,EGY,"Egypt, Arab Rep.",ITU_DH_INV_COMP,Percentage of individuals using a computer (ITU),_T,Total,_T,All age ranges or no breakdown by age,_T,Total,PT_HH,Percentage of households,_Z,Not Applicable,_Z,Not Applicable,_Z,Not Applicable,2013,36.9371,MEAN,Mean,ITU_DH,ITU DataHub,0,Units,RATIO,Ratio,602,CCYY,A,Normal value,PU,Public
datastructure,WB.DATA360:DS_DATA360(1.2),I,A,Annual,EGY,"Egypt, Arab Rep.",ITU_DH_INV_COMP,Percentage of individuals using a computer (ITU),_T,Total,_T,All age ranges or no breakdown by age,_T,Total,PT_HH,Percentage of households,_Z,Not Applicable,_Z,Not Applicable,_Z,Not Applicable,2014,40.942,MEAN,Mean,ITU_DH,ITU DataHub,0,Units,RATIO,Ratio,602,CCYY,A,Normal value,PU,Public
datastructure,WB.DATA360:DS_DATA360(1.2),I,A,Annual,EGY,"Egypt, Arab Rep.",ITU_DH_INV_COMP,Percentage of individuals using a computer (ITU),_T,Total,_T,All age ranges or no breakdown by age,_T,Total,PT_HH,Percentage of households,_Z,Not Applicable,_Z,Not Applicable,_Z,Not Applicable,2015,45.5645,MEAN,Mean,ITU_DH,ITU DataHub,0,Units,RATIO,Ratio,602,CCYY,A,Normal value,PU,Public
datastructure,WB.DATA360:DS_DATA360(1.2),I,A,Annual,EGY,"Egypt, Arab Rep.",ITU_DH_INV_COMP,Percentage of individuals using a computer (ITU),_T,Total,_T,All age ranges or no breakdown by age,_T,Total,PT_HH,Percentage of households,_Z,Not Applicable,_Z,Not Applicable,_Z,Not Applicable,2016,48.7017,MEAN,Mean,ITU_DH,ITU DataHub,0,Units,RATIO,Ratio,602,CCYY,A,Normal value,PU,Public
datastructure,WB.DATA360:DS_DATA360(1.2),I,A,Annual,EGY,"Egypt, Arab Rep.",ITU_DH_INV_COMP,Percentage of individuals using a computer (ITU),_T,Total,_T,All age ranges or no breakdown by age,_T,Total,PT_HH,Percentage of households,_Z,Not Applicable,_Z,Not Applicable,_Z,Not Applicable,2017,43.5609,MEAN,Mean,ITU_DH,ITU DataHub,0,Units,RATIO,Ratio,602,CCYY,A,Normal value,PU,Public
datastructure,WB.DATA360:DS_DATA360(1.2),I,A,Annual,EGY,"Egypt, Arab Rep.",ITU_DH_INV_COMP,Percentage of individuals using a computer (ITU),_T,Total,_T,All age ranges or no breakdown by age,_T,Total,PT_HH,Percentage of households,_Z,Not Applicable,_Z,Not Applicable,_Z,Not Applicable,2018,46.7532,MEAN,Mean,ITU_DH,ITU DataHub,0,Units,RATIO,Ratio,602,CCYY,A,Normal value,PU,Public
datastructure,WB.DATA360:DS_DATA360(1.2),I,A,Annual,EGY,"Egypt, Arab Rep.",ITU_DH_INV_COMP,Percentage of individuals using a computer (ITU),_T,Total,_T,All age ranges or no breakdown by age,_T,Total,PT_HH,Percentage of households,_Z,Not Applicable,_Z,Not Applicable,_Z,Not Applicable,2019,56.7264,MEAN,Mean,ITU_DH,ITU DataHub,0,Units,RATIO,Ratio,602,CCYY,A,Normal value,PU,Public
datastructure,WB.DATA360:DS_DATA360(1.2),I,A,Annual,EGY,"Egypt, Arab Rep.",ITU_DH_INV_COMP,Percentage of individuals using a computer (ITU),_T,Total,_T,All age ranges or no breakdown by age,_T,Total,PT_HH,Percentage of households,_Z,Not Applicable,_Z,Not Applicable,_Z,Not Applicable,2020,69.176,MEAN,Mean,ITU_DH,ITU DataHub,0,Units,RATIO,Ratio,602,CCYY,A,Normal value,PU,Public
datastructure,WB.DATA360:DS_DATA360(1.2),I,A,Annual,ECU,Ecuador,ITU_DH_INV_COMP,Percentage of individuals using a computer (ITU),_T,Total,_T,All age ranges or no breakdown by age,_T,Total,PT_HH,Percentage of households,_Z,Not Applicable,_Z,Not Applicable,_Z,Not Applicable,2008,40.9658,MEAN,Mean,ITU_DH,ITU DataHub,0,Units,RATIO,Ratio,602,CCYY,A,Normal value,PU,Public
datastructure,WB.DATA360:DS_DATA360(1.2),I,A,Annual,ECU,Ecuador,ITU_DH_INV_COMP,Percentage of individuals using a computer (ITU),_T,Total,_T,All age ranges or no breakdown by age,_T,Total,PT_HH,Percentage of households,_Z,Not Applicable,_Z,Not Applicable,_Z,Not Applicable,2009,33.615,MEAN,Mean,ITU_DH,ITU DataHub,0,Units,RATIO,Ratio,602,CCYY,A,Normal value,PU,Public
datastructure,WB.DATA360:DS_DATA360(1.2),I,A,Annual,ECU,Ecuador,ITU_DH_INV_COMP,Percentage of individuals using a computer (ITU),_T,Total,_T,All age ranges or no breakdown by age,_T,Total,PT_HH,Percentage of households,_Z,Not Applicable,_Z,Not Applicable,_Z,Not Applicable,2010,37.4513,MEAN,Mean,ITU_DH,ITU DataHub,0,Units,RATIO,Ratio,602,CCYY,A,Normal value,PU,Public
datastructure,WB.DATA360:DS_DATA360(1.2),I,A,Annual,ECU,Ecuador,ITU_DH_INV_COMP,Percentage of individuals using a computer (ITU),_T,Total,_T,All age ranges or no breakdown by age,_T,Total,PT_HH,Percentage of households,_Z,Not Applicable,_Z,Not Applicable,_Z,Not Applicable,2011,36.1432,MEAN,Mean,ITU_DH,ITU DataHub,0,Units,RATIO,Ratio,602,CCYY,A,Normal value,PU,Public
datastructure,WB.DATA360:DS_DATA360(1.2),I,A,Annual,ECU,Ecuador,ITU_DH_INV_COMP,Percentage of individuals using a computer (ITU),_T,Total,_T,All age ranges or no breakdown by age,_T,Total,PT_HH,Percentage of households,_Z,Not Applicable,_Z,Not Applicable,_Z,Not Applicable,2012,38.7421,MEAN,Mean,ITU_DH,ITU DataHub,0,Units,RATIO,Ratio,602,CCYY,A,Normal value,PU,Public
datastructure,WB.DATA360:DS_DATA360(1.2),I,A,Annual,ECU,Ecuador,ITU_DH_INV_COMP,Percentage of individuals using a computer (ITU),_T,Total,_T,All age ranges or no breakdown by age,_T,Total,PT_HH,Percentage of households,_Z,Not Applicable,_Z,Not Applicable,_Z,Not Applicable,2022,31.2537,MEAN,Mean,ITU_DH,ITU DataHub,0,Units,RATIO,Ratio,602,CCYY,A,Normal value,PU,Public
datastructure,WB.DATA360:DS_DATA360(1.2),I,A,Annual,ECU,Ecuador,ITU_DH_INV_COMP,Percentage of individuals using a computer (ITU),_T,Total,_T,All age ranges or no breakdown by age,_T,Total,PT_HH,Percentage of households,_Z,Not Applicable,_Z,Not Applicable,_Z,Not Applicable,2023,27.6589,MEAN,Mean,ITU_DH,ITU DataHub,0,Units,RATIO,Ratio,602,CCYY,A,Normal value,PU,Public
datastructure,WB.DATA360:DS_DATA360(1.2),I,A,Annual,ECU,Ecuador,ITU_DH_INV_COMP,Percentage of individuals using a computer (ITU),_T,Total,_T,All age ranges or no breakdown by age,_T,Total,PT_HH,Percentage of households,_Z,Not Applicable,_Z,Not Applicable,_Z,Not Applicable,2024,28.9863,MEAN,Mean,ITU_DH,ITU DataHub,0,Units,RATIO,Ratio,602,CCYY,A,Normal value,PU,Public
datastructure,WB.DATA360:DS_DATA360(1.2),I,A,Annual,EST,Estonia,ITU_DH_INV_COMP,Percentage of individuals using a computer (ITU),_T,Total,_T,All age ranges or no breakdown by age,_T,Total,PT_HH,Percentage of households,_Z,Not Applicable,_Z,Not Applicable,_Z,Not Applicable,2004,55.9589,MEAN,Mean,ITU_DH,ITU DataHub,0,Units,RATIO,Ratio,602,CCYY,A,Normal value,PU,Public
datastructure,WB.DATA360:DS_DATA360(1.2),I,A,Annual,EST,Estonia,ITU_DH_INV_COMP,Percentage of individuals using a computer (ITU),_T,Total,_T,All age ranges or no breakdown by age,_T,Total,PT_HH,Percentage of households,_Z,Not Applicable,_Z,Not Applicable,_Z,Not Applicable,2005,62.9332,MEAN,Mean,ITU_DH,ITU DataHub,0,Units,RATIO,Ratio,602,CCYY,A,Normal value,PU,Public
datastructure,WB.DATA360:DS_DATA360(1.2),I,A,Annual,EST,Estonia,ITU_DH_INV_COMP,Percentage of individuals using a computer (ITU),_T,Total,_T,All age ranges or no breakdown by age,_T,Total,PT_HH,Percentage of households,_Z,Not Applicable,_Z,Not Applicable,_Z,Not Applicable,2006,64.3294,MEAN,Mean,ITU_DH,ITU DataHub,0,Units,RATIO,Ratio,602,CCYY,A,Normal value,PU,Public
datastructure,WB.DATA360:DS_DATA360(1.2),I,A,Annual,EST,Estonia,ITU_DH_INV_COMP,Percentage of individuals using a computer (ITU),_T,Total,_T,All age ranges or no breakdown by age,_T,Total,PT_HH,Percentage of households,_Z,Not Applicable,_Z,Not Applicable,_Z,Not Applicable,2007,67.3488,MEAN,Mean,ITU_DH,ITU DataHub,0,Units,RATIO,Ratio,602,CCYY,A,Normal value,PU,Public
datastructure,WB.DATA360:DS_DATA360(1.2),I,A,Annual,EST,Estonia,ITU_DH_INV_COMP,Percentage of individuals using a computer (ITU),_T,Total,_T,All age ranges or no breakdown by age,_T,Total,PT_HH,Percentage of households,_Z,Not Applicable,_Z,Not Applicable,_Z,Not Applicable,2008,70.5706,MEAN,Mean,ITU_DH,ITU DataHub,0,Units,RATIO,Ratio,602,CCYY,A,Normal value,PU,Public
datastructure,WB.DATA360:DS_DATA360(1.2),I,A,Annual,EST,Estonia,ITU_DH_INV_COMP,Percentage of individuals using a computer (ITU),_T,Total,_T,All age ranges or no breakdown by age,_T,Total,PT_HH,Percentage of households,_Z,Not Applicable,_Z,Not Applicable,_Z,Not Applicable,2009,72.4667,MEAN,Mean,ITU_DH,ITU DataHub,0,Units,RATIO,Ratio,602,CCYY,A,Normal value,PU,Public
datastructure,WB.DATA360:DS_DATA360(1.2),I,A,Annual,EST,Estonia,ITU_DH_INV_COMP,Percentage of individuals using a computer (ITU),_T,Total,_T,All age ranges or no breakdown by age,_T,Total,PT_HH,Percentage of households,_Z,Not Applicable,_Z,Not Applicable,_Z,Not Applicable,2010,75.5795,MEAN,Mean,ITU_DH,ITU DataHub,0,Units,RATIO,Ratio,602,CCYY,A,Normal value,PU,Public
datastructure,WB.DATA360:DS_DATA360(1.2),I,A,Annual,EST,Estonia,ITU_DH_INV_COMP,Percentage of individuals using a computer (ITU),_T,Total,_T,All age ranges or no breakdown by age,_T,Total,PT_HH,Percentage of households,_Z,Not Applicable,_Z,Not Applicable,_Z,Not Applicable,2011,76.78,MEAN,Mean,ITU_DH,ITU DataHub,0,Units,RATIO,Ratio,602,CCYY,A,Normal value,PU,Public
datastructure,WB.DATA360:DS_DATA360(1.2),I,A,Annual,EST,Estonia,ITU_DH_INV_COMP,Percentage of individuals using a computer (ITU),_T,Total,_T,All age ranges or no breakdown by age,_T,Total,PT_HH,Percentage of households,_Z,Not Applicable,_Z,Not Applicable,_Z,Not Applicable,2012,78.3618,MEAN,Mean,ITU_DH,ITU DataHub,0,Units,RATIO,Ratio,602,CCYY,A,Normal value,PU,Public
datastructure,WB.DATA360:DS_DATA360(1.2),I,A,Annual,EST,Estonia,ITU_DH_INV_COMP,Percentage of individuals using a computer (ITU),_T,Total,_T,All age ranges or no breakdown by age,_T,Total,PT_HH,Percentage of households,_Z,Not Applicable,_Z,Not Applicable,_Z,Not Applicable,2013,80.6633,MEAN,Mean,ITU_DH,ITU DataHub,0,Units,RATIO,Ratio,602,CCYY,A,Normal value,PU,Public
datastructure,WB.DATA360:DS_DATA360(1.2),I,A,Annual,EST,Estonia,ITU_DH_INV_COMP,Percentage of individuals using a computer (ITU),_T,Total,_T,All age ranges or no breakdown by age,_T,Total,PT_HH,Percentage of households,_Z,Not Applicable,_Z,Not Applicable,_Z,Not Applicable,2014,84.2253,MEAN,Mean,ITU_DH,ITU DataHub,0,Units,RATIO,Ratio,602,CCYY,A,Normal value,PU,Public
datastructure,WB.DATA360:DS_DATA360(1.2),I,A,Annual,EST,Estonia,ITU_DH_INV_COMP,Percentage of individuals using a computer (ITU),_T,Total,_T,All age ranges or no breakdown by age,_T,Total,PT_HH,Percentage of households,_Z,Not Applicable,_Z,Not Applicable,_Z,Not Applicable,2015,88.2708,MEAN,Mean,ITU_DH,ITU DataHub,0,Units,RATIO,Ratio,602,CCYY,A,Normal value,PU,Public
datastructure,WB.DATA360:DS_DATA360(1.2),I,A,Annual,EST,Estonia,ITU_DH_INV_COMP,Percentage of individuals using a computer (ITU),_T,Total,_T,All age ranges or no breakdown by age,_T,Total,PT_HH,Percentage of households,_Z,Not Applicable,_Z,Not Applicable,_Z,Not Applicable,2017,87.5902,MEAN,Mean,ITU_DH,ITU DataHub,0,Units,RATIO,Ratio,602,CCYY,A,Normal value,PU,Public
datastructure,WB.DATA360:DS_DATA360(1.2),I,A,Annual,ETH,Ethiopia,ITU_DH_INV_COMP,Percentage of individuals using a computer (ITU),_T,Total,_T,All age ranges or no breakdown by age,_T,Total,PT_HH,Percentage of households,_Z,Not Applicable,_Z,Not Applicable,_Z,Not Applicable,2021,9.90021,MEAN,Mean,ITU_DH,ITU DataHub,0,Units,RATIO,Ratio,602,CCYY,A,Normal value,PU,Public
datastructure,WB.DATA360:DS_DATA360(1.2),I,A,Annual,FRA,France,ITU_DH_INV_COMP,Percentage of individuals using a computer (ITU),_T,Total,_T,All age ranges or no breakdown by age,_T,Total,PT_HH,Percentage of households,_Z,Not Applicable,_Z,Not Applicable,_Z,Not Applicable,2006,55.3078,MEAN,Mean,ITU_DH,ITU DataHub,0,Units,RATIO,Ratio,602,CCYY,A,Normal value,PU,Public
datastructure,WB.DATA360:DS_DATA360(1.2),I,A,Annual,FRA,France,ITU_DH_INV_COMP,Percentage of individuals using a computer (ITU),_T,Total,_T,All age ranges or no breakdown by age,_T,Total,PT_HH,Percentage of households,_Z,Not Applicable,_Z,Not Applicable,_Z,Not Applicable,2007,71.6131,MEAN,Mean,ITU_DH,ITU DataHub,0,Units,RATIO,Ratio,602,CCYY,A,Normal value,PU,Public
datastructure,WB.DATA360:DS_DATA360(1.2),I,A,Annual,FRA,France,ITU_DH_INV_COMP,Percentage of individuals using a computer (ITU),_T,Total,_T,All age ranges or no breakdown by age,_T,Total,PT_HH,Percentage of households,_Z,Not Applicable,_Z,Not Applicable,_Z,Not Applicable,2008,73.5779,MEAN,Mean,ITU_DH,ITU DataHub,0,Units,RATIO,Ratio,602,CCYY,A,Normal value,PU,Public
datastructure,WB.DATA360:DS_DATA360(1.2),I,A,Annual,FRA,France,ITU_DH_INV_COMP,Percentage of individuals using a computer (ITU),_T,Total,_T,All age ranges or no breakdown by age,_T,Total,PT_HH,Percentage of households,_Z,Not Applicable,_Z,Not Applicable,_Z,Not Applicable,2009,74.3107,MEAN,Mean,ITU_DH,ITU DataHub,0,Units,RATIO,Ratio,602,CCYY,A,Normal value,PU,Public
datastructure,WB.DATA360:DS_DATA360(1.2),I,A,Annual,FRA,France,ITU_DH_INV_COMP,Percentage of individuals using a computer (ITU),_T,Total,_T,All age ranges or no breakdown by age,_T,Total,PT_HH,Percentage of households,_Z,Not Applicable,_Z,Not Applicable,_Z,Not Applicable,2010,80.5713,MEAN,Mean,ITU_DH,ITU DataHub,0,Units,RATIO,Ratio,602,CCYY,A,Normal value,PU,Public
datastructure,WB.DATA360:DS_DATA360(1.2),I,A,Annual,FRA,France,ITU_DH_INV_COMP,Percentage of individuals using a computer (ITU),_T,Total,_T,All age ranges or no breakdown by age,_T,Total,PT_HH,Percentage of households,_Z,Not Applicable,_Z,Not Applicable,_Z,Not Applicable,2011,77.87,MEAN,Mean,ITU_DH,ITU DataHub,0,Units,RATIO,Ratio,602,CCYY,A,Normal value,PU,Public
datastructure,WB.DATA360:DS_DATA360(1.2),I,A,Annual,FRA,France,ITU_DH_INV_COMP,Percentage of individuals using a computer (ITU),_T,Total,_T,All age ranges or no breakdown by age,_T,Total,PT_HH,Percentage of households,_Z,Not Applicable,_Z,Not Applicable,_Z,Not Applicable,2012,79.6791,MEAN,Mean,ITU_DH,ITU DataHub,0,Units,RATIO,Ratio,602,CCYY,A,Normal value,PU,Public
datastructure,WB.DATA360:DS_DATA360(1.2),I,A,Annual,FRA,France,ITU_DH_INV_COMP,Percentage of individuals using a computer (ITU),_T,Total,_T,All age ranges or no breakdown by age,_T,Total,PT_HH,Percentage of households,_Z,Not Applicable,_Z,Not Applicable,_Z,Not Applicable,2013,80.7056,MEAN,Mean,ITU_DH,ITU DataHub,0,Units,RATIO,Ratio,602,CCYY,A,Normal value,PU,Public
datastructure,WB.DATA360:DS_DATA360(1.2),I,A,Annual,FRA,France,ITU_DH_INV_COMP,Percentage of individuals using a computer (ITU),_T,Total,_T,All age ranges or no breakdown by age,_T,Total,PT_HH,Percentage of households,_Z,Not Applicable,_Z,Not Applicable,_Z,Not Applicable,2014,81.6814,MEAN,Mean,ITU_DH,ITU DataHub,0,Units,RATIO,Ratio,602,CCYY,A,Normal value,PU,Public
datastructure,WB.DATA360:DS_DATA360(1.2),I,A,Annual,FRA,France,ITU_DH_INV_COMP,Percentage of individuals using a computer (ITU),_T,Total,_T,All age ranges or no breakdown by age,_T,Total,PT_HH,Percentage of households,_Z,Not Applicable,_Z,Not Applicable,_Z,Not Applicable,2015,74.9701,MEAN,Mean,ITU_DH,ITU DataHub,0,Units,RATIO,Ratio,602,CCYY,A,Normal value,PU,Public
datastructure,WB.DATA360:DS_DATA360(1.2),I,A,Annual,FIN,Finland,ITU_DH_INV_COMP,Percentage of individuals using a computer (ITU),_T,Total,_T,All age ranges or no breakdown by age,_T,Total,PT_HH,Percentage of households,_Z,Not Applicable,_Z,Not Applicable,_Z,Not Applicable,2002,74.3484,MEAN,Mean,ITU_DH,ITU DataHub,0,Units,RATIO,Ratio,602,CCYY,A,Normal value,PU,Public
datastructure,WB.DATA360:DS_DATA360(1.2),I,A,Annual,FIN,Finland,ITU_DH_INV_COMP,Percentage of individuals using a computer (ITU),_T,Total,_T,All age ranges or no breakdown by age,_T,Total,PT_HH,Percentage of households,_Z,Not Applicable,_Z,Not Applicable,_Z,Not Applicable,2003,73.017,MEAN,Mean,ITU_DH,ITU DataHub,0,Units,RATIO,Ratio,602,CCYY,A,Normal value,PU,Public
datastructure,WB.DATA360:DS_DATA360(1.2),I,A,Annual,FIN,Finland,ITU_DH_INV_COMP,Percentage of individuals using a computer (ITU),_T,Total,_T,All age ranges or no breakdown by age,_T,Total,PT_HH,Percentage of households,_Z,Not Applicable,_Z,Not Applicable,_Z,Not Applicable,2004,77.3029,MEAN,Mean,ITU_DH,ITU DataHub,0,Units,RATIO,Ratio,602,CCYY,A,Normal value,PU,Public
datastructure,WB.DATA360:DS_DATA360(1.2),I,A,Annual,FIN,Finland,ITU_DH_INV_COMP,Percentage of individuals using a computer (ITU),_T,Total,_T,All age ranges or no breakdown by age,_T,Total,PT_HH,Percentage of households,_Z,Not Applicable,_Z,Not Applicable,_Z,Not Applicable,2005,78.4019,MEAN,Mean,ITU_DH,ITU DataHub,0,Units,RATIO,Ratio,602,CCYY,A,Normal value,PU,Public
datastructure,WB.DATA360:DS_DATA360(1.2),I,A,Annual,FIN,Finland,ITU_DH_INV_COMP,Percentage of individuals using a computer (ITU),_T,Total,_T,All age ranges or no breakdown by age,_T,Total,PT_HH,Percentage of households,_Z,Not Applicable,_Z,Not Applicable,_Z,Not Applicable,2006,82.4097,MEAN,Mean,ITU_DH,ITU DataHub,0,Units,RATIO,Ratio,602,CCYY,A,Normal value,PU,Public
datastructure,WB.DATA360:DS_DATA360(1.2),I,A,Annual,FIN,Finland,ITU_DH_INV_COMP,Percentage of individuals using a computer (ITU),_T,Total,_T,All age ranges or no breakdown by age,_T,Total,PT_HH,Percentage of households,_Z,Not Applicable,_Z,Not Applicable,_Z,Not Applicable,2007,82.8403,MEAN,Mean,ITU_DH,ITU DataHub,0,Units,RATIO,Ratio,602,CCYY,A,Normal value,PU,Public
datastructure,WB.DATA360:DS_DATA360(1.2),I,A,Annual,FIN,Finland,ITU_DH_INV_COMP,Percentage of individuals using a computer (ITU),_T,Total,_T,All age ranges or no breakdown by age,_T,Total,PT_HH,Percentage of households,_Z,Not Applicable,_Z,Not Applicable,_Z,Not Applicable,2008,85.4844,MEAN,Mean,ITU_DH,ITU DataHub,0,Units,RATIO,Ratio,602,CCYY,A,Normal value,PU,Public
datastructure,WB.DATA360:DS_DATA360(1.2),I,A,Annual,FIN,Finland,ITU_DH_INV_COMP,Percentage of individuals using a computer (ITU),_T,Total,_T,All age ranges or no breakdown by age,_T,Total,PT_HH,Percentage of households,_Z,Not Applicable,_Z,Not Applicable,_Z,Not Applicable,2009,85.2532,MEAN,Mean,ITU_DH,ITU DataHub,0,Units,RATIO,Ratio,602,CCYY,A,Normal value,PU,Public
datastructure,WB.DATA360:DS_DATA360(1.2),I,A,Annual,FIN,Finland,ITU_DH_INV_COMP,Percentage of individuals using a computer (ITU),_T,Total,_T,All age ranges or no breakdown by age,_T,Total,PT_HH,Percentage of households,_Z,Not Applicable,_Z,Not Applicable,_Z,Not Applicable,2010,88.7259,MEAN,Mean,ITU_DH,ITU DataHub,0,Units,RATIO,Ratio,602,CCYY,A,Normal value,PU,Public
datastructure,WB.DATA360:DS_DATA360(1.2),I,A,Annual,FIN,Finland,ITU_DH_INV_COMP,Percentage of individuals using a computer (ITU),_T,Total,_T,All age ranges or no breakdown by age,_T,Total,PT_HH,Percentage of households,_Z,Not Applicable,_Z,Not Applicable,_Z,Not Applicable,2011,89.39,MEAN,Mean,ITU_DH,ITU DataHub,0,Units,RATIO,Ratio,602,CCYY,A,Normal value,PU,Public
datastructure,WB.DATA360:DS_DATA360(1.2),I,A,Annual,FIN,Finland,ITU_DH_INV_COMP,Percentage of individuals using a computer (ITU),_T,Total,_T,All age ranges or no breakdown by age,_T,Total,PT_HH,Percentage of households,_Z,Not Applicable,_Z,Not Applicable,_Z,Not Applicable,2012,90.8906,MEAN,Mean,ITU_DH,ITU DataHub,0,Units,RATIO,Ratio,602,CCYY,A,Normal value,PU,Public
datastructure,WB.DATA360:DS_DATA360(1.2),I,A,Annual,FIN,Finland,ITU_DH_INV_COMP,Percentage of individuals using a computer (ITU),_T,Total,_T,All age ranges or no breakdown by age,_T,Total,PT_HH,Percentage of households,_Z,Not Applicable,_Z,Not Applicable,_Z,Not Applicable,2013,92.3254,MEAN,Mean,ITU_DH,ITU DataHub,0,Units,RATIO,Ratio,602,CCYY,A,Normal value,PU,Public
datastructure,WB.DATA360:DS_DATA360(1.2),I,A,Annual,FIN,Finland,ITU_DH_INV_COMP,Percentage of individuals using a computer (ITU),_T,Total,_T,All age ranges or no breakdown by age,_T,Total,PT_HH,Percentage of households,_Z,Not Applicable,_Z,Not Applicable,_Z,Not Applicable,2014,92.429,MEAN,Mean,ITU_DH,ITU DataHub,0,Units,RATIO,Ratio,602,CCYY,A,Normal value,PU,Public
datastructure,WB.DATA360:DS_DATA360(1.2),I,A,Annual,FIN,Finland,ITU_DH_INV_COMP,Percentage of individuals using a computer (ITU),_T,Total,_T,All age ranges or no breakdown by age,_T,Total,PT_HH,Percentage of households,_Z,Not Applicable,_Z,Not Applicable,_Z,Not Applicable,2015,92.8635,MEAN,Mean,ITU_DH,ITU DataHub,0,Units,RATIO,Ratio,602,CCYY,A,Normal value,PU,Public
datastructure,WB.DATA360:DS_DATA360(1.2),I,A,Annual,GBR,United Kingdom,ITU_DH_INV_COMP,Percentage of individuals using a computer (ITU),_T,Total,_T,All age ranges or no breakdown by age,_T,Total,PT_HH,Percentage of households,_Z,Not Applicable,_Z,Not Applicable,_Z,Not Applicable,2002,67.176,MEAN,Mean,ITU_DH,ITU DataHub,0,Units,RATIO,Ratio,602,CCYY,A,Normal value,PU,Public
datastructure,WB.DATA360:DS_DATA360(1.2),I,A,Annual,GBR,United Kingdom,ITU_DH_INV_COMP,Percentage of individuals using a computer (ITU),_T,Total,_T,All age ranges or no breakdown by age,_T,Total,PT_HH,Percentage of households,_Z,Not Applicable,_Z,Not Applicable,_Z,Not Applicable,2003,68.4775,MEAN,Mean,ITU_DH,ITU DataHub,0,Units,RATIO,Ratio,602,CCYY,A,Normal value,PU,Public
datastructure,WB.DATA360:DS_DATA360(1.2),I,A,Annual,GBR,United Kingdom,ITU_DH_INV_COMP,Percentage of individuals using a computer (ITU),_T,Total,_T,All age ranges or no breakdown by age,_T,Total,PT_HH,Percentage of households,_Z,Not Applicable,_Z,Not Applicable,_Z,Not Applicable,2004,73.1153,MEAN,Mean,ITU_DH,ITU DataHub,0,Units,RATIO,Ratio,602,CCYY,A,Normal value,PU,Public
datastructure,WB.DATA360:DS_DATA360(1.2),I,A,Annual,GBR,United Kingdom,ITU_DH_INV_COMP,Percentage of individuals using a computer (ITU),_T,Total,_T,All age ranges or no breakdown by age,_T,Total,PT_HH,Percentage of households,_Z,Not Applicable,_Z,Not Applicable,_Z,Not Applicable,2005,76.0655,MEAN,Mean,ITU_DH,ITU DataHub,0,Units,RATIO,Ratio,602,CCYY,A,Normal value,PU,Public
datastructure,WB.DATA360:DS_DATA360(1.2),I,A,Annual,GBR,United Kingdom,ITU_DH_INV_COMP,Percentage of individuals using a computer (ITU),_T,Total,_T,All age ranges or no breakdown by age,_T,Total,PT_HH,Percentage of households,_Z,Not Applicable,_Z,Not Applicable,_Z,Not Applicable,2006,76.1814,MEAN,Mean,ITU_DH,ITU DataHub,0,Units,RATIO,Ratio,602,CCYY,A,Normal value,PU,Public
datastructure,WB.DATA360:DS_DATA360(1.2),I,A,Annual,GBR,United Kingdom,ITU_DH_INV_COMP,Percentage of individuals using a computer (ITU),_T,Total,_T,All age ranges or no breakdown by age,_T,Total,PT_HH,Percentage of households,_Z,Not Applicable,_Z,Not Applicable,_Z,Not Applicable,2007,80.5246,MEAN,Mean,ITU_DH,ITU DataHub,0,Units,RATIO,Ratio,602,CCYY,A,Normal value,PU,Public
datastructure,WB.DATA360:DS_DATA360(1.2),I,A,Annual,GBR,United Kingdom,ITU_DH_INV_COMP,Percentage of individuals using a computer (ITU),_T,Total,_T,All age ranges or no breakdown by age,_T,Total,PT_HH,Percentage of households,_Z,Not Applicable,_Z,Not Applicable,_Z,Not Applicable,2008,81.9671,MEAN,Mean,ITU_DH,ITU DataHub,0,Units,RATIO,Ratio,602,CCYY,A,Normal value,PU,Public
datastructure,WB.DATA360:DS_DATA360(1.2),I,A,Annual,GBR,United Kingdom,ITU_DH_INV_COMP,Percentage of individuals using a computer (ITU),_T,Total,_T,All age ranges or no breakdown by age,_T,Total,PT_HH,Percentage of households,_Z,Not Applicable,_Z,Not Applicable,_Z,Not Applicable,2009,85.8946,MEAN,Mean,ITU_DH,ITU DataHub,0,Units,RATIO,Ratio,602,CCYY,A,Normal value,PU,Public
datastructure,WB.DATA360:DS_DATA360(1.2),I,A,Annual,GBR,United Kingdom,ITU_DH_INV_COMP,Percentage of individuals using a computer (ITU),_T,Total,_T,All age ranges or no breakdown by age,_T,Total,PT_HH,Percentage of households,_Z,Not Applicable,_Z,Not Applicable,_Z,Not Applicable,2010,87.0207,MEAN,Mean,ITU_DH,ITU DataHub,0,Units,RATIO,Ratio,602,CCYY,A,Normal value,PU,Public
datastructure,WB.DATA360:DS_DATA360(1.2),I,A,Annual,GBR,United Kingdom,ITU_DH_INV_COMP,Percentage of individuals using a computer (ITU),_T,Total,_T,All age ranges or no breakdown by age,_T,Total,PT_HH,Percentage of households,_Z,Not Applicable,_Z,Not Applicable,_Z,Not Applicable,2011,86.81,MEAN,Mean,ITU_DH,ITU DataHub,0,Units,RATIO,Ratio,602,CCYY,A,Normal value,PU,Public
datastructure,WB.DATA360:DS_DATA360(1.2),I,A,Annual,GBR,United Kingdom,ITU_DH_INV_COMP,Percentage of individuals using a computer (ITU),_T,Total,_T,All age ranges or no breakdown by age,_T,Total,PT_HH,Percentage of households,_Z,Not Applicable,_Z,Not Applicable,_Z,Not Applicable,2012,88.4645,MEAN,Mean,ITU_DH,ITU DataHub,0,Units,RATIO,Ratio,602,CCYY,A,Normal value,PU,Public
datastructure,WB.DATA360:DS_DATA360(1.2),I,A,Annual,GBR,United Kingdom,ITU_DH_INV_COMP,Percentage of individuals using a computer (ITU),_T,Total,_T,All age ranges or no breakdown by age,_T,Total,PT_HH,Percentage of households,_Z,Not Applicable,_Z,Not Applicable,_Z,Not Applicable,2013,89.7281,MEAN,Mean,ITU_DH,ITU DataHub,0,Units,RATIO,Ratio,602,CCYY,A,Normal value,PU,Public
datastructure,WB.DATA360:DS_DATA360(1.2),I,A,Annual,GBR,United Kingdom,ITU_DH_INV_COMP,Percentage of individuals using a computer (ITU),_T,Total,_T,All age ranges or no breakdown by age,_T,Total,PT_HH,Percentage of households,_Z,Not Applicable,_Z,Not Applicable,_Z,Not Applicable,2014,91.2106,MEAN,Mean,ITU_DH,ITU DataHub,0,Units,RATIO,Ratio,602,CCYY,A,Normal value,PU,Public
datastructure,WB.DATA360:DS_DATA360(1.2),I,A,Annual,GBR,United Kingdom,ITU_DH_INV_COMP,Percentage of individuals using a computer (ITU),_T,Total,_T,All age ranges or no breakdown by age,_T,Total,PT_HH,Percentage of households,_Z,Not Applicable,_Z,Not Applicable,_Z,Not Applicable,2015,90.2321,MEAN,Mean,ITU_DH,ITU DataHub,0,Units,RATIO,Ratio,602,CCYY,A,Normal value,PU,Public
datastructure,WB.DATA360:DS_DATA360(1.2),I,A,Annual,GRC,Greece,ITU_DH_INV_COMP,Percentage of individuals using a computer (ITU),_T,Total,_T,All age ranges or no breakdown by age,_T,Total,PT_HH,Percentage of households,_Z,Not Applicable,_Z,Not Applicable,_Z,Not Applicable,2002,24.1323,MEAN,Mean,ITU_DH,ITU DataHub,0,Units,RATIO,Ratio,602,CCYY,A,Normal value,PU,Public
datastructure,WB.DATA360:DS_DATA360(1.2),I,A,Annual,GRC,Greece,ITU_DH_INV_COMP,Percentage of individuals using a computer (ITU),_T,Total,_T,All age ranges or no breakdown by age,_T,Total,PT_HH,Percentage of households,_Z,Not Applicable,_Z,Not Applicable,_Z,Not Applicable,2003,25.6755,MEAN,Mean,ITU_DH,ITU DataHub,0,Units,RATIO,Ratio,602,CCYY,A,Normal value,PU,Public
datastructure,WB.DATA360:DS_DATA360(1.2),I,A,Annual,GRC,Greece,ITU_DH_INV_COMP,Percentage of individuals using a computer (ITU),_T,Total,_T,All age ranges or no breakdown by age,_T,Total,PT_HH,Percentage of households,_Z,Not Applicable,_Z,Not Applicable,_Z,Not Applicable,2004,28.5536,MEAN,Mean,ITU_DH,ITU DataHub,0,Units,RATIO,Ratio,602,CCYY,A,Normal value,PU,Public
datastructure,WB.DATA360:DS_DATA360(1.2),I,A,Annual,GRC,Greece,ITU_DH_INV_COMP,Percentage of individuals using a computer (ITU),_T,Total,_T,All age ranges or no breakdown by age,_T,Total,PT_HH,Percentage of households,_Z,Not Applicable,_Z,Not Applicable,_Z,Not Applicable,2005,30.9673,MEAN,Mean,ITU_DH,ITU DataHub,0,Units,RATIO,Ratio,602,CCYY,A,Normal value,PU,Public
datastructure,WB.DATA360:DS_DATA360(1.2),I,A,Annual,GRC,Greece,ITU_DH_INV_COMP,Percentage of individuals using a computer (ITU),_T,Total,_T,All age ranges or no breakdown by age,_T,Total,PT_HH,Percentage of households,_Z,Not Applicable,_Z,Not Applicable,_Z,Not Applicable,2006,39.8536,MEAN,Mean,ITU_DH,ITU DataHub,0,Units,RATIO,Ratio,602,CCYY,A,Normal value,PU,Public
datastructure,WB.DATA360:DS_DATA360(1.2),I,A,Annual,GRC,Greece,ITU_DH_INV_COMP,Percentage of individuals using a computer (ITU),_T,Total,_T,All age ranges or no breakdown by age,_T,Total,PT_HH,Percentage of households,_Z,Not Applicable,_Z,Not Applicable,_Z,Not Applicable,2007,42.8262,MEAN,Mean,ITU_DH,ITU DataHub,0,Units,RATIO,Ratio,602,CCYY,A,Normal value,PU,Public
datastructure,WB.DATA360:DS_DATA360(1.2),I,A,Annual,GRC,Greece,ITU_DH_INV_COMP,Percentage of individuals using a computer (ITU),_T,Total,_T,All age ranges or no breakdown by age,_T,Total,PT_HH,Percentage of households,_Z,Not Applicable,_Z,Not Applicable,_Z,Not Applicable,2008,47.1043,MEAN,Mean,ITU_DH,ITU DataHub,0,Units,RATIO,Ratio,602,CCYY,A,Normal value,PU,Public
datastructure,WB.DATA360:DS_DATA360(1.2),I,A,Annual,GRC,Greece,ITU_DH_INV_COMP,Percentage of individuals using a computer (ITU),_T,Total,_T,All age ranges or no breakdown by age,_T,Total,PT_HH,Percentage of households,_Z,Not Applicable,_Z,Not Applicable,_Z,Not Applicable,2009,49.0339,MEAN,Mean,ITU_DH,ITU DataHub,0,Units,RATIO,Ratio,602,CCYY,A,Normal value,PU,Public
datastructure,WB.DATA360:DS_DATA360(1.2),I,A,Annual,GRC,Greece,ITU_DH_INV_COMP,Percentage of individuals using a computer (ITU),_T,Total,_T,All age ranges or no breakdown by age,_T,Total,PT_HH,Percentage of households,_Z,Not Applicable,_Z,Not Applicable,_Z,Not Applicable,2010,49.2852,MEAN,Mean,ITU_DH,ITU DataHub,0,Units,RATIO,Ratio,602,CCYY,A,Normal value,PU,Public
datastructure,WB.DATA360:DS_DATA360(1.2),I,A,Annual,GRC,Greece,ITU_DH_INV_COMP,Percentage of individuals using a computer (ITU),_T,Total,_T,All age ranges or no breakdown by age,_T,Total,PT_HH,Percentage of households,_Z,Not Applicable,_Z,Not Applicable,_Z,Not Applicable,2011,54.26,MEAN,Mean,ITU_DH,ITU DataHub,0,Units,RATIO,Ratio,602,CCYY,A,Normal value,PU,Public
datastructure,WB.DATA360:DS_DATA360(1.2),I,A,Annual,GRC,Greece,ITU_DH_INV_COMP,Percentage of individuals using a computer (ITU),_T,Total,_T,All age ranges or no breakdown by age,_T,Total,PT_HH,Percentage of households,_Z,Not Applicable,_Z,Not Applicable,_Z,Not Applicable,2012,55.467,MEAN,Mean,ITU_DH,ITU DataHub,0,Units,RATIO,Ratio,602,CCYY,A,Normal value,PU,Public
datastructure,WB.DATA360:DS_DATA360(1.2),I,A,Annual,GRC,Greece,ITU_DH_INV_COMP,Percentage of individuals using a computer (ITU),_T,Total,_T,All age ranges or no breakdown by age,_T,Total,PT_HH,Percentage of households,_Z,Not Applicable,_Z,Not Applicable,_Z,Not Applicable,2013,60.4325,MEAN,Mean,ITU_DH,ITU DataHub,0,Units,RATIO,Ratio,602,CCYY,A,Normal value,PU,Public
datastructure,WB.DATA360:DS_DATA360(1.2),I,A,Annual,GRC,Greece,ITU_DH_INV_COMP,Percentage of individuals using a computer (ITU),_T,Total,_T,All age ranges or no breakdown by age,_T,Total,PT_HH,Percentage of households,_Z,Not Applicable,_Z,Not Applicable,_Z,Not Applicable,2014,63.2808,MEAN,Mean,ITU_DH,ITU DataHub,0,Units,RATIO,Ratio,602,CCYY,A,Normal value,PU,Public
datastructure,WB.DATA360:DS_DATA360(1.2),I,A,Annual,GRC,Greece,ITU_DH_INV_COMP,Percentage of individuals using a computer (ITU),_T,Total,_T,All age ranges or no breakdown by age,_T,Total,PT_HH,Percentage of households,_Z,Not Applicable,_Z,Not Applicable,_Z,Not Applicable,2015,66.6378,MEAN,Mean,ITU_DH,ITU DataHub,0,Units,RATIO,Ratio,602,CCYY,A,Normal value,PU,Public
datastructure,WB.DATA360:DS_DATA360(1.2),I,A,Annual,HKG,"Hong Kong SAR, China",ITU_DH_INV_COMP,Percentage of individuals using a computer (ITU),_T,Total,_T,All age ranges or no breakdown by age,_T,Total,PT_HH,Percentage of households,_Z,Not Applicable,_Z,Not Applicable,_Z,Not Applicable,2007,66.3991,MEAN,Mean,ITU_DH,ITU DataHub,0,Units,RATIO,Ratio,602,CCYY,A,Normal value,PU,Public
datastructure,WB.DATA360:DS_DATA360(1.2),I,A,Annual,HKG,"Hong Kong SAR, China",ITU_DH_INV_COMP,Percentage of individuals using a computer (ITU),_T,Total,_T,All age ranges or no breakdown by age,_T,Total,PT_HH,Percentage of households,_Z,Not Applicable,_Z,Not Applicable,_Z,Not Applicable,2008,68.2499,MEAN,Mean,ITU_DH,ITU DataHub,0,Units,RATIO,Ratio,602,CCYY,A,Normal value,PU,Public
datastructure,WB.DATA360:DS_DATA360(1.2),I,A,Annual,HKG,"Hong Kong SAR, China",ITU_DH_INV_COMP,Percentage of individuals using a computer (ITU),_T,Total,_T,All age ranges or no breakdown by age,_T,Total,PT_HH,Percentage of households,_Z,Not Applicable,_Z,Not Applicable,_Z,Not Applicable,2009,70.1935,MEAN,Mean,ITU_DH,ITU DataHub,0,Units,RATIO,Ratio,602,CCYY,A,Normal value,PU,Public
datastructure,WB.DATA360:DS_DATA360(1.2),I,A,Annual,HKG,"Hong Kong SAR, China",ITU_DH_INV_COMP,Percentage of individuals using a computer (ITU),_T,Total,_T,All age ranges or no breakdown by age,_T,Total,PT_HH,Percentage of households,_Z,Not Applicable,_Z,Not Applicable,_Z,Not Applicable,2012,72.8323,MEAN,Mean,ITU_DH,ITU DataHub,0,Units,RATIO,Ratio,602,CCYY,A,Normal value,PU,Public
datastructure,WB.DATA360:DS_DATA360(1.2),I,A,Annual,HKG,"Hong Kong SAR, China",ITU_DH_INV_COMP,Percentage of individuals using a computer (ITU),_T,Total,_T,All age ranges or no breakdown by age,_T,Total,PT_HH,Percentage of households,_Z,Not Applicable,_Z,Not Applicable,_Z,Not Applicable,2013,74.8539,MEAN,Mean,ITU_DH,ITU DataHub,0,Units,RATIO,Ratio,602,CCYY,A,Normal value,PU,Public
datastructure,WB.DATA360:DS_DATA360(1.2),I,A,Annual,HKG,"Hong Kong SAR, China",ITU_DH_INV_COMP,Percentage of individuals using a computer (ITU),_T,Total,_T,All age ranges or no breakdown by age,_T,Total,PT_HH,Percentage of households,_Z,Not Applicable,_Z,Not Applicable,_Z,Not Applicable,2014,73.5291,MEAN,Mean,ITU_DH,ITU DataHub,0,Units,RATIO,Ratio,602,CCYY,A,Normal value,PU,Public
datastructure,WB.DATA360:DS_DATA360(1.2),I,A,Annual,HKG,"Hong Kong SAR, China",ITU_DH_INV_COMP,Percentage of individuals using a computer (ITU),_T,Total,_T,All age ranges or no breakdown by age,_T,Total,PT_HH,Percentage of households,_Z,Not Applicable,_Z,Not Applicable,_Z,Not Applicable,2015,78.5759,MEAN,Mean,ITU_DH,ITU DataHub,0,Units,RATIO,Ratio,602,CCYY,A,Normal value,PU,Public
datastructure,WB.DATA360:DS_DATA360(1.2),I,A,Annual,HKG,"Hong Kong SAR, China",ITU_DH_INV_COMP,Percentage of individuals using a computer (ITU),_T,Total,_T,All age ranges or no breakdown by age,_T,Total,PT_HH,Percentage of households,_Z,Not Applicable,_Z,Not Applicable,_Z,Not Applicable,2016,81.485,MEAN,Mean,ITU_DH,ITU DataHub,0,Units,RATIO,Ratio,602,CCYY,A,Normal value,PU,Public
datastructure,WB.DATA360:DS_DATA360(1.2),I,A,Annual,HKG,"Hong Kong SAR, China",ITU_DH_INV_COMP,Percentage of individuals using a computer (ITU),_T,Total,_T,All age ranges or no breakdown by age,_T,Total,PT_HH,Percentage of households,_Z,Not Applicable,_Z,Not Applicable,_Z,Not Applicable,2017,79.7575,MEAN,Mean,ITU_DH,ITU DataHub,0,Units,RATIO,Ratio,602,CCYY,A,Normal value,PU,Public
datastructure,WB.DATA360:DS_DATA360(1.2),I,A,Annual,HKG,"Hong Kong SAR, China",ITU_DH_INV_COMP,Percentage of individuals using a computer (ITU),_T,Total,_T,All age ranges or no breakdown by age,_T,Total,PT_HH,Percentage of households,_Z,Not Applicable,_Z,Not Applicable,_Z,Not Applicable,2018,80.3286,MEAN,Mean,ITU_DH,ITU DataHub,0,Units,RATIO,Ratio,602,CCYY,A,Normal value,PU,Public
datastructure,WB.DATA360:DS_DATA360(1.2),I,A,Annual,HKG,"Hong Kong SAR, China",ITU_DH_INV_COMP,Percentage of individuals using a computer (ITU),_T,Total,_T,All age ranges or no breakdown by age,_T,Total,PT_HH,Percentage of households,_Z,Not Applicable,_Z,Not Applicable,_Z,Not Applicable,2019,82.6855,MEAN,Mean,ITU_DH,ITU DataHub,0,Units,RATIO,Ratio,602,CCYY,A,Normal value,PU,Public
datastructure,WB.DATA360:DS_DATA360(1.2),I,A,Annual,HKG,"Hong Kong SAR, China",ITU_DH_INV_COMP,Percentage of individuals using a computer (ITU),_T,Total,_T,All age ranges or no breakdown by age,_T,Total,PT_HH,Percentage of households,_Z,Not Applicable,_Z,Not Applicable,_Z,Not Applicable,2020,79.838,MEAN,Mean,ITU_DH,ITU DataHub,0,Units,RATIO,Ratio,602,CCYY,A,Normal value,PU,Public
datastructure,WB.DATA360:DS_DATA360(1.2),I,A,Annual,HKG,"Hong Kong SAR, China",ITU_DH_INV_COMP,Percentage of individuals using a computer (ITU),_T,Total,_T,All age ranges or no breakdown by age,_T,Total,PT_HH,Percentage of households,_Z,Not Applicable,_Z,Not Applicable,_Z,Not Applicable,2021,78.6109,MEAN,Mean,ITU_DH,ITU DataHub,0,Units,RATIO,Ratio,602,CCYY,A,Normal value,PU,Public
datastructure,WB.DATA360:DS_DATA360(1.2),I,A,Annual,HKG,"Hong Kong SAR, China",ITU_DH_INV_COMP,Percentage of individuals using a computer (ITU),_T,Total,_T,All age ranges or no breakdown by age,_T,Total,PT_HH,Percentage of households,_Z,Not Applicable,_Z,Not Applicable,_Z,Not Applicable,2022,80.1801,MEAN,Mean,ITU_DH,ITU DataHub,0,Units,RATIO,Ratio,602,CCYY,A,Normal value,PU,Public
datastructure,WB.DATA360:DS_DATA360(1.2),I,A,Annual,HKG,"Hong Kong SAR, China",ITU_DH_INV_COMP,Percentage of individuals using a computer (ITU),_T,Total,_T,All age ranges or no breakdown by age,_T,Total,PT_HH,Percentage of households,_Z,Not Applicable,_Z,Not Applicable,_Z,Not Applicable,2023,78.8647,MEAN,Mean,ITU_DH,ITU DataHub,0,Units,RATIO,Ratio,602,CCYY,A,Normal value,PU,Public
datastructure,WB.DATA360:DS_DATA360(1.2),I,A,Annual,HUN,Hungary,ITU_DH_INV_COMP,Percentage of individuals using a computer (ITU),_T,Total,_T,All age ranges or no breakdown by age,_T,Total,PT_HH,Percentage of households,_Z,Not Applicable,_Z,Not Applicable,_Z,Not Applicable,2005,42.9238,MEAN,Mean,ITU_DH,ITU DataHub,0,Units,RATIO,Ratio,602,CCYY,A,Normal value,PU,Public
datastructure,WB.DATA360:DS_DATA360(1.2),I,A,Annual,HUN,Hungary,ITU_DH_INV_COMP,Percentage of individuals using a computer (ITU),_T,Total,_T,All age ranges or no breakdown by age,_T,Total,PT_HH,Percentage of households,_Z,Not Applicable,_Z,Not Applicable,_Z,Not Applicable,2006,55.7845,MEAN,Mean,ITU_DH,ITU DataHub,0,Units,RATIO,Ratio,602,CCYY,A,Normal value,PU,Public
datastructure,WB.DATA360:DS_DATA360(1.2),I,A,Annual,HUN,Hungary,ITU_DH_INV_COMP,Percentage of individuals using a computer (ITU),_T,Total,_T,All age ranges or no breakdown by age,_T,Total,PT_HH,Percentage of households,_Z,Not Applicable,_Z,Not Applicable,_Z,Not Applicable,2007,59.9789,MEAN,Mean,ITU_DH,ITU DataHub,0,Units,RATIO,Ratio,602,CCYY,A,Normal value,PU,Public
datastructure,WB.DATA360:DS_DATA360(1.2),I,A,Annual,HUN,Hungary,ITU_DH_INV_COMP,Percentage of individuals using a computer (ITU),_T,Total,_T,All age ranges or no breakdown by age,_T,Total,PT_HH,Percentage of households,_Z,Not Applicable,_Z,Not Applicable,_Z,Not Applicable,2008,65.5904,MEAN,Mean,ITU_DH,ITU DataHub,0,Units,RATIO,Ratio,602,CCYY,A,Normal value,PU,Public
datastructure,WB.DATA360:DS_DATA360(1.2),I,A,Annual,HUN,Hungary,ITU_DH_INV_COMP,Percentage of individuals using a computer (ITU),_T,Total,_T,All age ranges or no breakdown by age,_T,Total,PT_HH,Percentage of households,_Z,Not Applicable,_Z,Not Applicable,_Z,Not Applicable,2009,64.8436,MEAN,Mean,ITU_DH,ITU DataHub,0,Units,RATIO,Ratio,602,CCYY,A,Normal value,PU,Public
datastructure,WB.DATA360:DS_DATA360(1.2),I,A,Annual,HUN,Hungary,ITU_DH_INV_COMP,Percentage of individuals using a computer (ITU),_T,Total,_T,All age ranges or no breakdown by age,_T,Total,PT_HH,Percentage of households,_Z,Not Applicable,_Z,Not Applicable,_Z,Not Applicable,2010,67.1629,MEAN,Mean,ITU_DH,ITU DataHub,0,Units,RATIO,Ratio,602,CCYY,A,Normal value,PU,Public
datastructure,WB.DATA360:DS_DATA360(1.2),I,A,Annual,HUN,Hungary,ITU_DH_INV_COMP,Percentage of individuals using a computer (ITU),_T,Total,_T,All age ranges or no breakdown by age,_T,Total,PT_HH,Percentage of households,_Z,Not Applicable,_Z,Not Applicable,_Z,Not Applicable,2011,69.29,MEAN,Mean,ITU_DH,ITU DataHub,0,Units,RATIO,Ratio,602,CCYY,A,Normal value,PU,Public
datastructure,WB.DATA360:DS_DATA360(1.2),I,A,Annual,HUN,Hungary,ITU_DH_INV_COMP,Percentage of individuals using a computer (ITU),_T,Total,_T,All age ranges or no breakdown by age,_T,Total,PT_HH,Percentage of households,_Z,Not Applicable,_Z,Not Applicable,_Z,Not Applicable,2012,71.5095,MEAN,Mean,ITU_DH,ITU DataHub,0,Units,RATIO,Ratio,602,CCYY,A,Normal value,PU,Public
datastructure,WB.DATA360:DS_DATA360(1.2),I,A,Annual,HUN,Hungary,ITU_DH_INV_COMP,Percentage of individuals using a computer (ITU),_T,Total,_T,All age ranges or no breakdown by age,_T,Total,PT_HH,Percentage of households,_Z,Not Applicable,_Z,Not Applicable,_Z,Not Applicable,2013,73.187,MEAN,Mean,ITU_DH,ITU DataHub,0,Units,RATIO,Ratio,602,CCYY,A,Normal value,PU,Public
datastructure,WB.DATA360:DS_DATA360(1.2),I,A,Annual,HUN,Hungary,ITU_DH_INV_COMP,Percentage of individuals using a computer (ITU),_T,Total,_T,All age ranges or no breakdown by age,_T,Total,PT_HH,Percentage of households,_Z,Not Applicable,_Z,Not Applicable,_Z,Not Applicable,2014,75.9988,MEAN,Mean,ITU_DH,ITU DataHub,0,Units,RATIO,Ratio,602,CCYY,A,Normal value,PU,Public
datastructure,WB.DATA360:DS_DATA360(1.2),I,A,Annual,HUN,Hungary,ITU_DH_INV_COMP,Percentage of individuals using a computer (ITU),_T,Total,_T,All age ranges or no breakdown by age,_T,Total,PT_HH,Percentage of households,_Z,Not Applicable,_Z,Not Applicable,_Z,Not Applicable,2015,74.5568,MEAN,Mean,ITU_DH,ITU DataHub,0,Units,RATIO,Ratio,602,CCYY,A,Normal value,PU,Public
datastructure,WB.DATA360:DS_DATA360(1.2),I,A,Annual,HUN,Hungary,ITU_DH_INV_COMP,Percentage of individuals using a computer (ITU),_T,Total,_T,All age ranges or no breakdown by age,_T,Total,PT_HH,Percentage of households,_Z,Not Applicable,_Z,Not Applicable,_Z,Not Applicable,2017,74.5851,MEAN,Mean,ITU_DH,ITU DataHub,0,Units,RATIO,Ratio,602,CCYY,A,Normal value,PU,Public
datastructure,WB.DATA360:DS_DATA360(1.2),I,A,Annual,NLD,Netherlands,ITU_DH_INV_COMP,Percentage of individuals using a computer (ITU),_T,Total,_T,All age ranges or no breakdown by age,_T,Total,PT_HH,Percentage of households,_Z,Not Applicable,_Z,Not Applicable,_Z,Not Applicable,2002,73.2856,MEAN,Mean,ITU_DH,ITU DataHub,0,Units,RATIO,Ratio,602,CCYY,A,Normal value,PU,Public
datastructure,WB.DATA360:DS_DATA360(1.2),I,A,Annual,NLD,Netherlands,ITU_DH_INV_COMP,Percentage of individuals using a computer (ITU),_T,Total,_T,All age ranges or no breakdown by age,_T,Total,PT_HH,Percentage of households,_Z,Not Applicable,_Z,Not Applicable,_Z,Not Applicable,2005,84.4447,MEAN,Mean,ITU_DH,ITU DataHub,0,Units,RATIO,Ratio,602,CCYY,A,Normal value,PU,Public
datastructure,WB.DATA360:DS_DATA360(1.2),I,A,Annual,NLD,Netherlands,ITU_DH_INV_COMP,Percentage of individuals using a computer (ITU),_T,Total,_T,All age ranges or no breakdown by age,_T,Total,PT_HH,Percentage of households,_Z,Not Applicable,_Z,Not Applicable,_Z,Not Applicable,2006,85.6663,MEAN,Mean,ITU_DH,ITU DataHub,0,Units,RATIO,Ratio,602,CCYY,A,Normal value,PU,Public
datastructure,WB.DATA360:DS_DATA360(1.2),I,A,Annual,NLD,Netherlands,ITU_DH_INV_COMP,Percentage of individuals using a computer (ITU),_T,Total,_T,All age ranges or no breakdown by age,_T,Total,PT_HH,Percentage of households,_Z,Not Applicable,_Z,Not Applicable,_Z,Not Applicable,2007,87.94,MEAN,Mean,ITU_DH,ITU DataHub,0,Units,RATIO,Ratio,602,CCYY,A,Normal value,PU,Public
datastructure,WB.DATA360:DS_DATA360(1.2),I,A,Annual,NLD,Netherlands,ITU_DH_INV_COMP,Percentage of individuals using a computer (ITU),_T,Total,_T,All age ranges or no breakdown by age,_T,Total,PT_HH,Percentage of households,_Z,Not Applicable,_Z,Not Applicable,_Z,Not Applicable,2008,89.2708,MEAN,Mean,ITU_DH,ITU DataHub,0,Units,RATIO,Ratio,602,CCYY,A,Normal value,PU,Public
datastructure,WB.DATA360:DS_DATA360(1.2),I,A,Annual,NLD,Netherlands,ITU_DH_INV_COMP,Percentage of individuals using a computer (ITU),_T,Total,_T,All age ranges or no breakdown by age,_T,Total,PT_HH,Percentage of households,_Z,Not Applicable,_Z,Not Applicable,_Z,Not Applicable,2009,90.7494,MEAN,Mean,ITU_DH,ITU DataHub,0,Units,RATIO,Ratio,602,CCYY,A,Normal value,PU,Public
datastructure,WB.DATA360:DS_DATA360(1.2),I,A,Annual,NLD,Netherlands,ITU_DH_INV_COMP,Percentage of individuals using a computer (ITU),_T,Total,_T,All age ranges or no breakdown by age,_T,Total,PT_HH,Percentage of households,_Z,Not Applicable,_Z,Not Applicable,_Z,Not Applicable,2010,91.7066,MEAN,Mean,ITU_DH,ITU DataHub,0,Units,RATIO,Ratio,602,CCYY,A,Normal value,PU,Public
datastructure,WB.DATA360:DS_DATA360(1.2),I,A,Annual,NLD,Netherlands,ITU_DH_INV_COMP,Percentage of individuals using a computer (ITU),_T,Total,_T,All age ranges or no breakdown by age,_T,Total,PT_HH,Percentage of households,_Z,Not Applicable,_Z,Not Applicable,_Z,Not Applicable,2011,92.46,MEAN,Mean,ITU_DH,ITU DataHub,0,Units,RATIO,Ratio,602,CCYY,A,Normal value,PU,Public
datastructure,WB.DATA360:DS_DATA360(1.2),I,A,Annual,NLD,Netherlands,ITU_DH_INV_COMP,Percentage of individuals using a computer (ITU),_T,Total,_T,All age ranges or no breakdown by age,_T,Total,PT_HH,Percentage of households,_Z,Not Applicable,_Z,Not Applicable,_Z,Not Applicable,2012,93.4292,MEAN,Mean,ITU_DH,ITU DataHub,0,Units,RATIO,Ratio,602,CCYY,A,Normal value,PU,Public
datastructure,WB.DATA360:DS_DATA360(1.2),I,A,Annual,NLD,Netherlands,ITU_DH_INV_COMP,Percentage of individuals using a computer (ITU),_T,Total,_T,All age ranges or no breakdown by age,_T,Total,PT_HH,Percentage of households,_Z,Not Applicable,_Z,Not Applicable,_Z,Not Applicable,2013,94.2399,MEAN,Mean,ITU_DH,ITU DataHub,0,Units,RATIO,Ratio,602,CCYY,A,Normal value,PU,Public
datastructure,WB.DATA360:DS_DATA360(1.2),I,A,Annual,NLD,Netherlands,ITU_DH_INV_COMP,Percentage of individuals using a computer (ITU),_T,Total,_T,All age ranges or no breakdown by age,_T,Total,PT_HH,Percentage of households,_Z,Not Applicable,_Z,Not Applicable,_Z,Not Applicable,2014,92.7587,MEAN,Mean,ITU_DH,ITU DataHub,0,Units,RATIO,Ratio,602,CCYY,A,Normal value,PU,Public
datastructure,WB.DATA360:DS_DATA360(1.2),I,A,Annual,NLD,Netherlands,ITU_DH_INV_COMP,Percentage of individuals using a computer (ITU),_T,Total,_T,All age ranges or no breakdown by age,_T,Total,PT_HH,Percentage of households,_Z,Not Applicable,_Z,Not Applicable,_Z,Not Applicable,2015,92.2718,MEAN,Mean,ITU_DH,ITU DataHub,0,Units,RATIO,Ratio,602,CCYY,A,Normal value,PU,Public
datastructure,WB.DATA360:DS_DATA360(1.2),I,A,Annual,HRV,Croatia,ITU_DH_INV_COMP,Percentage of individuals using a computer (ITU),_T,Total,_T,All age ranges or no breakdown by age,_T,Total,PT_HH,Percentage of households,_Z,Not Applicable,_Z,Not Applicable,_Z,Not Applicable,2007,49.0327,MEAN,Mean,ITU_DH,ITU DataHub,0,Units,RATIO,Ratio,602,CCYY,A,Normal value,PU,Public
datastructure,WB.DATA360:DS_DATA360(1.2),I,A,Annual,HRV,Croatia,ITU_DH_INV_COMP,Percentage of individuals using a computer (ITU),_T,Total,_T,All age ranges or no breakdown by age,_T,Total,PT_HH,Percentage of households,_Z,Not Applicable,_Z,Not Applicable,_Z,Not Applicable,2008,48.1562,MEAN,Mean,ITU_DH,ITU DataHub,0,Units,RATIO,Ratio,602,CCYY,A,Normal value,PU,Public
datastructure,WB.DATA360:DS_DATA360(1.2),I,A,Annual,HRV,Croatia,ITU_DH_INV_COMP,Percentage of individuals using a computer (ITU),_T,Total,_T,All age ranges or no breakdown by age,_T,Total,PT_HH,Percentage of households,_Z,Not Applicable,_Z,Not Applicable,_Z,Not Applicable,2009,53.3367,MEAN,Mean,ITU_DH,ITU DataHub,0,Units,RATIO,Ratio,602,CCYY,A,Normal value,PU,Public
datastructure,WB.DATA360:DS_DATA360(1.2),I,A,Annual,HRV,Croatia,ITU_DH_INV_COMP,Percentage of individuals using a computer (ITU),_T,Total,_T,All age ranges or no breakdown by age,_T,Total,PT_HH,Percentage of households,_Z,Not Applicable,_Z,Not Applicable,_Z,Not Applicable,2010,58.1503,MEAN,Mean,ITU_DH,ITU DataHub,0,Units,RATIO,Ratio,602,CCYY,A,Normal value,PU,Public
datastructure,WB.DATA360:DS_DATA360(1.2),I,A,Annual,HRV,Croatia,ITU_DH_INV_COMP,Percentage of individuals using a computer (ITU),_T,Total,_T,All age ranges or no breakdown by age,_T,Total,PT_HH,Percentage of households,_Z,Not Applicable,_Z,Not Applicable,_Z,Not Applicable,2011,59.25,MEAN,Mean,ITU_DH,ITU DataHub,0,Units,RATIO,Ratio,602,CCYY,A,Normal value,PU,Public
datastructure,WB.DATA360:DS_DATA360(1.2),I,A,Annual,HRV,Croatia,ITU_DH_INV_COMP,Percentage of individuals using a computer (ITU),_T,Total,_T,All age ranges or no breakdown by age,_T,Total,PT_HH,Percentage of households,_Z,Not Applicable,_Z,Not Applicable,_Z,Not Applicable,2012,63.0595,MEAN,Mean,ITU_DH,ITU DataHub,0,Units,RATIO,Ratio,602,CCYY,A,Normal value,PU,Public
datastructure,WB.DATA360:DS_DATA360(1.2),I,A,Annual,HRV,Croatia,ITU_DH_INV_COMP,Percentage of individuals using a computer (ITU),_T,Total,_T,All age ranges or no breakdown by age,_T,Total,PT_HH,Percentage of households,_Z,Not Applicable,_Z,Not Applicable,_Z,Not Applicable,2013,67.3784,MEAN,Mean,ITU_DH,ITU DataHub,0,Units,RATIO,Ratio,602,CCYY,A,Normal value,PU,Public
datastructure,WB.DATA360:DS_DATA360(1.2),I,A,Annual,HRV,Croatia,ITU_DH_INV_COMP,Percentage of individuals using a computer (ITU),_T,Total,_T,All age ranges or no breakdown by age,_T,Total,PT_HH,Percentage of households,_Z,Not Applicable,_Z,Not Applicable,_Z,Not Applicable,2014,67.5736,MEAN,Mean,ITU_DH,ITU DataHub,0,Units,RATIO,Ratio,602,CCYY,A,Normal value,PU,Public
datastructure,WB.DATA360:DS_DATA360(1.2),I,A,Annual,HRV,Croatia,ITU_DH_INV_COMP,Percentage of individuals using a computer (ITU),_T,Total,_T,All age ranges or no breakdown by age,_T,Total,PT_HH,Percentage of households,_Z,Not Applicable,_Z,Not Applicable,_Z,Not Applicable,2015,68.1183,MEAN,Mean,ITU_DH,ITU DataHub,0,Units,RATIO,Ratio,602,CCYY,A,Normal value,PU,Public
datastructure,WB.DATA360:DS_DATA360(1.2),I,A,Annual,HRV,Croatia,ITU_DH_INV_COMP,Percentage of individuals using a computer (ITU),_T,Total,_T,All age ranges or no breakdown by age,_T,Total,PT_HH,Percentage of households,_Z,Not Applicable,_Z,Not Applicable,_Z,Not Applicable,2017,63.0407,MEAN,Mean,ITU_DH,ITU DataHub,0,Units,RATIO,Ratio,602,CCYY,A,Normal value,PU,Public
datastructure,WB.DATA360:DS_DATA360(1.2),I,A,Annual,HRV,Croatia,ITU_DH_INV_COMP,Percentage of individuals using a computer (ITU),_T,Total,_T,All age ranges or no breakdown by age,_T,Total,PT_HH,Percentage of households,_Z,Not Applicable,_Z,Not Applicable,_Z,Not Applicable,2018,69.299,MEAN,Mean,ITU_DH,ITU DataHub,0,Units,RATIO,Ratio,602,CCYY,A,Normal value,PU,Public
datastructure,WB.DATA360:DS_DATA360(1.2),I,A,Annual,HRV,Croatia,ITU_DH_INV_COMP,Percentage of individuals using a computer (ITU),_T,Total,_T,All age ranges or no breakdown by age,_T,Total,PT_HH,Percentage of households,_Z,Not Applicable,_Z,Not Applicable,_Z,Not Applicable,2019,70.2042,MEAN,Mean,ITU_DH,ITU DataHub,0,Units,RATIO,Ratio,602,CCYY,A,Normal value,PU,Public
datastructure,WB.DATA360:DS_DATA360(1.2),I,A,Annual,HRV,Croatia,ITU_DH_INV_COMP,Percentage of individuals using a computer (ITU),_T,Total,_T,All age ranges or no breakdown by age,_T,Total,PT_HH,Percentage of households,_Z,Not Applicable,_Z,Not Applicable,_Z,Not Applicable,2020,66.6951,MEAN,Mean,ITU_DH,ITU DataHub,0,Units,RATIO,Ratio,602,CCYY,A,Normal value,PU,Public
datastructure,WB.DATA360:DS_DATA360(1.2),I,A,Annual,HRV,Croatia,ITU_DH_INV_COMP,Percentage of individuals using a computer (ITU),_T,Total,_T,All age ranges or no breakdown by age,_T,Total,PT_HH,Percentage of households,_Z,Not Applicable,_Z,Not Applicable,_Z,Not Applicable,2021,63.1104,MEAN,Mean,ITU_DH,ITU DataHub,0,Units,RATIO,Ratio,602,CCYY,A,Normal value,PU,Public
datastructure,WB.DATA360:DS_DATA360(1.2),I,A,Annual,HRV,Croatia,ITU_DH_INV_COMP,Percentage of individuals using a computer (ITU),_T,Total,_T,All age ranges or no breakdown by age,_T,Total,PT_HH,Percentage of households,_Z,Not Applicable,_Z,Not Applicable,_Z,Not Applicable,2022,66.2194,MEAN,Mean,ITU_DH,ITU DataHub,0,Units,RATIO,Ratio,602,CCYY,A,Normal value,PU,Public
datastructure,WB.DATA360:DS_DATA360(1.2),I,A,Annual,HRV,Croatia,ITU_DH_INV_COMP,Percentage of individuals using a computer (ITU),_T,Total,_T,All age ranges or no breakdown by age,_T,Total,PT_HH,Percentage of households,_Z,Not Applicable,_Z,Not Applicable,_Z,Not Applicable,2023,65.7202,MEAN,Mean,ITU_DH,ITU DataHub,0,Units,RATIO,Ratio,602,CCYY,A,Normal value,PU,Public
datastructure,WB.DATA360:DS_DATA360(1.2),I,A,Annual,HRV,Croatia,ITU_DH_INV_COMP,Percentage of individuals using a computer (ITU),_T,Total,_T,All age ranges or no breakdown by age,_T,Total,PT_HH,Percentage of households,_Z,Not Applicable,_Z,Not Applicable,_Z,Not Applicable,2024,66.1752,MEAN,Mean,ITU_DH,ITU DataHub,0,Units,RATIO,Ratio,602,CCYY,A,Normal value,PU,Public
datastructure,WB.DATA360:DS_DATA360(1.2),I,A,Annual,ITA,Italy,ITU_DH_INV_COMP,Percentage of individuals using a computer (ITU),_T,Total,_T,All age ranges or no breakdown by age,_T,Total,PT_HH,Percentage of households,_Z,Not Applicable,_Z,Not Applicable,_Z,Not Applicable,2002,36.9171,MEAN,Mean,ITU_DH,ITU DataHub,0,Units,RATIO,Ratio,602,CCYY,A,Normal value,PU,Public
datastructure,WB.DATA360:DS_DATA360(1.2),I,A,Annual,ITA,Italy,ITU_DH_INV_COMP,Percentage of individuals using a computer (ITU),_T,Total,_T,All age ranges or no breakdown by age,_T,Total,PT_HH,Percentage of households,_Z,Not Applicable,_Z,Not Applicable,_Z,Not Applicable,2003,40.2905,MEAN,Mean,ITU_DH,ITU DataHub,0,Units,RATIO,Ratio,602,CCYY,A,Normal value,PU,Public
datastructure,WB.DATA360:DS_DATA360(1.2),I,A,Annual,ITA,Italy,ITU_DH_INV_COMP,Percentage of individuals using a computer (ITU),_T,Total,_T,All age ranges or no breakdown by age,_T,Total,PT_HH,Percentage of households,_Z,Not Applicable,_Z,Not Applicable,_Z,Not Applicable,2004,40.7835,MEAN,Mean,ITU_DH,ITU DataHub,0,Units,RATIO,Ratio,602,CCYY,A,Normal value,PU,Public
datastructure,WB.DATA360:DS_DATA360(1.2),I,A,Annual,ITA,Italy,ITU_DH_INV_COMP,Percentage of individuals using a computer (ITU),_T,Total,_T,All age ranges or no breakdown by age,_T,Total,PT_HH,Percentage of households,_Z,Not Applicable,_Z,Not Applicable,_Z,Not Applicable,2005,41.8383,MEAN,Mean,ITU_DH,ITU DataHub,0,Units,RATIO,Ratio,602,CCYY,A,Normal value,PU,Public
datastructure,WB.DATA360:DS_DATA360(1.2),I,A,Annual,ITA,Italy,ITU_DH_INV_COMP,Percentage of individuals using a computer (ITU),_T,Total,_T,All age ranges or no breakdown by age,_T,Total,PT_HH,Percentage of households,_Z,Not Applicable,_Z,Not Applicable,_Z,Not Applicable,2006,44.0841,MEAN,Mean,ITU_DH,ITU DataHub,0,Units,RATIO,Ratio,602,CCYY,A,Normal value,PU,Public
datastructure,WB.DATA360:DS_DATA360(1.2),I,A,Annual,ITA,Italy,ITU_DH_INV_COMP,Percentage of individuals using a computer (ITU),_T,Total,_T,All age ranges or no breakdown by age,_T,Total,PT_HH,Percentage of households,_Z,Not Applicable,_Z,Not Applicable,_Z,Not Applicable,2007,44.6021,MEAN,Mean,ITU_DH,ITU DataHub,0,Units,RATIO,Ratio,602,CCYY,A,Normal value,PU,Public
datastructure,WB.DATA360:DS_DATA360(1.2),I,A,Annual,ITA,Italy,ITU_DH_INV_COMP,Percentage of individuals using a computer (ITU),_T,Total,_T,All age ranges or no breakdown by age,_T,Total,PT_HH,Percentage of households,_Z,Not Applicable,_Z,Not Applicable,_Z,Not Applicable,2008,48.1564,MEAN,Mean,ITU_DH,ITU DataHub,0,Units,RATIO,Ratio,602,CCYY,A,Normal value,PU,Public
datastructure,WB.DATA360:DS_DATA360(1.2),I,A,Annual,ITA,Italy,ITU_DH_INV_COMP,Percentage of individuals using a computer (ITU),_T,Total,_T,All age ranges or no breakdown by age,_T,Total,PT_HH,Percentage of households,_Z,Not Applicable,_Z,Not Applicable,_Z,Not Applicable,2009,51.3933,MEAN,Mean,ITU_DH,ITU DataHub,0,Units,RATIO,Ratio,602,CCYY,A,Normal value,PU,Public
datastructure,WB.DATA360:DS_DATA360(1.2),I,A,Annual,ITA,Italy,ITU_DH_INV_COMP,Percentage of individuals using a computer (ITU),_T,Total,_T,All age ranges or no breakdown by age,_T,Total,PT_HH,Percentage of households,_Z,Not Applicable,_Z,Not Applicable,_Z,Not Applicable,2010,55.6471,MEAN,Mean,ITU_DH,ITU DataHub,0,Units,RATIO,Ratio,602,CCYY,A,Normal value,PU,Public
datastructure,WB.DATA360:DS_DATA360(1.2),I,A,Annual,ITA,Italy,ITU_DH_INV_COMP,Percentage of individuals using a computer (ITU),_T,Total,_T,All age ranges or no breakdown by age,_T,Total,PT_HH,Percentage of households,_Z,Not Applicable,_Z,Not Applicable,_Z,Not Applicable,2011,55.05,MEAN,Mean,ITU_DH,ITU DataHub,0,Units,RATIO,Ratio,602,CCYY,A,Normal value,PU,Public
datastructure,WB.DATA360:DS_DATA360(1.2),I,A,Annual,ITA,Italy,ITU_DH_INV_COMP,Percentage of individuals using a computer (ITU),_T,Total,_T,All age ranges or no breakdown by age,_T,Total,PT_HH,Percentage of households,_Z,Not Applicable,_Z,Not Applicable,_Z,Not Applicable,2012,55.969,MEAN,Mean,ITU_DH,ITU DataHub,0,Units,RATIO,Ratio,602,CCYY,A,Normal value,PU,Public
datastructure,WB.DATA360:DS_DATA360(1.2),I,A,Annual,ITA,Italy,ITU_DH_INV_COMP,Percentage of individuals using a computer (ITU),_T,Total,_T,All age ranges or no breakdown by age,_T,Total,PT_HH,Percentage of households,_Z,Not Applicable,_Z,Not Applicable,_Z,Not Applicable,2013,58.1963,MEAN,Mean,ITU_DH,ITU DataHub,0,Units,RATIO,Ratio,602,CCYY,A,Normal value,PU,Public
datastructure,WB.DATA360:DS_DATA360(1.2),I,A,Annual,ITA,Italy,ITU_DH_INV_COMP,Percentage of individuals using a computer (ITU),_T,Total,_T,All age ranges or no breakdown by age,_T,Total,PT_HH,Percentage of households,_Z,Not Applicable,_Z,Not Applicable,_Z,Not Applicable,2014,59.0662,MEAN,Mean,ITU_DH,ITU DataHub,0,Units,RATIO,Ratio,602,CCYY,A,Normal value,PU,Public
datastructure,WB.DATA360:DS_DATA360(1.2),I,A,Annual,ITA,Italy,ITU_DH_INV_COMP,Percentage of individuals using a computer (ITU),_T,Total,_T,All age ranges or no breakdown by age,_T,Total,PT_HH,Percentage of households,_Z,Not Applicable,_Z,Not Applicable,_Z,Not Applicable,2015,61.2877,MEAN,Mean,ITU_DH,ITU DataHub,0,Units,RATIO,Ratio,602,CCYY,A,Normal value,PU,Public
datastructure,WB.DATA360:DS_DATA360(1.2),I,A,Annual,ITA,Italy,ITU_DH_INV_COMP,Percentage of individuals using a computer (ITU),_T,Total,_T,All age ranges or no breakdown by age,_T,Total,PT_HH,Percentage of households,_Z,Not Applicable,_Z,Not Applicable,_Z,Not Applicable,2020,53.0426,MEAN,Mean,ITU_DH,ITU DataHub,0,Units,RATIO,Ratio,602,CCYY,A,Normal value,PU,Public
datastructure,WB.DATA360:DS_DATA360(1.2),I,A,Annual,ITA,Italy,ITU_DH_INV_COMP,Percentage of individuals using a computer (ITU),_T,Total,_T,All age ranges or no breakdown by age,_T,Total,PT_HH,Percentage of households,_Z,Not Applicable,_Z,Not Applicable,_Z,Not Applicable,2022,58.6,MEAN,Mean,ITU_DH,ITU DataHub,0,Units,RATIO,Ratio,602,CCYY,A,Normal value,PU,Public
datastructure,WB.DATA360:DS_DATA360(1.2),I,A,Annual,ITA,Italy,ITU_DH_INV_COMP,Percentage of individuals using a computer (ITU),_T,Total,_T,All age ranges or no breakdown by age,_T,Total,PT_HH,Percentage of households,_Z,Not Applicable,_Z,Not Applicable,_Z,Not Applicable,2023,60.0989,MEAN,Mean,ITU_DH,ITU DataHub,0,Units,RATIO,Ratio,602,CCYY,A,Normal value,PU,Public
datastructure,WB.DATA360:DS_DATA360(1.2),I,A,Annual,IDN,Indonesia,ITU_DH_INV_COMP,Percentage of individuals using a computer (ITU),_T,Total,_T,All age ranges or no breakdown by age,_T,Total,PT_HH,Percentage of households,_Z,Not Applicable,_Z,Not Applicable,_Z,Not Applicable,2015,16.5382,MEAN,Mean,ITU_DH,ITU DataHub,0,Units,RATIO,Ratio,602,CCYY,A,Normal value,PU,Public
datastructure,WB.DATA360:DS_DATA360(1.2),I,A,Annual,IDN,Indonesia,ITU_DH_INV_COMP,Percentage of individuals using a computer (ITU),_T,Total,_T,All age ranges or no breakdown by age,_T,Total,PT_HH,Percentage of households,_Z,Not Applicable,_Z,Not Applicable,_Z,Not Applicable,2016,17.2805,MEAN,Mean,ITU_DH,ITU DataHub,0,Units,RATIO,Ratio,602,CCYY,A,Normal value,PU,Public
datastructure,WB.DATA360:DS_DATA360(1.2),I,A,Annual,IDN,Indonesia,ITU_DH_INV_COMP,Percentage of individuals using a computer (ITU),_T,Total,_T,All age ranges or no breakdown by age,_T,Total,PT_HH,Percentage of households,_Z,Not Applicable,_Z,Not Applicable,_Z,Not Applicable,2017,19.0262,MEAN,Mean,ITU_DH,ITU DataHub,0,Units,RATIO,Ratio,602,CCYY,A,Normal value,PU,Public
datastructure,WB.DATA360:DS_DATA360(1.2),I,A,Annual,IDN,Indonesia,ITU_DH_INV_COMP,Percentage of individuals using a computer (ITU),_T,Total,_T,All age ranges or no breakdown by age,_T,Total,PT_HH,Percentage of households,_Z,Not Applicable,_Z,Not Applicable,_Z,Not Applicable,2018,19.1039,MEAN,Mean,ITU_DH,ITU DataHub,0,Units,RATIO,Ratio,602,CCYY,A,Normal value,PU,Public
datastructure,WB.DATA360:DS_DATA360(1.2),I,A,Annual,IDN,Indonesia,ITU_DH_INV_COMP,Percentage of individuals using a computer (ITU),_T,Total,_T,All age ranges or no breakdown by age,_T,Total,PT_HH,Percentage of households,_Z,Not Applicable,_Z,Not Applicable,_Z,Not Applicable,2019,14.4686,MEAN,Mean,ITU_DH,ITU DataHub,0,Units,RATIO,Ratio,602,CCYY,A,Normal value,PU,Public
datastructure,WB.DATA360:DS_DATA360(1.2),I,A,Annual,IDN,Indonesia,ITU_DH_INV_COMP,Percentage of individuals using a computer (ITU),_T,Total,_T,All age ranges or no breakdown by age,_T,Total,PT_HH,Percentage of households,_Z,Not Applicable,_Z,Not Applicable,_Z,Not Applicable,2020,14.1438,MEAN,Mean,ITU_DH,ITU DataHub,0,Units,RATIO,Ratio,602,CCYY,A,Normal value,PU,Public
datastructure,WB.DATA360:DS_DATA360(1.2),I,A,Annual,IDN,Indonesia,ITU_DH_INV_COMP,Percentage of individuals using a computer (ITU),_T,Total,_T,All age ranges or no breakdown by age,_T,Total,PT_HH,Percentage of households,_Z,Not Applicable,_Z,Not Applicable,_Z,Not Applicable,2021,11.6682,MEAN,Mean,ITU_DH,ITU DataHub,0,Units,RATIO,Ratio,602,CCYY,A,Normal value,PU,Public
datastructure,WB.DATA360:DS_DATA360(1.2),I,A,Annual,IDN,Indonesia,ITU_DH_INV_COMP,Percentage of individuals using a computer (ITU),_T,Total,_T,All age ranges or no breakdown by age,_T,Total,PT_HH,Percentage of households,_Z,Not Applicable,_Z,Not Applicable,_Z,Not Applicable,2022,11.8781,MEAN,Mean,ITU_DH,ITU DataHub,0,Units,RATIO,Ratio,602,CCYY,A,Normal value,PU,Public
datastructure,WB.DATA360:DS_DATA360(1.2),I,A,Annual,IDN,Indonesia,ITU_DH_INV_COMP,Percentage of individuals using a computer (ITU),_T,Total,_T,All age ranges or no breakdown by age,_T,Total,PT_HH,Percentage of households,_Z,Not Applicable,_Z,Not Applicable,_Z,Not Applicable,2023,12.304,MEAN,Mean,ITU_DH,ITU DataHub,0,Units,RATIO,Ratio,602,CCYY,A,Normal value,PU,Public
datastructure,WB.DATA360:DS_DATA360(1.2),I,A,Annual,IDN,Indonesia,ITU_DH_INV_COMP,Percentage of individuals using a computer (ITU),_T,Total,_T,All age ranges or no breakdown by age,_T,Total,PT_HH,Percentage of households,_Z,Not Applicable,_Z,Not Applicable,_Z,Not Applicable,2024,12.2266,MEAN,Mean,ITU_DH,ITU DataHub,0,Units,RATIO,Ratio,602,CCYY,A,Normal value,PU,Public
datastructure,WB.DATA360:DS_DATA360(1.2),I,A,Annual,IRL,Ireland,ITU_DH_INV_COMP,Percentage of individuals using a computer (ITU),_T,Total,_T,All age ranges or no breakdown by age,_T,Total,PT_HH,Percentage of households,_Z,Not Applicable,_Z,Not Applicable,_Z,Not Applicable,2003,39.5052,MEAN,Mean,ITU_DH,ITU DataHub,0,Units,RATIO,Ratio,602,CCYY,A,Normal value,PU,Public
datastructure,WB.DATA360:DS_DATA360(1.2),I,A,Annual,IRL,Ireland,ITU_DH_INV_COMP,Percentage of individuals using a computer (ITU),_T,Total,_T,All age ranges or no breakdown by age,_T,Total,PT_HH,Percentage of households,_Z,Not Applicable,_Z,Not Applicable,_Z,Not Applicable,2004,43.9508,MEAN,Mean,ITU_DH,ITU DataHub,0,Units,RATIO,Ratio,602,CCYY,A,Normal value,PU,Public
datastructure,WB.DATA360:DS_DATA360(1.2),I,A,Annual,IRL,Ireland,ITU_DH_INV_COMP,Percentage of individuals using a computer (ITU),_T,Total,_T,All age ranges or no breakdown by age,_T,Total,PT_HH,Percentage of households,_Z,Not Applicable,_Z,Not Applicable,_Z,Not Applicable,2005,47.7468,MEAN,Mean,ITU_DH,ITU DataHub,0,Units,RATIO,Ratio,602,CCYY,A,Normal value,PU,Public
datastructure,WB.DATA360:DS_DATA360(1.2),I,A,Annual,IRL,Ireland,ITU_DH_INV_COMP,Percentage of individuals using a computer (ITU),_T,Total,_T,All age ranges or no breakdown by age,_T,Total,PT_HH,Percentage of households,_Z,Not Applicable,_Z,Not Applicable,_Z,Not Applicable,2006,61.3391,MEAN,Mean,ITU_DH,ITU DataHub,0,Units,RATIO,Ratio,602,CCYY,A,Normal value,PU,Public
datastructure,WB.DATA360:DS_DATA360(1.2),I,A,Annual,IRL,Ireland,ITU_DH_INV_COMP,Percentage of individuals using a computer (ITU),_T,Total,_T,All age ranges or no breakdown by age,_T,Total,PT_HH,Percentage of households,_Z,Not Applicable,_Z,Not Applicable,_Z,Not Applicable,2007,65.5231,MEAN,Mean,ITU_DH,ITU DataHub,0,Units,RATIO,Ratio,602,CCYY,A,Normal value,PU,Public
datastructure,WB.DATA360:DS_DATA360(1.2),I,A,Annual,IRL,Ireland,ITU_DH_INV_COMP,Percentage of individuals using a computer (ITU),_T,Total,_T,All age ranges or no breakdown by age,_T,Total,PT_HH,Percentage of households,_Z,Not Applicable,_Z,Not Applicable,_Z,Not Applicable,2008,69.5631,MEAN,Mean,ITU_DH,ITU DataHub,0,Units,RATIO,Ratio,602,CCYY,A,Normal value,PU,Public
datastructure,WB.DATA360:DS_DATA360(1.2),I,A,Annual,IRL,Ireland,ITU_DH_INV_COMP,Percentage of individuals using a computer (ITU),_T,Total,_T,All age ranges or no breakdown by age,_T,Total,PT_HH,Percentage of households,_Z,Not Applicable,_Z,Not Applicable,_Z,Not Applicable,2009,69.696,MEAN,Mean,ITU_DH,ITU DataHub,0,Units,RATIO,Ratio,602,CCYY,A,Normal value,PU,Public
datastructure,WB.DATA360:DS_DATA360(1.2),I,A,Annual,IRL,Ireland,ITU_DH_INV_COMP,Percentage of individuals using a computer (ITU),_T,Total,_T,All age ranges or no breakdown by age,_T,Total,PT_HH,Percentage of households,_Z,Not Applicable,_Z,Not Applicable,_Z,Not Applicable,2010,72.1116,MEAN,Mean,ITU_DH,ITU DataHub,0,Units,RATIO,Ratio,602,CCYY,A,Normal value,PU,Public
datastructure,WB.DATA360:DS_DATA360(1.2),I,A,Annual,IRL,Ireland,ITU_DH_INV_COMP,Percentage of individuals using a computer (ITU),_T,Total,_T,All age ranges or no breakdown by age,_T,Total,PT_HH,Percentage of households,_Z,Not Applicable,_Z,Not Applicable,_Z,Not Applicable,2011,76.01,MEAN,Mean,ITU_DH,ITU DataHub,0,Units,RATIO,Ratio,602,CCYY,A,Normal value,PU,Public
datastructure,WB.DATA360:DS_DATA360(1.2),I,A,Annual,IRL,Ireland,ITU_DH_INV_COMP,Percentage of individuals using a computer (ITU),_T,Total,_T,All age ranges or no breakdown by age,_T,Total,PT_HH,Percentage of households,_Z,Not Applicable,_Z,Not Applicable,_Z,Not Applicable,2012,77.1198,MEAN,Mean,ITU_DH,ITU DataHub,0,Units,RATIO,Ratio,602,CCYY,A,Normal value,PU,Public
datastructure,WB.DATA360:DS_DATA360(1.2),I,A,Annual,IRL,Ireland,ITU_DH_INV_COMP,Percentage of individuals using a computer (ITU),_T,Total,_T,All age ranges or no breakdown by age,_T,Total,PT_HH,Percentage of households,_Z,Not Applicable,_Z,Not Applicable,_Z,Not Applicable,2013,78.1357,MEAN,Mean,ITU_DH,ITU DataHub,0,Units,RATIO,Ratio,602,CCYY,A,Normal value,PU,Public
datastructure,WB.DATA360:DS_DATA360(1.2),I,A,Annual,IRL,Ireland,ITU_DH_INV_COMP,Percentage of individuals using a computer (ITU),_T,Total,_T,All age ranges or no breakdown by age,_T,Total,PT_HH,Percentage of households,_Z,Not Applicable,_Z,Not Applicable,_Z,Not Applicable,2014,78.4371,MEAN,Mean,ITU_DH,ITU DataHub,0,Units,RATIO,Ratio,602,CCYY,A,Normal value,PU,Public
datastructure,WB.DATA360:DS_DATA360(1.2),I,A,Annual,IRL,Ireland,ITU_DH_INV_COMP,Percentage of individuals using a computer (ITU),_T,Total,_T,All age ranges or no breakdown by age,_T,Total,PT_HH,Percentage of households,_Z,Not Applicable,_Z,Not Applicable,_Z,Not Applicable,2015,77.2899,MEAN,Mean,ITU_DH,ITU DataHub,0,Units,RATIO,Ratio,602,CCYY,A,Normal value,PU,Public
datastructure,WB.DATA360:DS_DATA360(1.2),I,A,Annual,IRN,"Iran, Islamic Rep.",ITU_DH_INV_COMP,Percentage of individuals using a computer (ITU),_T,Total,_T,All age ranges or no breakdown by age,_T,Total,PT_HH,Percentage of households,_Z,Not Applicable,_Z,Not Applicable,_Z,Not Applicable,2010,24.6416,MEAN,Mean,ITU_DH,ITU DataHub,0,Units,RATIO,Ratio,602,CCYY,A,Normal value,PU,Public
datastructure,WB.DATA360:DS_DATA360(1.2),I,A,Annual,IRN,"Iran, Islamic Rep.",ITU_DH_INV_COMP,Percentage of individuals using a computer (ITU),_T,Total,_T,All age ranges or no breakdown by age,_T,Total,PT_HH,Percentage of households,_Z,Not Applicable,_Z,Not Applicable,_Z,Not Applicable,2013,34.3259,MEAN,Mean,ITU_DH,ITU DataHub,0,Units,RATIO,Ratio,602,CCYY,A,Normal value,PU,Public
datastructure,WB.DATA360:DS_DATA360(1.2),I,A,Annual,IRN,"Iran, Islamic Rep.",ITU_DH_INV_COMP,Percentage of individuals using a computer (ITU),_T,Total,_T,All age ranges or no breakdown by age,_T,Total,PT_HH,Percentage of households,_Z,Not Applicable,_Z,Not Applicable,_Z,Not Applicable,2015,42.2124,MEAN,Mean,ITU_DH,ITU DataHub,0,Units,RATIO,Ratio,602,CCYY,A,Normal value,PU,Public
datastructure,WB.DATA360:DS_DATA360(1.2),I,A,Annual,IRN,"Iran, Islamic Rep.",ITU_DH_INV_COMP,Percentage of individuals using a computer (ITU),_T,Total,_T,All age ranges or no breakdown by age,_T,Total,PT_HH,Percentage of households,_Z,Not Applicable,_Z,Not Applicable,_Z,Not Applicable,2017,48.4583,MEAN,Mean,ITU_DH,ITU DataHub,0,Units,RATIO,Ratio,602,CCYY,A,Normal value,PU,Public
datastructure,WB.DATA360:DS_DATA360(1.2),I,A,Annual,IRQ,Iraq,ITU_DH_INV_COMP,Percentage of individuals using a computer (ITU),_T,Total,_T,All age ranges or no breakdown by age,_T,Total,PT_HH,Percentage of households,_Z,Not Applicable,_Z,Not Applicable,_Z,Not Applicable,2022,10.9527,MEAN,Mean,ITU_DH,ITU DataHub,0,Units,RATIO,Ratio,602,CCYY,A,Normal value,PU,Public
datastructure,WB.DATA360:DS_DATA360(1.2),I,A,Annual,ISL,Iceland,ITU_DH_INV_COMP,Percentage of individuals using a computer (ITU),_T,Total,_T,All age ranges or no breakdown by age,_T,Total,PT_HH,Percentage of households,_Z,Not Applicable,_Z,Not Applicable,_Z,Not Applicable,2003,83.1407,MEAN,Mean,ITU_DH,ITU DataHub,0,Units,RATIO,Ratio,602,CCYY,A,Normal value,PU,Public
datastructure,WB.DATA360:DS_DATA360(1.2),I,A,Annual,ISL,Iceland,ITU_DH_INV_COMP,Percentage of individuals using a computer (ITU),_T,Total,_T,All age ranges or no breakdown by age,_T,Total,PT_HH,Percentage of households,_Z,Not Applicable,_Z,Not Applicable,_Z,Not Applicable,2004,86.8877,MEAN,Mean,ITU_DH,ITU DataHub,0,Units,RATIO,Ratio,602,CCYY,A,Normal value,PU,Public
datastructure,WB.DATA360:DS_DATA360(1.2),I,A,Annual,ISL,Iceland,ITU_DH_INV_COMP,Percentage of individuals using a computer (ITU),_T,Total,_T,All age ranges or no breakdown by age,_T,Total,PT_HH,Percentage of households,_Z,Not Applicable,_Z,Not Applicable,_Z,Not Applicable,2005,88.8051,MEAN,Mean,ITU_DH,ITU DataHub,0,Units,RATIO,Ratio,602,CCYY,A,Normal value,PU,Public
datastructure,WB.DATA360:DS_DATA360(1.2),I,A,Annual,ISL,Iceland,ITU_DH_INV_COMP,Percentage of individuals using a computer (ITU),_T,Total,_T,All age ranges or no breakdown by age,_T,Total,PT_HH,Percentage of households,_Z,Not Applicable,_Z,Not Applicable,_Z,Not Applicable,2006,91.2772,MEAN,Mean,ITU_DH,ITU DataHub,0,Units,RATIO,Ratio,602,CCYY,A,Normal value,PU,Public
datastructure,WB.DATA360:DS_DATA360(1.2),I,A,Annual,ISL,Iceland,ITU_DH_INV_COMP,Percentage of individuals using a computer (ITU),_T,Total,_T,All age ranges or no breakdown by age,_T,Total,PT_HH,Percentage of households,_Z,Not Applicable,_Z,Not Applicable,_Z,Not Applicable,2007,91.9501,MEAN,Mean,ITU_DH,ITU DataHub,0,Units,RATIO,Ratio,602,CCYY,A,Normal value,PU,Public
datastructure,WB.DATA360:DS_DATA360(1.2),I,A,Annual,ISL,Iceland,ITU_DH_INV_COMP,Percentage of individuals using a computer (ITU),_T,Total,_T,All age ranges or no breakdown by age,_T,Total,PT_HH,Percentage of households,_Z,Not Applicable,_Z,Not Applicable,_Z,Not Applicable,2008,92.6365,MEAN,Mean,ITU_DH,ITU DataHub,0,Units,RATIO,Ratio,602,CCYY,A,Normal value,PU,Public
datastructure,WB.DATA360:DS_DATA360(1.2),I,A,Annual,ISL,Iceland,ITU_DH_INV_COMP,Percentage of individuals using a computer (ITU),_T,Total,_T,All age ranges or no breakdown by age,_T,Total,PT_HH,Percentage of households,_Z,Not Applicable,_Z,Not Applicable,_Z,Not Applicable,2009,94.0172,MEAN,Mean,ITU_DH,ITU DataHub,0,Units,RATIO,Ratio,602,CCYY,A,Normal value,PU,Public
datastructure,WB.DATA360:DS_DATA360(1.2),I,A,Annual,ISL,Iceland,ITU_DH_INV_COMP,Percentage of individuals using a computer (ITU),_T,Total,_T,All age ranges or no breakdown by age,_T,Total,PT_HH,Percentage of households,_Z,Not Applicable,_Z,Not Applicable,_Z,Not Applicable,2010,94.5775,MEAN,Mean,ITU_DH,ITU DataHub,0,Units,RATIO,Ratio,602,CCYY,A,Normal value,PU,Public
datastructure,WB.DATA360:DS_DATA360(1.2),I,A,Annual,ISL,Iceland,ITU_DH_INV_COMP,Percentage of individuals using a computer (ITU),_T,Total,_T,All age ranges or no breakdown by age,_T,Total,PT_HH,Percentage of households,_Z,Not Applicable,_Z,Not Applicable,_Z,Not Applicable,2011,95.5799,MEAN,Mean,ITU_DH,ITU DataHub,0,Units,RATIO,Ratio,602,CCYY,A,Normal value,PU,Public
datastructure,WB.DATA360:DS_DATA360(1.2),I,A,Annual,ISL,Iceland,ITU_DH_INV_COMP,Percentage of individuals using a computer (ITU),_T,Total,_T,All age ranges or no breakdown by age,_T,Total,PT_HH,Percentage of households,_Z,Not Applicable,_Z,Not Applicable,_Z,Not Applicable,2012,96.7105,MEAN,Mean,ITU_DH,ITU DataHub,0,Units,RATIO,Ratio,602,CCYY,A,Normal value,PU,Public
datastructure,WB.DATA360:DS_DATA360(1.2),I,A,Annual,ISL,Iceland,ITU_DH_INV_COMP,Percentage of individuals using a computer (ITU),_T,Total,_T,All age ranges or no breakdown by age,_T,Total,PT_HH,Percentage of households,_Z,Not Applicable,_Z,Not Applicable,_Z,Not Applicable,2013,97.044,MEAN,Mean,ITU_DH,ITU DataHub,0,Units,RATIO,Ratio,602,CCYY,A,Normal value,PU,Public
datastructure,WB.DATA360:DS_DATA360(1.2),I,A,Annual,ISL,Iceland,ITU_DH_INV_COMP,Percentage of individuals using a computer (ITU),_T,Total,_T,All age ranges or no breakdown by age,_T,Total,PT_HH,Percentage of households,_Z,Not Applicable,_Z,Not Applicable,_Z,Not Applicable,2014,98.2173,MEAN,Mean,ITU_DH,ITU DataHub,0,Units,RATIO,Ratio,602,CCYY,A,Normal value,PU,Public
datastructure,WB.DATA360:DS_DATA360(1.2),I,A,Annual,ISR,Israel,ITU_DH_INV_COMP,Percentage of individuals using a computer (ITU),_T,Total,_T,All age ranges or no breakdown by age,_T,Total,PT_HH,Percentage of households,_Z,Not Applicable,_Z,Not Applicable,_Z,Not Applicable,2007,61.859,MEAN,Mean,ITU_DH,ITU DataHub,0,Units,RATIO,Ratio,602,CCYY,A,Normal value,PU,Public
datastructure,WB.DATA360:DS_DATA360(1.2),I,A,Annual,ISR,Israel,ITU_DH_INV_COMP,Percentage of individuals using a computer (ITU),_T,Total,_T,All age ranges or no breakdown by age,_T,Total,PT_HH,Percentage of households,_Z,Not Applicable,_Z,Not Applicable,_Z,Not Applicable,2008,64.3122,MEAN,Mean,ITU_DH,ITU DataHub,0,Units,RATIO,Ratio,602,CCYY,A,Normal value,PU,Public
datastructure,WB.DATA360:DS_DATA360(1.2),I,A,Annual,ISR,Israel,ITU_DH_INV_COMP,Percentage of individuals using a computer (ITU),_T,Total,_T,All age ranges or no breakdown by age,_T,Total,PT_HH,Percentage of households,_Z,Not Applicable,_Z,Not Applicable,_Z,Not Applicable,2009,67.6223,MEAN,Mean,ITU_DH,ITU DataHub,0,Units,RATIO,Ratio,602,CCYY,A,Normal value,PU,Public
datastructure,WB.DATA360:DS_DATA360(1.2),I,A,Annual,ISR,Israel,ITU_DH_INV_COMP,Percentage of individuals using a computer (ITU),_T,Total,_T,All age ranges or no breakdown by age,_T,Total,PT_HH,Percentage of households,_Z,Not Applicable,_Z,Not Applicable,_Z,Not Applicable,2010,71.1234,MEAN,Mean,ITU_DH,ITU DataHub,0,Units,RATIO,Ratio,602,CCYY,A,Normal value,PU,Public
datastructure,WB.DATA360:DS_DATA360(1.2),I,A,Annual,ISR,Israel,ITU_DH_INV_COMP,Percentage of individuals using a computer (ITU),_T,Total,_T,All age ranges or no breakdown by age,_T,Total,PT_HH,Percentage of households,_Z,Not Applicable,_Z,Not Applicable,_Z,Not Applicable,2012,73.5957,MEAN,Mean,ITU_DH,ITU DataHub,0,Units,RATIO,Ratio,602,CCYY,A,Normal value,PU,Public
datastructure,WB.DATA360:DS_DATA360(1.2),I,A,Annual,ISR,Israel,ITU_DH_INV_COMP,Percentage of individuals using a computer (ITU),_T,Total,_T,All age ranges or no breakdown by age,_T,Total,PT_HH,Percentage of households,_Z,Not Applicable,_Z,Not Applicable,_Z,Not Applicable,2013,74.1921,MEAN,Mean,ITU_DH,ITU DataHub,0,Units,RATIO,Ratio,602,CCYY,A,Normal value,PU,Public
datastructure,WB.DATA360:DS_DATA360(1.2),I,A,Annual,ISR,Israel,ITU_DH_INV_COMP,Percentage of individuals using a computer (ITU),_T,Total,_T,All age ranges or no breakdown by age,_T,Total,PT_HH,Percentage of households,_Z,Not Applicable,_Z,Not Applicable,_Z,Not Applicable,2014,71.0545,MEAN,Mean,ITU_DH,ITU DataHub,0,Units,RATIO,Ratio,602,CCYY,A,Normal value,PU,Public
datastructure,WB.DATA360:DS_DATA360(1.2),I,A,Annual,ISR,Israel,ITU_DH_INV_COMP,Percentage of individuals using a computer (ITU),_T,Total,_T,All age ranges or no breakdown by age,_T,Total,PT_HH,Percentage of households,_Z,Not Applicable,_Z,Not Applicable,_Z,Not Applicable,2015,72.0437,MEAN,Mean,ITU_DH,ITU DataHub,0,Units,RATIO,Ratio,602,CCYY,A,Normal value,PU,Public
datastructure,WB.DATA360:DS_DATA360(1.2),I,A,Annual,ISR,Israel,ITU_DH_INV_COMP,Percentage of individuals using a computer (ITU),_T,Total,_T,All age ranges or no breakdown by age,_T,Total,PT_HH,Percentage of households,_Z,Not Applicable,_Z,Not Applicable,_Z,Not Applicable,2016,72.2199,MEAN,Mean,ITU_DH,ITU DataHub,0,Units,RATIO,Ratio,602,CCYY,A,Normal value,PU,Public
datastructure,WB.DATA360:DS_DATA360(1.2),I,A,Annual,ISR,Israel,ITU_DH_INV_COMP,Percentage of individuals using a computer (ITU),_T,Total,_T,All age ranges or no breakdown by age,_T,Total,PT_HH,Percentage of households,_Z,Not Applicable,_Z,Not Applicable,_Z,Not Applicable,2018,72.4549,MEAN,Mean,ITU_DH,ITU DataHub,0,Units,RATIO,Ratio,602,CCYY,A,Normal value,PU,Public
datastructure,WB.DATA360:DS_DATA360(1.2),I,A,Annual,ISR,Israel,ITU_DH_INV_COMP,Percentage of individuals using a computer (ITU),_T,Total,_T,All age ranges or no breakdown by age,_T,Total,PT_HH,Percentage of households,_Z,Not Applicable,_Z,Not Applicable,_Z,Not Applicable,2019,71.2992,MEAN,Mean,ITU_DH,ITU DataHub,0,Units,RATIO,Ratio,602,CCYY,A,Normal value,PU,Public
datastructure,WB.DATA360:DS_DATA360(1.2),I,A,Annual,ISR,Israel,ITU_DH_INV_COMP,Percentage of individuals using a computer (ITU),_T,Total,_T,All age ranges or no breakdown by age,_T,Total,PT_HH,Percentage of households,_Z,Not Applicable,_Z,Not Applicable,_Z,Not Applicable,2020,70.0247,MEAN,Mean,ITU_DH,ITU DataHub,0,Units,RATIO,Ratio,602,CCYY,A,Normal value,PU,Public
datastructure,WB.DATA360:DS_DATA360(1.2),I,A,Annual,ISR,Israel,ITU_DH_INV_COMP,Percentage of individuals using a computer (ITU),_T,Total,_T,All age ranges or no breakdown by age,_T,Total,PT_HH,Percentage of households,_Z,Not Applicable,_Z,Not Applicable,_Z,Not Applicable,2021,70.6369,MEAN,Mean,ITU_DH,ITU DataHub,0,Units,RATIO,Ratio,602,CCYY,A,Normal value,PU,Public
datastructure,WB.DATA360:DS_DATA360(1.2),I,A,Annual,JPN,Japan,ITU_DH_INV_COMP,Percentage of individuals using a computer (ITU),_T,Total,_T,All age ranges or no breakdown by age,_T,Total,PT_HH,Percentage of households,_Z,Not Applicable,_Z,Not Applicable,_Z,Not Applicable,2007,62.4,MEAN,Mean,ITU_DH,ITU DataHub,0,Units,RATIO,Ratio,602,CCYY,A,Normal value,PU,Public
datastructure,WB.DATA360:DS_DATA360(1.2),I,A,Annual,JPN,Japan,ITU_DH_INV_COMP,Percentage of individuals using a computer (ITU),_T,Total,_T,All age ranges or no breakdown by age,_T,Total,PT_HH,Percentage of households,_Z,Not Applicable,_Z,Not Applicable,_Z,Not Applicable,2008,64.0,MEAN,Mean,ITU_DH,ITU DataHub,0,Units,RATIO,Ratio,602,CCYY,A,Normal value,PU,Public
datastructure,WB.DATA360:DS_DATA360(1.2),I,A,Annual,JPN,Japan,ITU_DH_INV_COMP,Percentage of individuals using a computer (ITU),_T,Total,_T,All age ranges or no breakdown by age,_T,Total,PT_HH,Percentage of households,_Z,Not Applicable,_Z,Not Applicable,_Z,Not Applicable,2009,66.2264,MEAN,Mean,ITU_DH,ITU DataHub,0,Units,RATIO,Ratio,602,CCYY,A,Normal value,PU,Public
datastructure,WB.DATA360:DS_DATA360(1.2),I,A,Annual,JPN,Japan,ITU_DH_INV_COMP,Percentage of individuals using a computer (ITU),_T,Total,_T,All age ranges or no breakdown by age,_T,Total,PT_HH,Percentage of households,_Z,Not Applicable,_Z,Not Applicable,_Z,Not Applicable,2010,67.3762,MEAN,Mean,ITU_DH,ITU DataHub,0,Units,RATIO,Ratio,602,CCYY,A,Normal value,PU,Public
datastructure,WB.DATA360:DS_DATA360(1.2),I,A,Annual,JPN,Japan,ITU_DH_INV_COMP,Percentage of individuals using a computer (ITU),_T,Total,_T,All age ranges or no breakdown by age,_T,Total,PT_HH,Percentage of households,_Z,Not Applicable,_Z,Not Applicable,_Z,Not Applicable,2013,61.8457,MEAN,Mean,ITU_DH,ITU DataHub,0,Units,RATIO,Ratio,602,CCYY,A,Normal value,PU,Public
datastructure,WB.DATA360:DS_DATA360(1.2),I,A,Annual,JPN,Japan,ITU_DH_INV_COMP,Percentage of individuals using a computer (ITU),_T,Total,_T,All age ranges or no breakdown by age,_T,Total,PT_HH,Percentage of households,_Z,Not Applicable,_Z,Not Applicable,_Z,Not Applicable,2014,59.8942,MEAN,Mean,ITU_DH,ITU DataHub,0,Units,RATIO,Ratio,602,CCYY,A,Normal value,PU,Public
datastructure,WB.DATA360:DS_DATA360(1.2),I,A,Annual,JPN,Japan,ITU_DH_INV_COMP,Percentage of individuals using a computer (ITU),_T,Total,_T,All age ranges or no breakdown by age,_T,Total,PT_HH,Percentage of households,_Z,Not Applicable,_Z,Not Applicable,_Z,Not Applicable,2015,61.3514,MEAN,Mean,ITU_DH,ITU DataHub,0,Units,RATIO,Ratio,602,CCYY,A,Normal value,PU,Public
datastructure,WB.DATA360:DS_DATA360(1.2),I,A,Annual,JPN,Japan,ITU_DH_INV_COMP,Percentage of individuals using a computer (ITU),_T,Total,_T,All age ranges or no breakdown by age,_T,Total,PT_HH,Percentage of households,_Z,Not Applicable,_Z,Not Applicable,_Z,Not Applicable,2016,76.4421,MEAN,Mean,ITU_DH,ITU DataHub,0,Units,RATIO,Ratio,602,CCYY,A,Normal value,PU,Public
datastructure,WB.DATA360:DS_DATA360(1.2),I,A,Annual,JPN,Japan,ITU_DH_INV_COMP,Percentage of individuals using a computer (ITU),_T,Total,_T,All age ranges or no breakdown by age,_T,Total,PT_HH,Percentage of households,_Z,Not Applicable,_Z,Not Applicable,_Z,Not Applicable,2017,75.5091,MEAN,Mean,ITU_DH,ITU DataHub,0,Units,RATIO,Ratio,602,CCYY,A,Normal value,PU,Public
datastructure,WB.DATA360:DS_DATA360(1.2),I,A,Annual,JAM,Jamaica,ITU_DH_INV_COMP,Percentage of individuals using a computer (ITU),_T,Total,_T,All age ranges or no breakdown by age,_T,Total,PT_HH,Percentage of households,_Z,Not Applicable,_Z,Not Applicable,_Z,Not Applicable,2010,32.6638,MEAN,Mean,ITU_DH,ITU DataHub,0,Units,RATIO,Ratio,602,CCYY,A,Normal value,PU,Public
datastructure,WB.DATA360:DS_DATA360(1.2),I,A,Annual,JAM,Jamaica,ITU_DH_INV_COMP,Percentage of individuals using a computer (ITU),_T,Total,_T,All age ranges or no breakdown by age,_T,Total,PT_HH,Percentage of households,_Z,Not Applicable,_Z,Not Applicable,_Z,Not Applicable,2011,41.5561,MEAN,Mean,ITU_DH,ITU DataHub,0,Units,RATIO,Ratio,602,CCYY,A,Normal value,PU,Public
datastructure,WB.DATA360:DS_DATA360(1.2),I,A,Annual,JAM,Jamaica,ITU_DH_INV_COMP,Percentage of individuals using a computer (ITU),_T,Total,_T,All age ranges or no breakdown by age,_T,Total,PT_HH,Percentage of households,_Z,Not Applicable,_Z,Not Applicable,_Z,Not Applicable,2012,37.1356,MEAN,Mean,ITU_DH,ITU DataHub,0,Units,RATIO,Ratio,602,CCYY,A,Normal value,PU,Public
datastructure,WB.DATA360:DS_DATA360(1.2),I,A,Annual,JAM,Jamaica,ITU_DH_INV_COMP,Percentage of individuals using a computer (ITU),_T,Total,_T,All age ranges or no breakdown by age,_T,Total,PT_HH,Percentage of households,_Z,Not Applicable,_Z,Not Applicable,_Z,Not Applicable,2014,40.3171,MEAN,Mean,ITU_DH,ITU DataHub,0,Units,RATIO,Ratio,602,CCYY,A,Normal value,PU,Public
datastructure,WB.DATA360:DS_DATA360(1.2),I,A,Annual,JAM,Jamaica,ITU_DH_INV_COMP,Percentage of individuals using a computer (ITU),_T,Total,_T,All age ranges or no breakdown by age,_T,Total,PT_HH,Percentage of households,_Z,Not Applicable,_Z,Not Applicable,_Z,Not Applicable,2015,35.2645,MEAN,Mean,ITU_DH,ITU DataHub,0,Units,RATIO,Ratio,602,CCYY,A,Normal value,PU,Public
datastructure,WB.DATA360:DS_DATA360(1.2),I,A,Annual,JAM,Jamaica,ITU_DH_INV_COMP,Percentage of individuals using a computer (ITU),_T,Total,_T,All age ranges or no breakdown by age,_T,Total,PT_HH,Percentage of households,_Z,Not Applicable,_Z,Not Applicable,_Z,Not Applicable,2016,31.0464,MEAN,Mean,ITU_DH,ITU DataHub,0,Units,RATIO,Ratio,602,CCYY,A,Normal value,PU,Public
datastructure,WB.DATA360:DS_DATA360(1.2),I,A,Annual,JAM,Jamaica,ITU_DH_INV_COMP,Percentage of individuals using a computer (ITU),_T,Total,_T,All age ranges or no breakdown by age,_T,Total,PT_HH,Percentage of households,_Z,Not Applicable,_Z,Not Applicable,_Z,Not Applicable,2017,27.2232,MEAN,Mean,ITU_DH,ITU DataHub,0,Units,RATIO,Ratio,602,CCYY,A,Normal value,PU,Public
datastructure,WB.DATA360:DS_DATA360(1.2),I,A,Annual,JAM,Jamaica,ITU_DH_INV_COMP,Percentage of individuals using a computer (ITU),_T,Total,_T,All age ranges or no breakdown by age,_T,Total,PT_HH,Percentage of households,_Z,Not Applicable,_Z,Not Applicable,_Z,Not Applicable,2021,39.9453,MEAN,Mean,ITU_DH,ITU DataHub,0,Units,RATIO,Ratio,602,CCYY,A,Normal value,PU,Public
datastructure,WB.DATA360:DS_DATA360(1.2),I,A,Annual,JAM,Jamaica,ITU_DH_INV_COMP,Percentage of individuals using a computer (ITU),_T,Total,_T,All age ranges or no breakdown by age,_T,Total,PT_HH,Percentage of households,_Z,Not Applicable,_Z,Not Applicable,_Z,Not Applicable,2023,39.7924,MEAN,Mean,ITU_DH,ITU DataHub,0,Units,RATIO,Ratio,602,CCYY,A,Normal value,PU,Public
datastructure,WB.DATA360:DS_DATA360(1.2),I,A,Annual,JOR,Jordan,ITU_DH_INV_COMP,Percentage of individuals using a computer (ITU),_T,Total,_T,All age ranges or no breakdown by age,_T,Total,PT_HH,Percentage of households,_Z,Not Applicable,_Z,Not Applicable,_Z,Not Applicable,2022,23.0,MEAN,Mean,ITU_DH,ITU DataHub,0,Units,RATIO,Ratio,602,CCYY,A,Normal value,PU,Public
datastructure,WB.DATA360:DS_DATA360(1.2),I,A,Annual,JOR,Jordan,ITU_DH_INV_COMP,Percentage of individuals using a computer (ITU),_T,Total,_T,All age ranges or no breakdown by age,_T,Total,PT_HH,Percentage of households,_Z,Not Applicable,_Z,Not Applicable,_Z,Not Applicable,2023,30.731,MEAN,Mean,ITU_DH,ITU DataHub,0,Units,RATIO,Ratio,602,CCYY,A,Normal value,PU,Public
datastructure,WB.DATA360:DS_DATA360(1.2),I,A,Annual,KEN,Kenya,ITU_DH_INV_COMP,Percentage of individuals using a computer (ITU),_T,Total,_T,All age ranges or no breakdown by age,_T,Total,PT_HH,Percentage of households,_Z,Not Applicable,_Z,Not Applicable,_Z,Not Applicable,2015,9.49455,MEAN,Mean,ITU_DH,ITU DataHub,0,Units,RATIO,Ratio,602,CCYY,A,Normal value,PU,Public
datastructure,WB.DATA360:DS_DATA360(1.2),I,A,Annual,KEN,Kenya,ITU_DH_INV_COMP,Percentage of individuals using a computer (ITU),_T,Total,_T,All age ranges or no breakdown by age,_T,Total,PT_HH,Percentage of households,_Z,Not Applicable,_Z,Not Applicable,_Z,Not Applicable,2019,10.6874,MEAN,Mean,ITU_DH,ITU DataHub,0,Units,RATIO,Ratio,602,CCYY,A,Normal value,PU,Public
datastructure,WB.DATA360:DS_DATA360(1.2),I,A,Annual,KEN,Kenya,ITU_DH_INV_COMP,Percentage of individuals using a computer (ITU),_T,Total,_T,All age ranges or no breakdown by age,_T,Total,PT_HH,Percentage of households,_Z,Not Applicable,_Z,Not Applicable,_Z,Not Applicable,2024,11.5942,MEAN,Mean,ITU_DH,ITU DataHub,0,Units,RATIO,Ratio,602,CCYY,A,Normal value,PU,Public
datastructure,WB.DATA360:DS_DATA360(1.2),I,A,Annual,KOR,"Korea, Rep.",ITU_DH_INV_COMP,Percentage of individuals using a computer (ITU),_T,Total,_T,All age ranges or no breakdown by age,_T,Total,PT_HH,Percentage of households,_Z,Not Applicable,_Z,Not Applicable,_Z,Not Applicable,2008,82.046,MEAN,Mean,ITU_DH,ITU DataHub,0,Units,RATIO,Ratio,602,CCYY,A,Normal value,PU,Public
datastructure,WB.DATA360:DS_DATA360(1.2),I,A,Annual,KOR,"Korea, Rep.",ITU_DH_INV_COMP,Percentage of individuals using a computer (ITU),_T,Total,_T,All age ranges or no breakdown by age,_T,Total,PT_HH,Percentage of households,_Z,Not Applicable,_Z,Not Applicable,_Z,Not Applicable,2009,82.8555,MEAN,Mean,ITU_DH,ITU DataHub,0,Units,RATIO,Ratio,602,CCYY,A,Normal value,PU,Public
datastructure,WB.DATA360:DS_DATA360(1.2),I,A,Annual,KOR,"Korea, Rep.",ITU_DH_INV_COMP,Percentage of individuals using a computer (ITU),_T,Total,_T,All age ranges or no breakdown by age,_T,Total,PT_HH,Percentage of households,_Z,Not Applicable,_Z,Not Applicable,_Z,Not Applicable,2011,83.0387,MEAN,Mean,ITU_DH,ITU DataHub,0,Units,RATIO,Ratio,602,CCYY,A,Normal value,PU,Public
datastructure,WB.DATA360:DS_DATA360(1.2),I,A,Annual,KOR,"Korea, Rep.",ITU_DH_INV_COMP,Percentage of individuals using a computer (ITU),_T,Total,_T,All age ranges or no breakdown by age,_T,Total,PT_HH,Percentage of households,_Z,Not Applicable,_Z,Not Applicable,_Z,Not Applicable,2012,83.05,MEAN,Mean,ITU_DH,ITU DataHub,0,Units,RATIO,Ratio,602,CCYY,A,Normal value,PU,Public
datastructure,WB.DATA360:DS_DATA360(1.2),I,A,Annual,KOR,"Korea, Rep.",ITU_DH_INV_COMP,Percentage of individuals using a computer (ITU),_T,Total,_T,All age ranges or no breakdown by age,_T,Total,PT_HH,Percentage of households,_Z,Not Applicable,_Z,Not Applicable,_Z,Not Applicable,2013,78.3609,MEAN,Mean,ITU_DH,ITU DataHub,0,Units,RATIO,Ratio,602,CCYY,A,Normal value,PU,Public
datastructure,WB.DATA360:DS_DATA360(1.2),I,A,Annual,KOR,"Korea, Rep.",ITU_DH_INV_COMP,Percentage of individuals using a computer (ITU),_T,Total,_T,All age ranges or no breakdown by age,_T,Total,PT_HH,Percentage of households,_Z,Not Applicable,_Z,Not Applicable,_Z,Not Applicable,2014,78.9057,MEAN,Mean,ITU_DH,ITU DataHub,0,Units,RATIO,Ratio,602,CCYY,A,Normal value,PU,Public
datastructure,WB.DATA360:DS_DATA360(1.2),I,A,Annual,KOR,"Korea, Rep.",ITU_DH_INV_COMP,Percentage of individuals using a computer (ITU),_T,Total,_T,All age ranges or no breakdown by age,_T,Total,PT_HH,Percentage of households,_Z,Not Applicable,_Z,Not Applicable,_Z,Not Applicable,2015,77.5191,MEAN,Mean,ITU_DH,ITU DataHub,0,Units,RATIO,Ratio,602,CCYY,A,Normal value,PU,Public
datastructure,WB.DATA360:DS_DATA360(1.2),I,A,Annual,KOR,"Korea, Rep.",ITU_DH_INV_COMP,Percentage of individuals using a computer (ITU),_T,Total,_T,All age ranges or no breakdown by age,_T,Total,PT_HH,Percentage of households,_Z,Not Applicable,_Z,Not Applicable,_Z,Not Applicable,2016,77.2394,MEAN,Mean,ITU_DH,ITU DataHub,0,Units,RATIO,Ratio,602,CCYY,A,Normal value,PU,Public
datastructure,WB.DATA360:DS_DATA360(1.2),I,A,Annual,KOR,"Korea, Rep.",ITU_DH_INV_COMP,Percentage of individuals using a computer (ITU),_T,Total,_T,All age ranges or no breakdown by age,_T,Total,PT_HH,Percentage of households,_Z,Not Applicable,_Z,Not Applicable,_Z,Not Applicable,2017,79.3301,MEAN,Mean,ITU_DH,ITU DataHub,0,Units,RATIO,Ratio,602,CCYY,A,Normal value,PU,Public
datastructure,WB.DATA360:DS_DATA360(1.2),I,A,Annual,KOR,"Korea, Rep.",ITU_DH_INV_COMP,Percentage of individuals using a computer (ITU),_T,Total,_T,All age ranges or no breakdown by age,_T,Total,PT_HH,Percentage of households,_Z,Not Applicable,_Z,Not Applicable,_Z,Not Applicable,2018,81.9699,MEAN,Mean,ITU_DH,ITU DataHub,0,Units,RATIO,Ratio,602,CCYY,A,Normal value,PU,Public
datastructure,WB.DATA360:DS_DATA360(1.2),I,A,Annual,KOR,"Korea, Rep.",ITU_DH_INV_COMP,Percentage of individuals using a computer (ITU),_T,Total,_T,All age ranges or no breakdown by age,_T,Total,PT_HH,Percentage of households,_Z,Not Applicable,_Z,Not Applicable,_Z,Not Applicable,2019,82.9845,MEAN,Mean,ITU_DH,ITU DataHub,0,Units,RATIO,Ratio,602,CCYY,A,Normal value,PU,Public
datastructure,WB.DATA360:DS_DATA360(1.2),I,A,Annual,KOR,"Korea, Rep.",ITU_DH_INV_COMP,Percentage of individuals using a computer (ITU),_T,Total,_T,All age ranges or no breakdown by age,_T,Total,PT_HH,Percentage of households,_Z,Not Applicable,_Z,Not Applicable,_Z,Not Applicable,2020,82.3093,MEAN,Mean,ITU_DH,ITU DataHub,0,Units,RATIO,Ratio,602,CCYY,A,Normal value,PU,Public
datastructure,WB.DATA360:DS_DATA360(1.2),I,A,Annual,KOR,"Korea, Rep.",ITU_DH_INV_COMP,Percentage of individuals using a computer (ITU),_T,Total,_T,All age ranges or no breakdown by age,_T,Total,PT_HH,Percentage of households,_Z,Not Applicable,_Z,Not Applicable,_Z,Not Applicable,2021,79.9038,MEAN,Mean,ITU_DH,ITU DataHub,0,Units,RATIO,Ratio,602,CCYY,A,Normal value,PU,Public
datastructure,WB.DATA360:DS_DATA360(1.2),I,A,Annual,KOR,"Korea, Rep.",ITU_DH_INV_COMP,Percentage of individuals using a computer (ITU),_T,Total,_T,All age ranges or no breakdown by age,_T,Total,PT_HH,Percentage of households,_Z,Not Applicable,_Z,Not Applicable,_Z,Not Applicable,2022,79.2618,MEAN,Mean,ITU_DH,ITU DataHub,0,Units,RATIO,Ratio,602,CCYY,A,Normal value,PU,Public
datastructure,WB.DATA360:DS_DATA360(1.2),I,A,Annual,KOR,"Korea, Rep.",ITU_DH_INV_COMP,Percentage of individuals using a computer (ITU),_T,Total,_T,All age ranges or no breakdown by age,_T,Total,PT_HH,Percentage of households,_Z,Not Applicable,_Z,Not Applicable,_Z,Not Applicable,2023,82.3248,MEAN,Mean,ITU_DH,ITU DataHub,0,Units,RATIO,Ratio,602,CCYY,A,Normal value,PU,Public
datastructure,WB.DATA360:DS_DATA360(1.2),I,A,Annual,KOR,"Korea, Rep.",ITU_DH_INV_COMP,Percentage of individuals using a computer (ITU),_T,Total,_T,All age ranges or no breakdown by age,_T,Total,PT_HH,Percentage of households,_Z,Not Applicable,_Z,Not Applicable,_Z,Not Applicable,2024,83.1899,MEAN,Mean,ITU_DH,ITU DataHub,0,Units,RATIO,Ratio,602,CCYY,A,Normal value,PU,Public
datastructure,WB.DATA360:DS_DATA360(1.2),I,A,Annual,KWT,Kuwait,ITU_DH_INV_COMP,Percentage of individuals using a computer (ITU),_T,Total,_T,All age ranges or no breakdown by age,_T,Total,PT_HH,Percentage of households,_Z,Not Applicable,_Z,Not Applicable,_Z,Not Applicable,2017,74.0,MEAN,Mean,ITU_DH,ITU DataHub,0,Units,RATIO,Ratio,602,CCYY,A,Normal value,PU,Public
datastructure,WB.DATA360:DS_DATA360(1.2),I,A,Annual,KWT,Kuwait,ITU_DH_INV_COMP,Percentage of individuals using a computer (ITU),_T,Total,_T,All age ranges or no breakdown by age,_T,Total,PT_HH,Percentage of households,_Z,Not Applicable,_Z,Not Applicable,_Z,Not Applicable,2018,81.0952,MEAN,Mean,ITU_DH,ITU DataHub,0,Units,RATIO,Ratio,602,CCYY,A,Normal value,PU,Public
datastructure,WB.DATA360:DS_DATA360(1.2),I,A,Annual,KWT,Kuwait,ITU_DH_INV_COMP,Percentage of individuals using a computer (ITU),_T,Total,_T,All age ranges or no breakdown by age,_T,Total,PT_HH,Percentage of households,_Z,Not Applicable,_Z,Not Applicable,_Z,Not Applicable,2020,87.1359,MEAN,Mean,ITU_DH,ITU DataHub,0,Units,RATIO,Ratio,602,CCYY,A,Normal value,PU,Public
datastructure,WB.DATA360:DS_DATA360(1.2),I,A,Annual,KWT,Kuwait,ITU_DH_INV_COMP,Percentage of individuals using a computer (ITU),_T,Total,_T,All age ranges or no breakdown by age,_T,Total,PT_HH,Percentage of households,_Z,Not Applicable,_Z,Not Applicable,_Z,Not Applicable,2021,87.1359,MEAN,Mean,ITU_DH,ITU DataHub,0,Units,RATIO,Ratio,602,CCYY,A,Normal value,PU,Public
datastructure,WB.DATA360:DS_DATA360(1.2),I,A,Annual,KWT,Kuwait,ITU_DH_INV_COMP,Percentage of individuals using a computer (ITU),_T,Total,_T,All age ranges or no breakdown by age,_T,Total,PT_HH,Percentage of households,_Z,Not Applicable,_Z,Not Applicable,_Z,Not Applicable,2023,99.8105,MEAN,Mean,ITU_DH,ITU DataHub,0,Units,RATIO,Ratio,602,CCYY,A,Normal value,PU,Public
datastructure,WB.DATA360:DS_DATA360(1.2),I,A,Annual,LSO,Lesotho,ITU_DH_INV_COMP,Percentage of individuals using a computer (ITU),_T,Total,_T,All age ranges or no breakdown by age,_T,Total,PT_HH,Percentage of households,_Z,Not Applicable,_Z,Not Applicable,_Z,Not Applicable,2016,19.7284,MEAN,Mean,ITU_DH,ITU DataHub,0,Units,RATIO,Ratio,602,CCYY,A,Normal value,PU,Public
datastructure,WB.DATA360:DS_DATA360(1.2),I,A,Annual,LTU,Lithuania,ITU_DH_INV_COMP,Percentage of individuals using a computer (ITU),_T,Total,_T,All age ranges or no breakdown by age,_T,Total,PT_HH,Percentage of households,_Z,Not Applicable,_Z,Not Applicable,_Z,Not Applicable,2002,27.9059,MEAN,Mean,ITU_DH,ITU DataHub,0,Units,RATIO,Ratio,602,CCYY,A,Normal value,PU,Public
datastructure,WB.DATA360:DS_DATA360(1.2),I,A,Annual,LTU,Lithuania,ITU_DH_INV_COMP,Percentage of individuals using a computer (ITU),_T,Total,_T,All age ranges or no breakdown by age,_T,Total,PT_HH,Percentage of households,_Z,Not Applicable,_Z,Not Applicable,_Z,Not Applicable,2003,35.5804,MEAN,Mean,ITU_DH,ITU DataHub,0,Units,RATIO,Ratio,602,CCYY,A,Normal value,PU,Public
datastructure,WB.DATA360:DS_DATA360(1.2),I,A,Annual,LTU,Lithuania,ITU_DH_INV_COMP,Percentage of individuals using a computer (ITU),_T,Total,_T,All age ranges or no breakdown by age,_T,Total,PT_HH,Percentage of households,_Z,Not Applicable,_Z,Not Applicable,_Z,Not Applicable,2004,38.7153,MEAN,Mean,ITU_DH,ITU DataHub,0,Units,RATIO,Ratio,602,CCYY,A,Normal value,PU,Public
datastructure,WB.DATA360:DS_DATA360(1.2),I,A,Annual,LTU,Lithuania,ITU_DH_INV_COMP,Percentage of individuals using a computer (ITU),_T,Total,_T,All age ranges or no breakdown by age,_T,Total,PT_HH,Percentage of households,_Z,Not Applicable,_Z,Not Applicable,_Z,Not Applicable,2005,43.349,MEAN,Mean,ITU_DH,ITU DataHub,0,Units,RATIO,Ratio,602,CCYY,A,Normal value,PU,Public
datastructure,WB.DATA360:DS_DATA360(1.2),I,A,Annual,LTU,Lithuania,ITU_DH_INV_COMP,Percentage of individuals using a computer (ITU),_T,Total,_T,All age ranges or no breakdown by age,_T,Total,PT_HH,Percentage of households,_Z,Not Applicable,_Z,Not Applicable,_Z,Not Applicable,2006,48.4766,MEAN,Mean,ITU_DH,ITU DataHub,0,Units,RATIO,Ratio,602,CCYY,A,Normal value,PU,Public
datastructure,WB.DATA360:DS_DATA360(1.2),I,A,Annual,LTU,Lithuania,ITU_DH_INV_COMP,Percentage of individuals using a computer (ITU),_T,Total,_T,All age ranges or no breakdown by age,_T,Total,PT_HH,Percentage of households,_Z,Not Applicable,_Z,Not Applicable,_Z,Not Applicable,2007,53.1612,MEAN,Mean,ITU_DH,ITU DataHub,0,Units,RATIO,Ratio,602,CCYY,A,Normal value,PU,Public
datastructure,WB.DATA360:DS_DATA360(1.2),I,A,Annual,LTU,Lithuania,ITU_DH_INV_COMP,Percentage of individuals using a computer (ITU),_T,Total,_T,All age ranges or no breakdown by age,_T,Total,PT_HH,Percentage of households,_Z,Not Applicable,_Z,Not Applicable,_Z,Not Applicable,2008,57.6647,MEAN,Mean,ITU_DH,ITU DataHub,0,Units,RATIO,Ratio,602,CCYY,A,Normal value,PU,Public
datastructure,WB.DATA360:DS_DATA360(1.2),I,A,Annual,LTU,Lithuania,ITU_DH_INV_COMP,Percentage of individuals using a computer (ITU),_T,Total,_T,All age ranges or no breakdown by age,_T,Total,PT_HH,Percentage of households,_Z,Not Applicable,_Z,Not Applicable,_Z,Not Applicable,2009,61.5332,MEAN,Mean,ITU_DH,ITU DataHub,0,Units,RATIO,Ratio,602,CCYY,A,Normal value,PU,Public
datastructure,WB.DATA360:DS_DATA360(1.2),I,A,Annual,LTU,Lithuania,ITU_DH_INV_COMP,Percentage of individuals using a computer (ITU),_T,Total,_T,All age ranges or no breakdown by age,_T,Total,PT_HH,Percentage of households,_Z,Not Applicable,_Z,Not Applicable,_Z,Not Applicable,2010,65.4279,MEAN,Mean,ITU_DH,ITU DataHub,0,Units,RATIO,Ratio,602,CCYY,A,Normal value,PU,Public
datastructure,WB.DATA360:DS_DATA360(1.2),I,A,Annual,LTU,Lithuania,ITU_DH_INV_COMP,Percentage of individuals using a computer (ITU),_T,Total,_T,All age ranges or no breakdown by age,_T,Total,PT_HH,Percentage of households,_Z,Not Applicable,_Z,Not Applicable,_Z,Not Applicable,2011,64.08,MEAN,Mean,ITU_DH,ITU DataHub,0,Units,RATIO,Ratio,602,CCYY,A,Normal value,PU,Public
datastructure,WB.DATA360:DS_DATA360(1.2),I,A,Annual,LTU,Lithuania,ITU_DH_INV_COMP,Percentage of individuals using a computer (ITU),_T,Total,_T,All age ranges or no breakdown by age,_T,Total,PT_HH,Percentage of households,_Z,Not Applicable,_Z,Not Applicable,_Z,Not Applicable,2012,66.5326,MEAN,Mean,ITU_DH,ITU DataHub,0,Units,RATIO,Ratio,602,CCYY,A,Normal value,PU,Public
datastructure,WB.DATA360:DS_DATA360(1.2),I,A,Annual,LTU,Lithuania,ITU_DH_INV_COMP,Percentage of individuals using a computer (ITU),_T,Total,_T,All age ranges or no breakdown by age,_T,Total,PT_HH,Percentage of households,_Z,Not Applicable,_Z,Not Applicable,_Z,Not Applicable,2013,68.8664,MEAN,Mean,ITU_DH,ITU DataHub,0,Units,RATIO,Ratio,602,CCYY,A,Normal value,PU,Public
datastructure,WB.DATA360:DS_DATA360(1.2),I,A,Annual,LTU,Lithuania,ITU_DH_INV_COMP,Percentage of individuals using a computer (ITU),_T,Total,_T,All age ranges or no breakdown by age,_T,Total,PT_HH,Percentage of households,_Z,Not Applicable,_Z,Not Applicable,_Z,Not Applicable,2014,72.2019,MEAN,Mean,ITU_DH,ITU DataHub,0,Units,RATIO,Ratio,602,CCYY,A,Normal value,PU,Public
datastructure,WB.DATA360:DS_DATA360(1.2),I,A,Annual,LTU,Lithuania,ITU_DH_INV_COMP,Percentage of individuals using a computer (ITU),_T,Total,_T,All age ranges or no breakdown by age,_T,Total,PT_HH,Percentage of households,_Z,Not Applicable,_Z,Not Applicable,_Z,Not Applicable,2015,71.0059,MEAN,Mean,ITU_DH,ITU DataHub,0,Units,RATIO,Ratio,602,CCYY,A,Normal value,PU,Public
datastructure,WB.DATA360:DS_DATA360(1.2),I,A,Annual,LTU,Lithuania,ITU_DH_INV_COMP,Percentage of individuals using a computer (ITU),_T,Total,_T,All age ranges or no breakdown by age,_T,Total,PT_HH,Percentage of households,_Z,Not Applicable,_Z,Not Applicable,_Z,Not Applicable,2016,73.3153,MEAN,Mean,ITU_DH,ITU DataHub,0,Units,RATIO,Ratio,602,CCYY,A,Normal value,PU,Public
datastructure,WB.DATA360:DS_DATA360(1.2),I,A,Annual,LTU,Lithuania,ITU_DH_INV_COMP,Percentage of individuals using a computer (ITU),_T,Total,_T,All age ranges or no breakdown by age,_T,Total,PT_HH,Percentage of households,_Z,Not Applicable,_Z,Not Applicable,_Z,Not Applicable,2017,75.9252,MEAN,Mean,ITU_DH,ITU DataHub,0,Units,RATIO,Ratio,602,CCYY,A,Normal value,PU,Public
datastructure,WB.DATA360:DS_DATA360(1.2),I,A,Annual,LUX,Luxembourg,ITU_DH_INV_COMP,Percentage of individuals using a computer (ITU),_T,Total,_T,All age ranges or no breakdown by age,_T,Total,PT_HH,Percentage of households,_Z,Not Applicable,_Z,Not Applicable,_Z,Not Applicable,2002,49.5288,MEAN,Mean,ITU_DH,ITU DataHub,0,Units,RATIO,Ratio,602,CCYY,A,Normal value,PU,Public
datastructure,WB.DATA360:DS_DATA360(1.2),I,A,Annual,LUX,Luxembourg,ITU_DH_INV_COMP,Percentage of individuals using a computer (ITU),_T,Total,_T,All age ranges or no breakdown by age,_T,Total,PT_HH,Percentage of households,_Z,Not Applicable,_Z,Not Applicable,_Z,Not Applicable,2003,61.0743,MEAN,Mean,ITU_DH,ITU DataHub,0,Units,RATIO,Ratio,602,CCYY,A,Normal value,PU,Public
datastructure,WB.DATA360:DS_DATA360(1.2),I,A,Annual,LUX,Luxembourg,ITU_DH_INV_COMP,Percentage of individuals using a computer (ITU),_T,Total,_T,All age ranges or no breakdown by age,_T,Total,PT_HH,Percentage of households,_Z,Not Applicable,_Z,Not Applicable,_Z,Not Applicable,2004,75.1766,MEAN,Mean,ITU_DH,ITU DataHub,0,Units,RATIO,Ratio,602,CCYY,A,Normal value,PU,Public
datastructure,WB.DATA360:DS_DATA360(1.2),I,A,Annual,LUX,Luxembourg,ITU_DH_INV_COMP,Percentage of individuals using a computer (ITU),_T,Total,_T,All age ranges or no breakdown by age,_T,Total,PT_HH,Percentage of households,_Z,Not Applicable,_Z,Not Applicable,_Z,Not Applicable,2005,78.7478,MEAN,Mean,ITU_DH,ITU DataHub,0,Units,RATIO,Ratio,602,CCYY,A,Normal value,PU,Public
datastructure,WB.DATA360:DS_DATA360(1.2),I,A,Annual,LUX,Luxembourg,ITU_DH_INV_COMP,Percentage of individuals using a computer (ITU),_T,Total,_T,All age ranges or no breakdown by age,_T,Total,PT_HH,Percentage of households,_Z,Not Applicable,_Z,Not Applicable,_Z,Not Applicable,2006,77.2073,MEAN,Mean,ITU_DH,ITU DataHub,0,Units,RATIO,Ratio,602,CCYY,A,Normal value,PU,Public
datastructure,WB.DATA360:DS_DATA360(1.2),I,A,Annual,LUX,Luxembourg,ITU_DH_INV_COMP,Percentage of individuals using a computer (ITU),_T,Total,_T,All age ranges or no breakdown by age,_T,Total,PT_HH,Percentage of households,_Z,Not Applicable,_Z,Not Applicable,_Z,Not Applicable,2007,81.2378,MEAN,Mean,ITU_DH,ITU DataHub,0,Units,RATIO,Ratio,602,CCYY,A,Normal value,PU,Public
datastructure,WB.DATA360:DS_DATA360(1.2),I,A,Annual,LUX,Luxembourg,ITU_DH_INV_COMP,Percentage of individuals using a computer (ITU),_T,Total,_T,All age ranges or no breakdown by age,_T,Total,PT_HH,Percentage of households,_Z,Not Applicable,_Z,Not Applicable,_Z,Not Applicable,2008,84.1973,MEAN,Mean,ITU_DH,ITU DataHub,0,Units,RATIO,Ratio,602,CCYY,A,Normal value,PU,Public
datastructure,WB.DATA360:DS_DATA360(1.2),I,A,Annual,LUX,Luxembourg,ITU_DH_INV_COMP,Percentage of individuals using a computer (ITU),_T,Total,_T,All age ranges or no breakdown by age,_T,Total,PT_HH,Percentage of households,_Z,Not Applicable,_Z,Not Applicable,_Z,Not Applicable,2009,88.5247,MEAN,Mean,ITU_DH,ITU DataHub,0,Units,RATIO,Ratio,602,CCYY,A,Normal value,PU,Public
datastructure,WB.DATA360:DS_DATA360(1.2),I,A,Annual,LUX,Luxembourg,ITU_DH_INV_COMP,Percentage of individuals using a computer (ITU),_T,Total,_T,All age ranges or no breakdown by age,_T,Total,PT_HH,Percentage of households,_Z,Not Applicable,_Z,Not Applicable,_Z,Not Applicable,2010,90.9999,MEAN,Mean,ITU_DH,ITU DataHub,0,Units,RATIO,Ratio,602,CCYY,A,Normal value,PU,Public
datastructure,WB.DATA360:DS_DATA360(1.2),I,A,Annual,LUX,Luxembourg,ITU_DH_INV_COMP,Percentage of individuals using a computer (ITU),_T,Total,_T,All age ranges or no breakdown by age,_T,Total,PT_HH,Percentage of households,_Z,Not Applicable,_Z,Not Applicable,_Z,Not Applicable,2011,90.7399,MEAN,Mean,ITU_DH,ITU DataHub,0,Units,RATIO,Ratio,602,CCYY,A,Normal value,PU,Public
datastructure,WB.DATA360:DS_DATA360(1.2),I,A,Annual,LUX,Luxembourg,ITU_DH_INV_COMP,Percentage of individuals using a computer (ITU),_T,Total,_T,All age ranges or no breakdown by age,_T,Total,PT_HH,Percentage of households,_Z,Not Applicable,_Z,Not Applicable,_Z,Not Applicable,2012,92.6106,MEAN,Mean,ITU_DH,ITU DataHub,0,Units,RATIO,Ratio,602,CCYY,A,Normal value,PU,Public
datastructure,WB.DATA360:DS_DATA360(1.2),I,A,Annual,LUX,Luxembourg,ITU_DH_INV_COMP,Percentage of individuals using a computer (ITU),_T,Total,_T,All age ranges or no breakdown by age,_T,Total,PT_HH,Percentage of households,_Z,Not Applicable,_Z,Not Applicable,_Z,Not Applicable,2013,93.9001,MEAN,Mean,ITU_DH,ITU DataHub,0,Units,RATIO,Ratio,602,CCYY,A,Normal value,PU,Public
datastructure,WB.DATA360:DS_DATA360(1.2),I,A,Annual,LUX,Luxembourg,ITU_DH_INV_COMP,Percentage of individuals using a computer (ITU),_T,Total,_T,All age ranges or no breakdown by age,_T,Total,PT_HH,Percentage of households,_Z,Not Applicable,_Z,Not Applicable,_Z,Not Applicable,2014,93.5218,MEAN,Mean,ITU_DH,ITU DataHub,0,Units,RATIO,Ratio,602,CCYY,A,Normal value,PU,Public
datastructure,WB.DATA360:DS_DATA360(1.2),I,A,Annual,LUX,Luxembourg,ITU_DH_INV_COMP,Percentage of individuals using a computer (ITU),_T,Total,_T,All age ranges or no breakdown by age,_T,Total,PT_HH,Percentage of households,_Z,Not Applicable,_Z,Not Applicable,_Z,Not Applicable,2015,97.0399,MEAN,Mean,ITU_DH,ITU DataHub,0,Units,RATIO,Ratio,602,CCYY,A,Normal value,PU,Public
datastructure,WB.DATA360:DS_DATA360(1.2),I,A,Annual,LUX,Luxembourg,ITU_DH_INV_COMP,Percentage of individuals using a computer (ITU),_T,Total,_T,All age ranges or no breakdown by age,_T,Total,PT_HH,Percentage of households,_Z,Not Applicable,_Z,Not Applicable,_Z,Not Applicable,2017,95.8476,MEAN,Mean,ITU_DH,ITU DataHub,0,Units,RATIO,Ratio,602,CCYY,A,Normal value,PU,Public
datastructure,WB.DATA360:DS_DATA360(1.2),I,A,Annual,LUX,Luxembourg,ITU_DH_INV_COMP,Percentage of individuals using a computer (ITU),_T,Total,_T,All age ranges or no breakdown by age,_T,Total,PT_HH,Percentage of households,_Z,Not Applicable,_Z,Not Applicable,_Z,Not Applicable,2021,81.7992,MEAN,Mean,ITU_DH,ITU DataHub,0,Units,RATIO,Ratio,602,CCYY,A,Normal value,PU,Public
datastructure,WB.DATA360:DS_DATA360(1.2),I,A,Annual,LUX,Luxembourg,ITU_DH_INV_COMP,Percentage of individuals using a computer (ITU),_T,Total,_T,All age ranges or no breakdown by age,_T,Total,PT_HH,Percentage of households,_Z,Not Applicable,_Z,Not Applicable,_Z,Not Applicable,2023,74.7785,MEAN,Mean,ITU_DH,ITU DataHub,0,Units,RATIO,Ratio,602,CCYY,A,Normal value,PU,Public
datastructure,WB.DATA360:DS_DATA360(1.2),I,A,Annual,LVA,Latvia,ITU_DH_INV_COMP,Percentage of individuals using a computer (ITU),_T,Total,_T,All age ranges or no breakdown by age,_T,Total,PT_HH,Percentage of households,_Z,Not Applicable,_Z,Not Applicable,_Z,Not Applicable,2004,46.9799,MEAN,Mean,ITU_DH,ITU DataHub,0,Units,RATIO,Ratio,602,CCYY,A,Normal value,PU,Public
datastructure,WB.DATA360:DS_DATA360(1.2),I,A,Annual,LVA,Latvia,ITU_DH_INV_COMP,Percentage of individuals using a computer (ITU),_T,Total,_T,All age ranges or no breakdown by age,_T,Total,PT_HH,Percentage of households,_Z,Not Applicable,_Z,Not Applicable,_Z,Not Applicable,2005,51.1365,MEAN,Mean,ITU_DH,ITU DataHub,0,Units,RATIO,Ratio,602,CCYY,A,Normal value,PU,Public
datastructure,WB.DATA360:DS_DATA360(1.2),I,A,Annual,LVA,Latvia,ITU_DH_INV_COMP,Percentage of individuals using a computer (ITU),_T,Total,_T,All age ranges or no breakdown by age,_T,Total,PT_HH,Percentage of households,_Z,Not Applicable,_Z,Not Applicable,_Z,Not Applicable,2006,56.6512,MEAN,Mean,ITU_DH,ITU DataHub,0,Units,RATIO,Ratio,602,CCYY,A,Normal value,PU,Public
datastructure,WB.DATA360:DS_DATA360(1.2),I,A,Annual,LVA,Latvia,ITU_DH_INV_COMP,Percentage of individuals using a computer (ITU),_T,Total,_T,All age ranges or no breakdown by age,_T,Total,PT_HH,Percentage of households,_Z,Not Applicable,_Z,Not Applicable,_Z,Not Applicable,2007,61.0462,MEAN,Mean,ITU_DH,ITU DataHub,0,Units,RATIO,Ratio,602,CCYY,A,Normal value,PU,Public
datastructure,WB.DATA360:DS_DATA360(1.2),I,A,Annual,LVA,Latvia,ITU_DH_INV_COMP,Percentage of individuals using a computer (ITU),_T,Total,_T,All age ranges or no breakdown by age,_T,Total,PT_HH,Percentage of households,_Z,Not Applicable,_Z,Not Applicable,_Z,Not Applicable,2008,65.4845,MEAN,Mean,ITU_DH,ITU DataHub,0,Units,RATIO,Ratio,602,CCYY,A,Normal value,PU,Public
datastructure,WB.DATA360:DS_DATA360(1.2),I,A,Annual,LVA,Latvia,ITU_DH_INV_COMP,Percentage of individuals using a computer (ITU),_T,Total,_T,All age ranges or no breakdown by age,_T,Total,PT_HH,Percentage of households,_Z,Not Applicable,_Z,Not Applicable,_Z,Not Applicable,2009,67.4757,MEAN,Mean,ITU_DH,ITU DataHub,0,Units,RATIO,Ratio,602,CCYY,A,Normal value,PU,Public
datastructure,WB.DATA360:DS_DATA360(1.2),I,A,Annual,LVA,Latvia,ITU_DH_INV_COMP,Percentage of individuals using a computer (ITU),_T,Total,_T,All age ranges or no breakdown by age,_T,Total,PT_HH,Percentage of households,_Z,Not Applicable,_Z,Not Applicable,_Z,Not Applicable,2010,69.306,MEAN,Mean,ITU_DH,ITU DataHub,0,Units,RATIO,Ratio,602,CCYY,A,Normal value,PU,Public
datastructure,WB.DATA360:DS_DATA360(1.2),I,A,Annual,LVA,Latvia,ITU_DH_INV_COMP,Percentage of individuals using a computer (ITU),_T,Total,_T,All age ranges or no breakdown by age,_T,Total,PT_HH,Percentage of households,_Z,Not Applicable,_Z,Not Applicable,_Z,Not Applicable,2011,70.02,MEAN,Mean,ITU_DH,ITU DataHub,0,Units,RATIO,Ratio,602,CCYY,A,Normal value,PU,Public
datastructure,WB.DATA360:DS_DATA360(1.2),I,A,Annual,LVA,Latvia,ITU_DH_INV_COMP,Percentage of individuals using a computer (ITU),_T,Total,_T,All age ranges or no breakdown by age,_T,Total,PT_HH,Percentage of households,_Z,Not Applicable,_Z,Not Applicable,_Z,Not Applicable,2012,73.3784,MEAN,Mean,ITU_DH,ITU DataHub,0,Units,RATIO,Ratio,602,CCYY,A,Normal value,PU,Public
datastructure,WB.DATA360:DS_DATA360(1.2),I,A,Annual,LVA,Latvia,ITU_DH_INV_COMP,Percentage of individuals using a computer (ITU),_T,Total,_T,All age ranges or no breakdown by age,_T,Total,PT_HH,Percentage of households,_Z,Not Applicable,_Z,Not Applicable,_Z,Not Applicable,2013,75.157,MEAN,Mean,ITU_DH,ITU DataHub,0,Units,RATIO,Ratio,602,CCYY,A,Normal value,PU,Public
datastructure,WB.DATA360:DS_DATA360(1.2),I,A,Annual,LVA,Latvia,ITU_DH_INV_COMP,Percentage of individuals using a computer (ITU),_T,Total,_T,All age ranges or no breakdown by age,_T,Total,PT_HH,Percentage of households,_Z,Not Applicable,_Z,Not Applicable,_Z,Not Applicable,2014,75.8583,MEAN,Mean,ITU_DH,ITU DataHub,0,Units,RATIO,Ratio,602,CCYY,A,Normal value,PU,Public
datastructure,WB.DATA360:DS_DATA360(1.2),I,A,Annual,LVA,Latvia,ITU_DH_INV_COMP,Percentage of individuals using a computer (ITU),_T,Total,_T,All age ranges or no breakdown by age,_T,Total,PT_HH,Percentage of households,_Z,Not Applicable,_Z,Not Applicable,_Z,Not Applicable,2015,88.3386,MEAN,Mean,ITU_DH,ITU DataHub,0,Units,RATIO,Ratio,602,CCYY,A,Normal value,PU,Public
datastructure,WB.DATA360:DS_DATA360(1.2),I,A,Annual,MAC,"Macao SAR, China",ITU_DH_INV_COMP,Percentage of individuals using a computer (ITU),_T,Total,_T,All age ranges or no breakdown by age,_T,Total,PT_HH,Percentage of households,_Z,Not Applicable,_Z,Not Applicable,_Z,Not Applicable,2006,54.0812,MEAN,Mean,ITU_DH,ITU DataHub,0,Units,RATIO,Ratio,602,CCYY,A,Normal value,PU,Public
datastructure,WB.DATA360:DS_DATA360(1.2),I,A,Annual,MAC,"Macao SAR, China",ITU_DH_INV_COMP,Percentage of individuals using a computer (ITU),_T,Total,_T,All age ranges or no breakdown by age,_T,Total,PT_HH,Percentage of households,_Z,Not Applicable,_Z,Not Applicable,_Z,Not Applicable,2008,53.0544,MEAN,Mean,ITU_DH,ITU DataHub,0,Units,RATIO,Ratio,602,CCYY,A,Normal value,PU,Public
datastructure,WB.DATA360:DS_DATA360(1.2),I,A,Annual,MAC,"Macao SAR, China",ITU_DH_INV_COMP,Percentage of individuals using a computer (ITU),_T,Total,_T,All age ranges or no breakdown by age,_T,Total,PT_HH,Percentage of households,_Z,Not Applicable,_Z,Not Applicable,_Z,Not Applicable,2009,56.3208,MEAN,Mean,ITU_DH,ITU DataHub,0,Units,RATIO,Ratio,602,CCYY,A,Normal value,PU,Public
datastructure,WB.DATA360:DS_DATA360(1.2),I,A,Annual,MAC,"Macao SAR, China",ITU_DH_INV_COMP,Percentage of individuals using a computer (ITU),_T,Total,_T,All age ranges or no breakdown by age,_T,Total,PT_HH,Percentage of households,_Z,Not Applicable,_Z,Not Applicable,_Z,Not Applicable,2010,57.6352,MEAN,Mean,ITU_DH,ITU DataHub,0,Units,RATIO,Ratio,602,CCYY,A,Normal value,PU,Public
datastructure,WB.DATA360:DS_DATA360(1.2),I,A,Annual,MAC,"Macao SAR, China",ITU_DH_INV_COMP,Percentage of individuals using a computer (ITU),_T,Total,_T,All age ranges or no breakdown by age,_T,Total,PT_HH,Percentage of households,_Z,Not Applicable,_Z,Not Applicable,_Z,Not Applicable,2011,61.8446,MEAN,Mean,ITU_DH,ITU DataHub,0,Units,RATIO,Ratio,602,CCYY,A,Normal value,PU,Public
datastructure,WB.DATA360:DS_DATA360(1.2),I,A,Annual,MAC,"Macao SAR, China",ITU_DH_INV_COMP,Percentage of individuals using a computer (ITU),_T,Total,_T,All age ranges or no breakdown by age,_T,Total,PT_HH,Percentage of households,_Z,Not Applicable,_Z,Not Applicable,_Z,Not Applicable,2012,62.124,MEAN,Mean,ITU_DH,ITU DataHub,0,Units,RATIO,Ratio,602,CCYY,A,Normal value,PU,Public
datastructure,WB.DATA360:DS_DATA360(1.2),I,A,Annual,MAC,"Macao SAR, China",ITU_DH_INV_COMP,Percentage of individuals using a computer (ITU),_T,Total,_T,All age ranges or no breakdown by age,_T,Total,PT_HH,Percentage of households,_Z,Not Applicable,_Z,Not Applicable,_Z,Not Applicable,2013,61.6947,MEAN,Mean,ITU_DH,ITU DataHub,0,Units,RATIO,Ratio,602,CCYY,A,Normal value,PU,Public
datastructure,WB.DATA360:DS_DATA360(1.2),I,A,Annual,MAC,"Macao SAR, China",ITU_DH_INV_COMP,Percentage of individuals using a computer (ITU),_T,Total,_T,All age ranges or no breakdown by age,_T,Total,PT_HH,Percentage of households,_Z,Not Applicable,_Z,Not Applicable,_Z,Not Applicable,2014,60.6372,MEAN,Mean,ITU_DH,ITU DataHub,0,Units,RATIO,Ratio,602,CCYY,A,Normal value,PU,Public
datastructure,WB.DATA360:DS_DATA360(1.2),I,A,Annual,MAC,"Macao SAR, China",ITU_DH_INV_COMP,Percentage of individuals using a computer (ITU),_T,Total,_T,All age ranges or no breakdown by age,_T,Total,PT_HH,Percentage of households,_Z,Not Applicable,_Z,Not Applicable,_Z,Not Applicable,2015,61.134,MEAN,Mean,ITU_DH,ITU DataHub,0,Units,RATIO,Ratio,602,CCYY,A,Normal value,PU,Public
datastructure,WB.DATA360:DS_DATA360(1.2),I,A,Annual,MAC,"Macao SAR, China",ITU_DH_INV_COMP,Percentage of individuals using a computer (ITU),_T,Total,_T,All age ranges or no breakdown by age,_T,Total,PT_HH,Percentage of households,_Z,Not Applicable,_Z,Not Applicable,_Z,Not Applicable,2016,54.4504,MEAN,Mean,ITU_DH,ITU DataHub,0,Units,RATIO,Ratio,602,CCYY,A,Normal value,PU,Public
datastructure,WB.DATA360:DS_DATA360(1.2),I,A,Annual,MAC,"Macao SAR, China",ITU_DH_INV_COMP,Percentage of individuals using a computer (ITU),_T,Total,_T,All age ranges or no breakdown by age,_T,Total,PT_HH,Percentage of households,_Z,Not Applicable,_Z,Not Applicable,_Z,Not Applicable,2017,52.7611,MEAN,Mean,ITU_DH,ITU DataHub,0,Units,RATIO,Ratio,602,CCYY,A,Normal value,PU,Public
datastructure,WB.DATA360:DS_DATA360(1.2),I,A,Annual,MAC,"Macao SAR, China",ITU_DH_INV_COMP,Percentage of individuals using a computer (ITU),_T,Total,_T,All age ranges or no breakdown by age,_T,Total,PT_HH,Percentage of households,_Z,Not Applicable,_Z,Not Applicable,_Z,Not Applicable,2018,50.9533,MEAN,Mean,ITU_DH,ITU DataHub,0,Units,RATIO,Ratio,602,CCYY,A,Normal value,PU,Public
datastructure,WB.DATA360:DS_DATA360(1.2),I,A,Annual,MAC,"Macao SAR, China",ITU_DH_INV_COMP,Percentage of individuals using a computer (ITU),_T,Total,_T,All age ranges or no breakdown by age,_T,Total,PT_HH,Percentage of households,_Z,Not Applicable,_Z,Not Applicable,_Z,Not Applicable,2021,49.6353,MEAN,Mean,ITU_DH,ITU DataHub,0,Units,RATIO,Ratio,602,CCYY,A,Normal value,PU,Public
datastructure,WB.DATA360:DS_DATA360(1.2),I,A,Annual,MUS,Mauritius,ITU_DH_INV_COMP,Percentage of individuals using a computer (ITU),_T,Total,_T,All age ranges or no breakdown by age,_T,Total,PT_HH,Percentage of households,_Z,Not Applicable,_Z,Not Applicable,_Z,Not Applicable,2008,35.3741,MEAN,Mean,ITU_DH,ITU DataHub,0,Units,RATIO,Ratio,602,CCYY,A,Normal value,PU,Public
datastructure,WB.DATA360:DS_DATA360(1.2),I,A,Annual,MUS,Mauritius,ITU_DH_INV_COMP,Percentage of individuals using a computer (ITU),_T,Total,_T,All age ranges or no breakdown by age,_T,Total,PT_HH,Percentage of households,_Z,Not Applicable,_Z,Not Applicable,_Z,Not Applicable,2010,51.2593,MEAN,Mean,ITU_DH,ITU DataHub,0,Units,RATIO,Ratio,602,CCYY,A,Normal value,PU,Public
datastructure,WB.DATA360:DS_DATA360(1.2),I,A,Annual,MUS,Mauritius,ITU_DH_INV_COMP,Percentage of individuals using a computer (ITU),_T,Total,_T,All age ranges or no breakdown by age,_T,Total,PT_HH,Percentage of households,_Z,Not Applicable,_Z,Not Applicable,_Z,Not Applicable,2012,48.5386,MEAN,Mean,ITU_DH,ITU DataHub,0,Units,RATIO,Ratio,602,CCYY,A,Normal value,PU,Public
datastructure,WB.DATA360:DS_DATA360(1.2),I,A,Annual,MUS,Mauritius,ITU_DH_INV_COMP,Percentage of individuals using a computer (ITU),_T,Total,_T,All age ranges or no breakdown by age,_T,Total,PT_HH,Percentage of households,_Z,Not Applicable,_Z,Not Applicable,_Z,Not Applicable,2014,50.4811,MEAN,Mean,ITU_DH,ITU DataHub,0,Units,RATIO,Ratio,602,CCYY,A,Normal value,PU,Public
datastructure,WB.DATA360:DS_DATA360(1.2),I,A,Annual,MUS,Mauritius,ITU_DH_INV_COMP,Percentage of individuals using a computer (ITU),_T,Total,_T,All age ranges or no breakdown by age,_T,Total,PT_HH,Percentage of households,_Z,Not Applicable,_Z,Not Applicable,_Z,Not Applicable,2018,48.3882,MEAN,Mean,ITU_DH,ITU DataHub,0,Units,RATIO,Ratio,602,CCYY,A,Normal value,PU,Public
datastructure,WB.DATA360:DS_DATA360(1.2),I,A,Annual,MUS,Mauritius,ITU_DH_INV_COMP,Percentage of individuals using a computer (ITU),_T,Total,_T,All age ranges or no breakdown by age,_T,Total,PT_HH,Percentage of households,_Z,Not Applicable,_Z,Not Applicable,_Z,Not Applicable,2020,46.7642,MEAN,Mean,ITU_DH,ITU DataHub,0,Units,RATIO,Ratio,602,CCYY,A,Normal value,PU,Public
datastructure,WB.DATA360:DS_DATA360(1.2),I,A,Annual,MEX,Mexico,ITU_DH_INV_COMP,Percentage of individuals using a computer (ITU),_T,Total,_T,All age ranges or no breakdown by age,_T,Total,PT_HH,Percentage of households,_Z,Not Applicable,_Z,Not Applicable,_Z,Not Applicable,2007,28.9513,MEAN,Mean,ITU_DH,ITU DataHub,0,Units,RATIO,Ratio,602,CCYY,A,Normal value,PU,Public
datastructure,WB.DATA360:DS_DATA360(1.2),I,A,Annual,MEX,Mexico,ITU_DH_INV_COMP,Percentage of individuals using a computer (ITU),_T,Total,_T,All age ranges or no breakdown by age,_T,Total,PT_HH,Percentage of households,_Z,Not Applicable,_Z,Not Applicable,_Z,Not Applicable,2008,30.0241,MEAN,Mean,ITU_DH,ITU DataHub,0,Units,RATIO,Ratio,602,CCYY,A,Normal value,PU,Public
datastructure,WB.DATA360:DS_DATA360(1.2),I,A,Annual,MEX,Mexico,ITU_DH_INV_COMP,Percentage of individuals using a computer (ITU),_T,Total,_T,All age ranges or no breakdown by age,_T,Total,PT_HH,Percentage of households,_Z,Not Applicable,_Z,Not Applicable,_Z,Not Applicable,2009,36.15,MEAN,Mean,ITU_DH,ITU DataHub,0,Units,RATIO,Ratio,602,CCYY,A,Normal value,PU,Public
datastructure,WB.DATA360:DS_DATA360(1.2),I,A,Annual,MEX,Mexico,ITU_DH_INV_COMP,Percentage of individuals using a computer (ITU),_T,Total,_T,All age ranges or no breakdown by age,_T,Total,PT_HH,Percentage of households,_Z,Not Applicable,_Z,Not Applicable,_Z,Not Applicable,2010,40.0959,MEAN,Mean,ITU_DH,ITU DataHub,0,Units,RATIO,Ratio,602,CCYY,A,Normal value,PU,Public
datastructure,WB.DATA360:DS_DATA360(1.2),I,A,Annual,MEX,Mexico,ITU_DH_INV_COMP,Percentage of individuals using a computer (ITU),_T,Total,_T,All age ranges or no breakdown by age,_T,Total,PT_HH,Percentage of households,_Z,Not Applicable,_Z,Not Applicable,_Z,Not Applicable,2011,41.9493,MEAN,Mean,ITU_DH,ITU DataHub,0,Units,RATIO,Ratio,602,CCYY,A,Normal value,PU,Public
datastructure,WB.DATA360:DS_DATA360(1.2),I,A,Annual,MEX,Mexico,ITU_DH_INV_COMP,Percentage of individuals using a computer (ITU),_T,Total,_T,All age ranges or no breakdown by age,_T,Total,PT_HH,Percentage of households,_Z,Not Applicable,_Z,Not Applicable,_Z,Not Applicable,2012,43.4483,MEAN,Mean,ITU_DH,ITU DataHub,0,Units,RATIO,Ratio,602,CCYY,A,Normal value,PU,Public
datastructure,WB.DATA360:DS_DATA360(1.2),I,A,Annual,MEX,Mexico,ITU_DH_INV_COMP,Percentage of individuals using a computer (ITU),_T,Total,_T,All age ranges or no breakdown by age,_T,Total,PT_HH,Percentage of households,_Z,Not Applicable,_Z,Not Applicable,_Z,Not Applicable,2013,46.6972,MEAN,Mean,ITU_DH,ITU DataHub,0,Units,RATIO,Ratio,602,CCYY,A,Normal value,PU,Public
datastructure,WB.DATA360:DS_DATA360(1.2),I,A,Annual,MEX,Mexico,ITU_DH_INV_COMP,Percentage of individuals using a computer (ITU),_T,Total,_T,All age ranges or no breakdown by age,_T,Total,PT_HH,Percentage of households,_Z,Not Applicable,_Z,Not Applicable,_Z,Not Applicable,2014,46.2637,MEAN,Mean,ITU_DH,ITU DataHub,0,Units,RATIO,Ratio,602,CCYY,A,Normal value,PU,Public
datastructure,WB.DATA360:DS_DATA360(1.2),I,A,Annual,MEX,Mexico,ITU_DH_INV_COMP,Percentage of individuals using a computer (ITU),_T,Total,_T,All age ranges or no breakdown by age,_T,Total,PT_HH,Percentage of households,_Z,Not Applicable,_Z,Not Applicable,_Z,Not Applicable,2015,51.2573,MEAN,Mean,ITU_DH,ITU DataHub,0,Units,RATIO,Ratio,602,CCYY,A,Normal value,PU,Public
datastructure,WB.DATA360:DS_DATA360(1.2),I,A,Annual,MEX,Mexico,ITU_DH_INV_COMP,Percentage of individuals using a computer (ITU),_T,Total,_T,All age ranges or no breakdown by age,_T,Total,PT_HH,Percentage of households,_Z,Not Applicable,_Z,Not Applicable,_Z,Not Applicable,2016,46.9887,MEAN,Mean,ITU_DH,ITU DataHub,0,Units,RATIO,Ratio,602,CCYY,A,Normal value,PU,Public
datastructure,WB.DATA360:DS_DATA360(1.2),I,A,Annual,MEX,Mexico,ITU_DH_INV_COMP,Percentage of individuals using a computer (ITU),_T,Total,_T,All age ranges or no breakdown by age,_T,Total,PT_HH,Percentage of households,_Z,Not Applicable,_Z,Not Applicable,_Z,Not Applicable,2017,45.1644,MEAN,Mean,ITU_DH,ITU DataHub,0,Units,RATIO,Ratio,602,CCYY,A,Normal value,PU,Public
datastructure,WB.DATA360:DS_DATA360(1.2),I,A,Annual,MEX,Mexico,ITU_DH_INV_COMP,Percentage of individuals using a computer (ITU),_T,Total,_T,All age ranges or no breakdown by age,_T,Total,PT_HH,Percentage of households,_Z,Not Applicable,_Z,Not Applicable,_Z,Not Applicable,2018,44.7346,MEAN,Mean,ITU_DH,ITU DataHub,0,Units,RATIO,Ratio,602,CCYY,A,Normal value,PU,Public
datastructure,WB.DATA360:DS_DATA360(1.2),I,A,Annual,MEX,Mexico,ITU_DH_INV_COMP,Percentage of individuals using a computer (ITU),_T,Total,_T,All age ranges or no breakdown by age,_T,Total,PT_HH,Percentage of households,_Z,Not Applicable,_Z,Not Applicable,_Z,Not Applicable,2019,42.3647,MEAN,Mean,ITU_DH,ITU DataHub,0,Units,RATIO,Ratio,602,CCYY,A,Normal value,PU,Public
datastructure,WB.DATA360:DS_DATA360(1.2),I,A,Annual,MEX,Mexico,ITU_DH_INV_COMP,Percentage of individuals using a computer (ITU),_T,Total,_T,All age ranges or no breakdown by age,_T,Total,PT_HH,Percentage of households,_Z,Not Applicable,_Z,Not Applicable,_Z,Not Applicable,2020,37.5067,MEAN,Mean,ITU_DH,ITU DataHub,0,Units,RATIO,Ratio,602,CCYY,A,Normal value,PU,Public
datastructure,WB.DATA360:DS_DATA360(1.2),I,A,Annual,MEX,Mexico,ITU_DH_INV_COMP,Percentage of individuals using a computer (ITU),_T,Total,_T,All age ranges or no breakdown by age,_T,Total,PT_HH,Percentage of households,_Z,Not Applicable,_Z,Not Applicable,_Z,Not Applicable,2021,37.4406,MEAN,Mean,ITU_DH,ITU DataHub,0,Units,RATIO,Ratio,602,CCYY,A,Normal value,PU,Public
datastructure,WB.DATA360:DS_DATA360(1.2),I,A,Annual,MEX,Mexico,ITU_DH_INV_COMP,Percentage of individuals using a computer (ITU),_T,Total,_T,All age ranges or no breakdown by age,_T,Total,PT_HH,Percentage of households,_Z,Not Applicable,_Z,Not Applicable,_Z,Not Applicable,2022,36.9946,MEAN,Mean,ITU_DH,ITU DataHub,0,Units,RATIO,Ratio,602,CCYY,A,Normal value,PU,Public
datastructure,WB.DATA360:DS_DATA360(1.2),I,A,Annual,MEX,Mexico,ITU_DH_INV_COMP,Percentage of individuals using a computer (ITU),_T,Total,_T,All age ranges or no breakdown by age,_T,Total,PT_HH,Percentage of households,_Z,Not Applicable,_Z,Not Applicable,_Z,Not Applicable,2023,37.2536,MEAN,Mean,ITU_DH,ITU DataHub,0,Units,RATIO,Ratio,602,CCYY,A,Normal value,PU,Public
datastructure,WB.DATA360:DS_DATA360(1.2),I,A,Annual,MYS,Malaysia,ITU_DH_INV_COMP,Percentage of individuals using a computer (ITU),_T,Total,_T,All age ranges or no breakdown by age,_T,Total,PT_HH,Percentage of households,_Z,Not Applicable,_Z,Not Applicable,_Z,Not Applicable,2015,68.7019,MEAN,Mean,ITU_DH,ITU DataHub,0,Units,RATIO,Ratio,602,CCYY,A,Normal value,PU,Public
datastructure,WB.DATA360:DS_DATA360(1.2),I,A,Annual,MYS,Malaysia,ITU_DH_INV_COMP,Percentage of individuals using a computer (ITU),_T,Total,_T,All age ranges or no breakdown by age,_T,Total,PT_HH,Percentage of households,_Z,Not Applicable,_Z,Not Applicable,_Z,Not Applicable,2017,69.7921,MEAN,Mean,ITU_DH,ITU DataHub,0,Units,RATIO,Ratio,602,CCYY,A,Normal value,PU,Public
datastructure,WB.DATA360:DS_DATA360(1.2),I,A,Annual,MYS,Malaysia,ITU_DH_INV_COMP,Percentage of individuals using a computer (ITU),_T,Total,_T,All age ranges or no breakdown by age,_T,Total,PT_HH,Percentage of households,_Z,Not Applicable,_Z,Not Applicable,_Z,Not Applicable,2018,70.4908,MEAN,Mean,ITU_DH,ITU DataHub,0,Units,RATIO,Ratio,602,CCYY,A,Normal value,PU,Public
datastructure,WB.DATA360:DS_DATA360(1.2),I,A,Annual,MYS,Malaysia,ITU_DH_INV_COMP,Percentage of individuals using a computer (ITU),_T,Total,_T,All age ranges or no breakdown by age,_T,Total,PT_HH,Percentage of households,_Z,Not Applicable,_Z,Not Applicable,_Z,Not Applicable,2019,72.0952,MEAN,Mean,ITU_DH,ITU DataHub,0,Units,RATIO,Ratio,602,CCYY,A,Normal value,PU,Public
datastructure,WB.DATA360:DS_DATA360(1.2),I,A,Annual,MYS,Malaysia,ITU_DH_INV_COMP,Percentage of individuals using a computer (ITU),_T,Total,_T,All age ranges or no breakdown by age,_T,Total,PT_HH,Percentage of households,_Z,Not Applicable,_Z,Not Applicable,_Z,Not Applicable,2020,79.9984,MEAN,Mean,ITU_DH,ITU DataHub,0,Units,RATIO,Ratio,602,CCYY,A,Normal value,PU,Public
datastructure,WB.DATA360:DS_DATA360(1.2),I,A,Annual,MYS,Malaysia,ITU_DH_INV_COMP,Percentage of individuals using a computer (ITU),_T,Total,_T,All age ranges or no breakdown by age,_T,Total,PT_HH,Percentage of households,_Z,Not Applicable,_Z,Not Applicable,_Z,Not Applicable,2021,83.4734,MEAN,Mean,ITU_DH,ITU DataHub,0,Units,RATIO,Ratio,602,CCYY,A,Normal value,PU,Public
datastructure,WB.DATA360:DS_DATA360(1.2),I,A,Annual,MYS,Malaysia,ITU_DH_INV_COMP,Percentage of individuals using a computer (ITU),_T,Total,_T,All age ranges or no breakdown by age,_T,Total,PT_HH,Percentage of households,_Z,Not Applicable,_Z,Not Applicable,_Z,Not Applicable,2022,80.1734,MEAN,Mean,ITU_DH,ITU DataHub,0,Units,RATIO,Ratio,602,CCYY,A,Normal value,PU,Public
datastructure,WB.DATA360:DS_DATA360(1.2),I,A,Annual,MYS,Malaysia,ITU_DH_INV_COMP,Percentage of individuals using a computer (ITU),_T,Total,_T,All age ranges or no breakdown by age,_T,Total,PT_HH,Percentage of households,_Z,Not Applicable,_Z,Not Applicable,_Z,Not Applicable,2023,80.3752,MEAN,Mean,ITU_DH,ITU DataHub,0,Units,RATIO,Ratio,602,CCYY,A,Normal value,PU,Public
datastructure,WB.DATA360:DS_DATA360(1.2),I,A,Annual,MYS,Malaysia,ITU_DH_INV_COMP,Percentage of individuals using a computer (ITU),_T,Total,_T,All age ranges or no breakdown by age,_T,Total,PT_HH,Percentage of households,_Z,Not Applicable,_Z,Not Applicable,_Z,Not Applicable,2024,80.6655,MEAN,Mean,ITU_DH,ITU DataHub,0,Units,RATIO,Ratio,602,CCYY,A,Normal value,PU,Public
datastructure,WB.DATA360:DS_DATA360(1.2),I,A,Annual,MDV,Maldives,ITU_DH_INV_COMP,Percentage of individuals using a computer (ITU),_T,Total,_T,All age ranges or no breakdown by age,_T,Total,PT_HH,Percentage of households,_Z,Not Applicable,_Z,Not Applicable,_Z,Not Applicable,2022,55.7521,MEAN,Mean,ITU_DH,ITU DataHub,0,Units,RATIO,Ratio,602,CCYY,A,Normal value,PU,Public
datastructure,WB.DATA360:DS_DATA360(1.2),I,A,Annual,MLT,Malta,ITU_DH_INV_COMP,Percentage of individuals using a computer (ITU),_T,Total,_T,All age ranges or no breakdown by age,_T,Total,PT_HH,Percentage of households,_Z,Not Applicable,_Z,Not Applicable,_Z,Not Applicable,2005,47.4259,MEAN,Mean,ITU_DH,ITU DataHub,0,Units,RATIO,Ratio,602,CCYY,A,Normal value,PU,Public
datastructure,WB.DATA360:DS_DATA360(1.2),I,A,Annual,MLT,Malta,ITU_DH_INV_COMP,Percentage of individuals using a computer (ITU),_T,Total,_T,All age ranges or no breakdown by age,_T,Total,PT_HH,Percentage of households,_Z,Not Applicable,_Z,Not Applicable,_Z,Not Applicable,2006,45.3277,MEAN,Mean,ITU_DH,ITU DataHub,0,Units,RATIO,Ratio,602,CCYY,A,Normal value,PU,Public
datastructure,WB.DATA360:DS_DATA360(1.2),I,A,Annual,MLT,Malta,ITU_DH_INV_COMP,Percentage of individuals using a computer (ITU),_T,Total,_T,All age ranges or no breakdown by age,_T,Total,PT_HH,Percentage of households,_Z,Not Applicable,_Z,Not Applicable,_Z,Not Applicable,2007,50.3956,MEAN,Mean,ITU_DH,ITU DataHub,0,Units,RATIO,Ratio,602,CCYY,A,Normal value,PU,Public
datastructure,WB.DATA360:DS_DATA360(1.2),I,A,Annual,MLT,Malta,ITU_DH_INV_COMP,Percentage of individuals using a computer (ITU),_T,Total,_T,All age ranges or no breakdown by age,_T,Total,PT_HH,Percentage of households,_Z,Not Applicable,_Z,Not Applicable,_Z,Not Applicable,2008,52.5009,MEAN,Mean,ITU_DH,ITU DataHub,0,Units,RATIO,Ratio,602,CCYY,A,Normal value,PU,Public
datastructure,WB.DATA360:DS_DATA360(1.2),I,A,Annual,MLT,Malta,ITU_DH_INV_COMP,Percentage of individuals using a computer (ITU),_T,Total,_T,All age ranges or no breakdown by age,_T,Total,PT_HH,Percentage of households,_Z,Not Applicable,_Z,Not Applicable,_Z,Not Applicable,2009,60.9652,MEAN,Mean,ITU_DH,ITU DataHub,0,Units,RATIO,Ratio,602,CCYY,A,Normal value,PU,Public
datastructure,WB.DATA360:DS_DATA360(1.2),I,A,Annual,MLT,Malta,ITU_DH_INV_COMP,Percentage of individuals using a computer (ITU),_T,Total,_T,All age ranges or no breakdown by age,_T,Total,PT_HH,Percentage of households,_Z,Not Applicable,_Z,Not Applicable,_Z,Not Applicable,2010,64.5944,MEAN,Mean,ITU_DH,ITU DataHub,0,Units,RATIO,Ratio,602,CCYY,A,Normal value,PU,Public
datastructure,WB.DATA360:DS_DATA360(1.2),I,A,Annual,MLT,Malta,ITU_DH_INV_COMP,Percentage of individuals using a computer (ITU),_T,Total,_T,All age ranges or no breakdown by age,_T,Total,PT_HH,Percentage of households,_Z,Not Applicable,_Z,Not Applicable,_Z,Not Applicable,2011,68.8697,MEAN,Mean,ITU_DH,ITU DataHub,0,Units,RATIO,Ratio,602,CCYY,A,Normal value,PU,Public
datastructure,WB.DATA360:DS_DATA360(1.2),I,A,Annual,MLT,Malta,ITU_DH_INV_COMP,Percentage of individuals using a computer (ITU),_T,Total,_T,All age ranges or no breakdown by age,_T,Total,PT_HH,Percentage of households,_Z,Not Applicable,_Z,Not Applicable,_Z,Not Applicable,2012,69.2989,MEAN,Mean,ITU_DH,ITU DataHub,0,Units,RATIO,Ratio,602,CCYY,A,Normal value,PU,Public
datastructure,WB.DATA360:DS_DATA360(1.2),I,A,Annual,MLT,Malta,ITU_DH_INV_COMP,Percentage of individuals using a computer (ITU),_T,Total,_T,All age ranges or no breakdown by age,_T,Total,PT_HH,Percentage of households,_Z,Not Applicable,_Z,Not Applicable,_Z,Not Applicable,2013,70.3003,MEAN,Mean,ITU_DH,ITU DataHub,0,Units,RATIO,Ratio,602,CCYY,A,Normal value,PU,Public
datastructure,WB.DATA360:DS_DATA360(1.2),I,A,Annual,MLT,Malta,ITU_DH_INV_COMP,Percentage of individuals using a computer (ITU),_T,Total,_T,All age ranges or no breakdown by age,_T,Total,PT_HH,Percentage of households,_Z,Not Applicable,_Z,Not Applicable,_Z,Not Applicable,2014,73.4152,MEAN,Mean,ITU_DH,ITU DataHub,0,Units,RATIO,Ratio,602,CCYY,A,Normal value,PU,Public
datastructure,WB.DATA360:DS_DATA360(1.2),I,A,Annual,MLT,Malta,ITU_DH_INV_COMP,Percentage of individuals using a computer (ITU),_T,Total,_T,All age ranges or no breakdown by age,_T,Total,PT_HH,Percentage of households,_Z,Not Applicable,_Z,Not Applicable,_Z,Not Applicable,2015,75.0681,MEAN,Mean,ITU_DH,ITU DataHub,0,Units,RATIO,Ratio,602,CCYY,A,Normal value,PU,Public
datastructure,WB.DATA360:DS_DATA360(1.2),I,A,Annual,MLT,Malta,ITU_DH_INV_COMP,Percentage of individuals using a computer (ITU),_T,Total,_T,All age ranges or no breakdown by age,_T,Total,PT_HH,Percentage of households,_Z,Not Applicable,_Z,Not Applicable,_Z,Not Applicable,2017,70.6839,MEAN,Mean,ITU_DH,ITU DataHub,0,Units,RATIO,Ratio,602,CCYY,A,Normal value,PU,Public
datastructure,WB.DATA360:DS_DATA360(1.2),I,A,Annual,MOZ,Mozambique,ITU_DH_INV_COMP,Percentage of individuals using a computer (ITU),_T,Total,_T,All age ranges or no breakdown by age,_T,Total,PT_HH,Percentage of households,_Z,Not Applicable,_Z,Not Applicable,_Z,Not Applicable,2017,5.21538,MEAN,Mean,ITU_DH,ITU DataHub,0,Units,RATIO,Ratio,602,CCYY,A,Normal value,PU,Public
datastructure,WB.DATA360:DS_DATA360(1.2),I,A,Annual,MAR,Morocco,ITU_DH_INV_COMP,Percentage of individuals using a computer (ITU),_T,Total,_T,All age ranges or no breakdown by age,_T,Total,PT_HH,Percentage of households,_Z,Not Applicable,_Z,Not Applicable,_Z,Not Applicable,2012,53.6131,MEAN,Mean,ITU_DH,ITU DataHub,0,Units,RATIO,Ratio,602,CCYY,A,Normal value,PU,Public
datastructure,WB.DATA360:DS_DATA360(1.2),I,A,Annual,MAR,Morocco,ITU_DH_INV_COMP,Percentage of individuals using a computer (ITU),_T,Total,_T,All age ranges or no breakdown by age,_T,Total,PT_HH,Percentage of households,_Z,Not Applicable,_Z,Not Applicable,_Z,Not Applicable,2014,46.9807,MEAN,Mean,ITU_DH,ITU DataHub,0,Units,RATIO,Ratio,602,CCYY,A,Normal value,PU,Public
datastructure,WB.DATA360:DS_DATA360(1.2),I,A,Annual,MAR,Morocco,ITU_DH_INV_COMP,Percentage of individuals using a computer (ITU),_T,Total,_T,All age ranges or no breakdown by age,_T,Total,PT_HH,Percentage of households,_Z,Not Applicable,_Z,Not Applicable,_Z,Not Applicable,2015,46.5719,MEAN,Mean,ITU_DH,ITU DataHub,0,Units,RATIO,Ratio,602,CCYY,A,Normal value,PU,Public
datastructure,WB.DATA360:DS_DATA360(1.2),I,A,Annual,MAR,Morocco,ITU_DH_INV_COMP,Percentage of individuals using a computer (ITU),_T,Total,_T,All age ranges or no breakdown by age,_T,Total,PT_HH,Percentage of households,_Z,Not Applicable,_Z,Not Applicable,_Z,Not Applicable,2016,47.6587,MEAN,Mean,ITU_DH,ITU DataHub,0,Units,RATIO,Ratio,602,CCYY,A,Normal value,PU,Public
datastructure,WB.DATA360:DS_DATA360(1.2),I,A,Annual,MAR,Morocco,ITU_DH_INV_COMP,Percentage of individuals using a computer (ITU),_T,Total,_T,All age ranges or no breakdown by age,_T,Total,PT_HH,Percentage of households,_Z,Not Applicable,_Z,Not Applicable,_Z,Not Applicable,2017,59.3827,MEAN,Mean,ITU_DH,ITU DataHub,0,Units,RATIO,Ratio,602,CCYY,A,Normal value,PU,Public
datastructure,WB.DATA360:DS_DATA360(1.2),I,A,Annual,MAR,Morocco,ITU_DH_INV_COMP,Percentage of individuals using a computer (ITU),_T,Total,_T,All age ranges or no breakdown by age,_T,Total,PT_HH,Percentage of households,_Z,Not Applicable,_Z,Not Applicable,_Z,Not Applicable,2018,64.3259,MEAN,Mean,ITU_DH,ITU DataHub,0,Units,RATIO,Ratio,602,CCYY,A,Normal value,PU,Public
datastructure,WB.DATA360:DS_DATA360(1.2),I,A,Annual,MAR,Morocco,ITU_DH_INV_COMP,Percentage of individuals using a computer (ITU),_T,Total,_T,All age ranges or no breakdown by age,_T,Total,PT_HH,Percentage of households,_Z,Not Applicable,_Z,Not Applicable,_Z,Not Applicable,2021,81.4696,MEAN,Mean,ITU_DH,ITU DataHub,0,Units,RATIO,Ratio,602,CCYY,A,Normal value,PU,Public
datastructure,WB.DATA360:DS_DATA360(1.2),I,A,Annual,MWI,Malawi,ITU_DH_INV_COMP,Percentage of individuals using a computer (ITU),_T,Total,_T,All age ranges or no breakdown by age,_T,Total,PT_HH,Percentage of households,_Z,Not Applicable,_Z,Not Applicable,_Z,Not Applicable,2023,8.54177,MEAN,Mean,ITU_DH,ITU DataHub,0,Units,RATIO,Ratio,602,CCYY,A,Normal value,PU,Public
datastructure,WB.DATA360:DS_DATA360(1.2),I,A,Annual,NIC,Nicaragua,ITU_DH_INV_COMP,Percentage of individuals using a computer (ITU),_T,Total,_T,All age ranges or no breakdown by age,_T,Total,PT_HH,Percentage of households,_Z,Not Applicable,_Z,Not Applicable,_Z,Not Applicable,2006,12.9825,MEAN,Mean,ITU_DH,ITU DataHub,0,Units,RATIO,Ratio,602,CCYY,A,Normal value,PU,Public
datastructure,WB.DATA360:DS_DATA360(1.2),I,A,Annual,NER,Niger,ITU_DH_INV_COMP,Percentage of individuals using a computer (ITU),_T,Total,_T,All age ranges or no breakdown by age,_T,Total,PT_HH,Percentage of households,_Z,Not Applicable,_Z,Not Applicable,_Z,Not Applicable,2014,0.877901,MEAN,Mean,ITU_DH,ITU DataHub,0,Units,RATIO,Ratio,602,CCYY,A,Normal value,PU,Public
datastructure,WB.DATA360:DS_DATA360(1.2),I,A,Annual,NOR,Norway,ITU_DH_INV_COMP,Percentage of individuals using a computer (ITU),_T,Total,_T,All age ranges or no breakdown by age,_T,Total,PT_HH,Percentage of households,_Z,Not Applicable,_Z,Not Applicable,_Z,Not Applicable,2003,80.016,MEAN,Mean,ITU_DH,ITU DataHub,0,Units,RATIO,Ratio,602,CCYY,A,Normal value,PU,Public
datastructure,WB.DATA360:DS_DATA360(1.2),I,A,Annual,NOR,Norway,ITU_DH_INV_COMP,Percentage of individuals using a computer (ITU),_T,Total,_T,All age ranges or no breakdown by age,_T,Total,PT_HH,Percentage of households,_Z,Not Applicable,_Z,Not Applicable,_Z,Not Applicable,2004,82.1332,MEAN,Mean,ITU_DH,ITU DataHub,0,Units,RATIO,Ratio,602,CCYY,A,Normal value,PU,Public
datastructure,WB.DATA360:DS_DATA360(1.2),I,A,Annual,NOR,Norway,ITU_DH_INV_COMP,Percentage of individuals using a computer (ITU),_T,Total,_T,All age ranges or no breakdown by age,_T,Total,PT_HH,Percentage of households,_Z,Not Applicable,_Z,Not Applicable,_Z,Not Applicable,2005,85.2685,MEAN,Mean,ITU_DH,ITU DataHub,0,Units,RATIO,Ratio,602,CCYY,A,Normal value,PU,Public
datastructure,WB.DATA360:DS_DATA360(1.2),I,A,Annual,NOR,Norway,ITU_DH_INV_COMP,Percentage of individuals using a computer (ITU),_T,Total,_T,All age ranges or no breakdown by age,_T,Total,PT_HH,Percentage of households,_Z,Not Applicable,_Z,Not Applicable,_Z,Not Applicable,2006,86.9976,MEAN,Mean,ITU_DH,ITU DataHub,0,Units,RATIO,Ratio,602,CCYY,A,Normal value,PU,Public
datastructure,WB.DATA360:DS_DATA360(1.2),I,A,Annual,NOR,Norway,ITU_DH_INV_COMP,Percentage of individuals using a computer (ITU),_T,Total,_T,All age ranges or no breakdown by age,_T,Total,PT_HH,Percentage of households,_Z,Not Applicable,_Z,Not Applicable,_Z,Not Applicable,2007,90.9188,MEAN,Mean,ITU_DH,ITU DataHub,0,Units,RATIO,Ratio,602,CCYY,A,Normal value,PU,Public
datastructure,WB.DATA360:DS_DATA360(1.2),I,A,Annual,NOR,Norway,ITU_DH_INV_COMP,Percentage of individuals using a computer (ITU),_T,Total,_T,All age ranges or no breakdown by age,_T,Total,PT_HH,Percentage of households,_Z,Not Applicable,_Z,Not Applicable,_Z,Not Applicable,2008,91.563,MEAN,Mean,ITU_DH,ITU DataHub,0,Units,RATIO,Ratio,602,CCYY,A,Normal value,PU,Public
datastructure,WB.DATA360:DS_DATA360(1.2),I,A,Annual,NOR,Norway,ITU_DH_INV_COMP,Percentage of individuals using a computer (ITU),_T,Total,_T,All age ranges or no breakdown by age,_T,Total,PT_HH,Percentage of households,_Z,Not Applicable,_Z,Not Applicable,_Z,Not Applicable,2009,92.7184,MEAN,Mean,ITU_DH,ITU DataHub,0,Units,RATIO,Ratio,602,CCYY,A,Normal value,PU,Public
datastructure,WB.DATA360:DS_DATA360(1.2),I,A,Annual,NOR,Norway,ITU_DH_INV_COMP,Percentage of individuals using a computer (ITU),_T,Total,_T,All age ranges or no breakdown by age,_T,Total,PT_HH,Percentage of households,_Z,Not Applicable,_Z,Not Applicable,_Z,Not Applicable,2010,93.9501,MEAN,Mean,ITU_DH,ITU DataHub,0,Units,RATIO,Ratio,602,CCYY,A,Normal value,PU,Public
datastructure,WB.DATA360:DS_DATA360(1.2),I,A,Annual,NOR,Norway,ITU_DH_INV_COMP,Percentage of individuals using a computer (ITU),_T,Total,_T,All age ranges or no breakdown by age,_T,Total,PT_HH,Percentage of households,_Z,Not Applicable,_Z,Not Applicable,_Z,Not Applicable,2011,93.66,MEAN,Mean,ITU_DH,ITU DataHub,0,Units,RATIO,Ratio,602,CCYY,A,Normal value,PU,Public
datastructure,WB.DATA360:DS_DATA360(1.2),I,A,Annual,NOR,Norway,ITU_DH_INV_COMP,Percentage of individuals using a computer (ITU),_T,Total,_T,All age ranges or no breakdown by age,_T,Total,PT_HH,Percentage of households,_Z,Not Applicable,_Z,Not Applicable,_Z,Not Applicable,2012,94.983,MEAN,Mean,ITU_DH,ITU DataHub,0,Units,RATIO,Ratio,602,CCYY,A,Normal value,PU,Public
datastructure,WB.DATA360:DS_DATA360(1.2),I,A,Annual,NOR,Norway,ITU_DH_INV_COMP,Percentage of individuals using a computer (ITU),_T,Total,_T,All age ranges or no breakdown by age,_T,Total,PT_HH,Percentage of households,_Z,Not Applicable,_Z,Not Applicable,_Z,Not Applicable,2013,95.1157,MEAN,Mean,ITU_DH,ITU DataHub,0,Units,RATIO,Ratio,602,CCYY,A,Normal value,PU,Public
datastructure,WB.DATA360:DS_DATA360(1.2),I,A,Annual,NOR,Norway,ITU_DH_INV_COMP,Percentage of individuals using a computer (ITU),_T,Total,_T,All age ranges or no breakdown by age,_T,Total,PT_HH,Percentage of households,_Z,Not Applicable,_Z,Not Applicable,_Z,Not Applicable,2014,95.2681,MEAN,Mean,ITU_DH,ITU DataHub,0,Units,RATIO,Ratio,602,CCYY,A,Normal value,PU,Public
datastructure,WB.DATA360:DS_DATA360(1.2),I,A,Annual,NOR,Norway,ITU_DH_INV_COMP,Percentage of individuals using a computer (ITU),_T,Total,_T,All age ranges or no breakdown by age,_T,Total,PT_HH,Percentage of households,_Z,Not Applicable,_Z,Not Applicable,_Z,Not Applicable,2015,94.763,MEAN,Mean,ITU_DH,ITU DataHub,0,Units,RATIO,Ratio,602,CCYY,A,Normal value,PU,Public
datastructure,WB.DATA360:DS_DATA360(1.2),I,A,Annual,NOR,Norway,ITU_DH_INV_COMP,Percentage of individuals using a computer (ITU),_T,Total,_T,All age ranges or no breakdown by age,_T,Total,PT_HH,Percentage of households,_Z,Not Applicable,_Z,Not Applicable,_Z,Not Applicable,2021,94.0,MEAN,Mean,ITU_DH,ITU DataHub,0,Units,RATIO,Ratio,602,CCYY,A,Normal value,PU,Public
datastructure,WB.DATA360:DS_DATA360(1.2),I,A,Annual,NZL,New Zealand,ITU_DH_INV_COMP,Percentage of individuals using a computer (ITU),_T,Total,_T,All age ranges or no breakdown by age,_T,Total,PT_HH,Percentage of households,_Z,Not Applicable,_Z,Not Applicable,_Z,Not Applicable,2006,72.2357,MEAN,Mean,ITU_DH,ITU DataHub,0,Units,RATIO,Ratio,602,CCYY,A,Normal value,PU,Public
datastructure,WB.DATA360:DS_DATA360(1.2),I,A,Annual,NZL,New Zealand,ITU_DH_INV_COMP,Percentage of individuals using a computer (ITU),_T,Total,_T,All age ranges or no breakdown by age,_T,Total,PT_HH,Percentage of households,_Z,Not Applicable,_Z,Not Applicable,_Z,Not Applicable,2009,82.6139,MEAN,Mean,ITU_DH,ITU DataHub,0,Units,RATIO,Ratio,602,CCYY,A,Normal value,PU,Public
datastructure,WB.DATA360:DS_DATA360(1.2),I,A,Annual,OMN,Oman,ITU_DH_INV_COMP,Percentage of individuals using a computer (ITU),_T,Total,_T,All age ranges or no breakdown by age,_T,Total,PT_HH,Percentage of households,_Z,Not Applicable,_Z,Not Applicable,_Z,Not Applicable,2007,21.3886,MEAN,Mean,ITU_DH,ITU DataHub,0,Units,RATIO,Ratio,602,CCYY,A,Normal value,PU,Public
datastructure,WB.DATA360:DS_DATA360(1.2),I,A,Annual,OMN,Oman,ITU_DH_INV_COMP,Percentage of individuals using a computer (ITU),_T,Total,_T,All age ranges or no breakdown by age,_T,Total,PT_HH,Percentage of households,_Z,Not Applicable,_Z,Not Applicable,_Z,Not Applicable,2013,79.0166,MEAN,Mean,ITU_DH,ITU DataHub,0,Units,RATIO,Ratio,602,CCYY,A,Normal value,PU,Public
datastructure,WB.DATA360:DS_DATA360(1.2),I,A,Annual,OMN,Oman,ITU_DH_INV_COMP,Percentage of individuals using a computer (ITU),_T,Total,_T,All age ranges or no breakdown by age,_T,Total,PT_HH,Percentage of households,_Z,Not Applicable,_Z,Not Applicable,_Z,Not Applicable,2020,94.9617,MEAN,Mean,ITU_DH,ITU DataHub,0,Units,RATIO,Ratio,602,CCYY,A,Normal value,PU,Public
datastructure,WB.DATA360:DS_DATA360(1.2),I,A,Annual,PAK,Pakistan,ITU_DH_INV_COMP,Percentage of individuals using a computer (ITU),_T,Total,_T,All age ranges or no breakdown by age,_T,Total,PT_HH,Percentage of households,_Z,Not Applicable,_Z,Not Applicable,_Z,Not Applicable,2016,7.3666,MEAN,Mean,ITU_DH,ITU DataHub,0,Units,RATIO,Ratio,602,CCYY,A,Normal value,PU,Public
datastructure,WB.DATA360:DS_DATA360(1.2),I,A,Annual,PAK,Pakistan,ITU_DH_INV_COMP,Percentage of individuals using a computer (ITU),_T,Total,_T,All age ranges or no breakdown by age,_T,Total,PT_HH,Percentage of households,_Z,Not Applicable,_Z,Not Applicable,_Z,Not Applicable,2020,7.36682,MEAN,Mean,ITU_DH,ITU DataHub,0,Units,RATIO,Ratio,602,CCYY,A,Normal value,PU,Public
datastructure,WB.DATA360:DS_DATA360(1.2),I,A,Annual,PAN,Panama,ITU_DH_INV_COMP,Percentage of individuals using a computer (ITU),_T,Total,_T,All age ranges or no breakdown by age,_T,Total,PT_HH,Percentage of households,_Z,Not Applicable,_Z,Not Applicable,_Z,Not Applicable,2012,42.8511,MEAN,Mean,ITU_DH,ITU DataHub,0,Units,RATIO,Ratio,602,CCYY,A,Normal value,PU,Public
datastructure,WB.DATA360:DS_DATA360(1.2),I,A,Annual,PAN,Panama,ITU_DH_INV_COMP,Percentage of individuals using a computer (ITU),_T,Total,_T,All age ranges or no breakdown by age,_T,Total,PT_HH,Percentage of households,_Z,Not Applicable,_Z,Not Applicable,_Z,Not Applicable,2015,45.5697,MEAN,Mean,ITU_DH,ITU DataHub,0,Units,RATIO,Ratio,602,CCYY,A,Normal value,PU,Public
datastructure,WB.DATA360:DS_DATA360(1.2),I,A,Annual,PAN,Panama,ITU_DH_INV_COMP,Percentage of individuals using a computer (ITU),_T,Total,_T,All age ranges or no breakdown by age,_T,Total,PT_HH,Percentage of households,_Z,Not Applicable,_Z,Not Applicable,_Z,Not Applicable,2023,35.9911,MEAN,Mean,ITU_DH,ITU DataHub,0,Units,RATIO,Ratio,602,CCYY,A,Normal value,PU,Public
datastructure,WB.DATA360:DS_DATA360(1.2),I,A,Annual,POL,Poland,ITU_DH_INV_COMP,Percentage of individuals using a computer (ITU),_T,Total,_T,All age ranges or no breakdown by age,_T,Total,PT_HH,Percentage of households,_Z,Not Applicable,_Z,Not Applicable,_Z,Not Applicable,2004,43.8104,MEAN,Mean,ITU_DH,ITU DataHub,0,Units,RATIO,Ratio,602,CCYY,A,Normal value,PU,Public
datastructure,WB.DATA360:DS_DATA360(1.2),I,A,Annual,POL,Poland,ITU_DH_INV_COMP,Percentage of individuals using a computer (ITU),_T,Total,_T,All age ranges or no breakdown by age,_T,Total,PT_HH,Percentage of households,_Z,Not Applicable,_Z,Not Applicable,_Z,Not Applicable,2005,48.4332,MEAN,Mean,ITU_DH,ITU DataHub,0,Units,RATIO,Ratio,602,CCYY,A,Normal value,PU,Public
datastructure,WB.DATA360:DS_DATA360(1.2),I,A,Annual,POL,Poland,ITU_DH_INV_COMP,Percentage of individuals using a computer (ITU),_T,Total,_T,All age ranges or no breakdown by age,_T,Total,PT_HH,Percentage of households,_Z,Not Applicable,_Z,Not Applicable,_Z,Not Applicable,2006,52.4533,MEAN,Mean,ITU_DH,ITU DataHub,0,Units,RATIO,Ratio,602,CCYY,A,Normal value,PU,Public
datastructure,WB.DATA360:DS_DATA360(1.2),I,A,Annual,POL,Poland,ITU_DH_INV_COMP,Percentage of individuals using a computer (ITU),_T,Total,_T,All age ranges or no breakdown by age,_T,Total,PT_HH,Percentage of households,_Z,Not Applicable,_Z,Not Applicable,_Z,Not Applicable,2007,55.6376,MEAN,Mean,ITU_DH,ITU DataHub,0,Units,RATIO,Ratio,602,CCYY,A,Normal value,PU,Public
datastructure,WB.DATA360:DS_DATA360(1.2),I,A,Annual,POL,Poland,ITU_DH_INV_COMP,Percentage of individuals using a computer (ITU),_T,Total,_T,All age ranges or no breakdown by age,_T,Total,PT_HH,Percentage of households,_Z,Not Applicable,_Z,Not Applicable,_Z,Not Applicable,2008,58.4373,MEAN,Mean,ITU_DH,ITU DataHub,0,Units,RATIO,Ratio,602,CCYY,A,Normal value,PU,Public
datastructure,WB.DATA360:DS_DATA360(1.2),I,A,Annual,POL,Poland,ITU_DH_INV_COMP,Percentage of individuals using a computer (ITU),_T,Total,_T,All age ranges or no breakdown by age,_T,Total,PT_HH,Percentage of households,_Z,Not Applicable,_Z,Not Applicable,_Z,Not Applicable,2009,62.5494,MEAN,Mean,ITU_DH,ITU DataHub,0,Units,RATIO,Ratio,602,CCYY,A,Normal value,PU,Public
datastructure,WB.DATA360:DS_DATA360(1.2),I,A,Annual,POL,Poland,ITU_DH_INV_COMP,Percentage of individuals using a computer (ITU),_T,Total,_T,All age ranges or no breakdown by age,_T,Total,PT_HH,Percentage of households,_Z,Not Applicable,_Z,Not Applicable,_Z,Not Applicable,2010,65.2445,MEAN,Mean,ITU_DH,ITU DataHub,0,Units,RATIO,Ratio,602,CCYY,A,Normal value,PU,Public
datastructure,WB.DATA360:DS_DATA360(1.2),I,A,Annual,POL,Poland,ITU_DH_INV_COMP,Percentage of individuals using a computer (ITU),_T,Total,_T,All age ranges or no breakdown by age,_T,Total,PT_HH,Percentage of households,_Z,Not Applicable,_Z,Not Applicable,_Z,Not Applicable,2011,64.02,MEAN,Mean,ITU_DH,ITU DataHub,0,Units,RATIO,Ratio,602,CCYY,A,Normal value,PU,Public
datastructure,WB.DATA360:DS_DATA360(1.2),I,A,Annual,POL,Poland,ITU_DH_INV_COMP,Percentage of individuals using a computer (ITU),_T,Total,_T,All age ranges or no breakdown by age,_T,Total,PT_HH,Percentage of households,_Z,Not Applicable,_Z,Not Applicable,_Z,Not Applicable,2012,63.7932,MEAN,Mean,ITU_DH,ITU DataHub,0,Units,RATIO,Ratio,602,CCYY,A,Normal value,PU,Public
datastructure,WB.DATA360:DS_DATA360(1.2),I,A,Annual,POL,Poland,ITU_DH_INV_COMP,Percentage of individuals using a computer (ITU),_T,Total,_T,All age ranges or no breakdown by age,_T,Total,PT_HH,Percentage of households,_Z,Not Applicable,_Z,Not Applicable,_Z,Not Applicable,2013,63.8952,MEAN,Mean,ITU_DH,ITU DataHub,0,Units,RATIO,Ratio,602,CCYY,A,Normal value,PU,Public
datastructure,WB.DATA360:DS_DATA360(1.2),I,A,Annual,POL,Poland,ITU_DH_INV_COMP,Percentage of individuals using a computer (ITU),_T,Total,_T,All age ranges or no breakdown by age,_T,Total,PT_HH,Percentage of households,_Z,Not Applicable,_Z,Not Applicable,_Z,Not Applicable,2014,67.1901,MEAN,Mean,ITU_DH,ITU DataHub,0,Units,RATIO,Ratio,602,CCYY,A,Normal value,PU,Public
datastructure,WB.DATA360:DS_DATA360(1.2),I,A,Annual,POL,Poland,ITU_DH_INV_COMP,Percentage of individuals using a computer (ITU),_T,Total,_T,All age ranges or no breakdown by age,_T,Total,PT_HH,Percentage of households,_Z,Not Applicable,_Z,Not Applicable,_Z,Not Applicable,2015,68.2965,MEAN,Mean,ITU_DH,ITU DataHub,0,Units,RATIO,Ratio,602,CCYY,A,Normal value,PU,Public
datastructure,WB.DATA360:DS_DATA360(1.2),I,A,Annual,POL,Poland,ITU_DH_INV_COMP,Percentage of individuals using a computer (ITU),_T,Total,_T,All age ranges or no breakdown by age,_T,Total,PT_HH,Percentage of households,_Z,Not Applicable,_Z,Not Applicable,_Z,Not Applicable,2016,72.7902,MEAN,Mean,ITU_DH,ITU DataHub,0,Units,RATIO,Ratio,602,CCYY,A,Normal value,PU,Public
datastructure,WB.DATA360:DS_DATA360(1.2),I,A,Annual,POL,Poland,ITU_DH_INV_COMP,Percentage of individuals using a computer (ITU),_T,Total,_T,All age ranges or no breakdown by age,_T,Total,PT_HH,Percentage of households,_Z,Not Applicable,_Z,Not Applicable,_Z,Not Applicable,2017,75.0168,MEAN,Mean,ITU_DH,ITU DataHub,0,Units,RATIO,Ratio,602,CCYY,A,Normal value,PU,Public
datastructure,WB.DATA360:DS_DATA360(1.2),I,A,Annual,POL,Poland,ITU_DH_INV_COMP,Percentage of individuals using a computer (ITU),_T,Total,_T,All age ranges or no breakdown by age,_T,Total,PT_HH,Percentage of households,_Z,Not Applicable,_Z,Not Applicable,_Z,Not Applicable,2018,74.8991,MEAN,Mean,ITU_DH,ITU DataHub,0,Units,RATIO,Ratio,602,CCYY,A,Normal value,PU,Public
datastructure,WB.DATA360:DS_DATA360(1.2),I,A,Annual,POL,Poland,ITU_DH_INV_COMP,Percentage of individuals using a computer (ITU),_T,Total,_T,All age ranges or no breakdown by age,_T,Total,PT_HH,Percentage of households,_Z,Not Applicable,_Z,Not Applicable,_Z,Not Applicable,2019,76.2053,MEAN,Mean,ITU_DH,ITU DataHub,0,Units,RATIO,Ratio,602,CCYY,A,Normal value,PU,Public
datastructure,WB.DATA360:DS_DATA360(1.2),I,A,Annual,PRT,Portugal,ITU_DH_INV_COMP,Percentage of individuals using a computer (ITU),_T,Total,_T,All age ranges or no breakdown by age,_T,Total,PT_HH,Percentage of households,_Z,Not Applicable,_Z,Not Applicable,_Z,Not Applicable,2002,27.352,MEAN,Mean,ITU_DH,ITU DataHub,0,Units,RATIO,Ratio,602,CCYY,A,Normal value,PU,Public
datastructure,WB.DATA360:DS_DATA360(1.2),I,A,Annual,PRT,Portugal,ITU_DH_INV_COMP,Percentage of individuals using a computer (ITU),_T,Total,_T,All age ranges or no breakdown by age,_T,Total,PT_HH,Percentage of households,_Z,Not Applicable,_Z,Not Applicable,_Z,Not Applicable,2003,36.2035,MEAN,Mean,ITU_DH,ITU DataHub,0,Units,RATIO,Ratio,602,CCYY,A,Normal value,PU,Public
datastructure,WB.DATA360:DS_DATA360(1.2),I,A,Annual,PRT,Portugal,ITU_DH_INV_COMP,Percentage of individuals using a computer (ITU),_T,Total,_T,All age ranges or no breakdown by age,_T,Total,PT_HH,Percentage of households,_Z,Not Applicable,_Z,Not Applicable,_Z,Not Applicable,2004,39.7509,MEAN,Mean,ITU_DH,ITU DataHub,0,Units,RATIO,Ratio,602,CCYY,A,Normal value,PU,Public
datastructure,WB.DATA360:DS_DATA360(1.2),I,A,Annual,PRT,Portugal,ITU_DH_INV_COMP,Percentage of individuals using a computer (ITU),_T,Total,_T,All age ranges or no breakdown by age,_T,Total,PT_HH,Percentage of households,_Z,Not Applicable,_Z,Not Applicable,_Z,Not Applicable,2005,42.7341,MEAN,Mean,ITU_DH,ITU DataHub,0,Units,RATIO,Ratio,602,CCYY,A,Normal value,PU,Public
datastructure,WB.DATA360:DS_DATA360(1.2),I,A,Annual,PRT,Portugal,ITU_DH_INV_COMP,Percentage of individuals using a computer (ITU),_T,Total,_T,All age ranges or no breakdown by age,_T,Total,PT_HH,Percentage of households,_Z,Not Applicable,_Z,Not Applicable,_Z,Not Applicable,2006,44.8386,MEAN,Mean,ITU_DH,ITU DataHub,0,Units,RATIO,Ratio,602,CCYY,A,Normal value,PU,Public
datastructure,WB.DATA360:DS_DATA360(1.2),I,A,Annual,PRT,Portugal,ITU_DH_INV_COMP,Percentage of individuals using a computer (ITU),_T,Total,_T,All age ranges or no breakdown by age,_T,Total,PT_HH,Percentage of households,_Z,Not Applicable,_Z,Not Applicable,_Z,Not Applicable,2007,48.1709,MEAN,Mean,ITU_DH,ITU DataHub,0,Units,RATIO,Ratio,602,CCYY,A,Normal value,PU,Public
datastructure,WB.DATA360:DS_DATA360(1.2),I,A,Annual,PRT,Portugal,ITU_DH_INV_COMP,Percentage of individuals using a computer (ITU),_T,Total,_T,All age ranges or no breakdown by age,_T,Total,PT_HH,Percentage of households,_Z,Not Applicable,_Z,Not Applicable,_Z,Not Applicable,2008,48.5326,MEAN,Mean,ITU_DH,ITU DataHub,0,Units,RATIO,Ratio,602,CCYY,A,Normal value,PU,Public
datastructure,WB.DATA360:DS_DATA360(1.2),I,A,Annual,PRT,Portugal,ITU_DH_INV_COMP,Percentage of individuals using a computer (ITU),_T,Total,_T,All age ranges or no breakdown by age,_T,Total,PT_HH,Percentage of households,_Z,Not Applicable,_Z,Not Applicable,_Z,Not Applicable,2009,53.8597,MEAN,Mean,ITU_DH,ITU DataHub,0,Units,RATIO,Ratio,602,CCYY,A,Normal value,PU,Public
datastructure,WB.DATA360:DS_DATA360(1.2),I,A,Annual,PRT,Portugal,ITU_DH_INV_COMP,Percentage of individuals using a computer (ITU),_T,Total,_T,All age ranges or no breakdown by age,_T,Total,PT_HH,Percentage of households,_Z,Not Applicable,_Z,Not Applicable,_Z,Not Applicable,2010,58.0241,MEAN,Mean,ITU_DH,ITU DataHub,0,Units,RATIO,Ratio,602,CCYY,A,Normal value,PU,Public
datastructure,WB.DATA360:DS_DATA360(1.2),I,A,Annual,PRT,Portugal,ITU_DH_INV_COMP,Percentage of individuals using a computer (ITU),_T,Total,_T,All age ranges or no breakdown by age,_T,Total,PT_HH,Percentage of households,_Z,Not Applicable,_Z,Not Applicable,_Z,Not Applicable,2011,58.19,MEAN,Mean,ITU_DH,ITU DataHub,0,Units,RATIO,Ratio,602,CCYY,A,Normal value,PU,Public
datastructure,WB.DATA360:DS_DATA360(1.2),I,A,Annual,PRT,Portugal,ITU_DH_INV_COMP,Percentage of individuals using a computer (ITU),_T,Total,_T,All age ranges or no breakdown by age,_T,Total,PT_HH,Percentage of households,_Z,Not Applicable,_Z,Not Applicable,_Z,Not Applicable,2012,62.3705,MEAN,Mean,ITU_DH,ITU DataHub,0,Units,RATIO,Ratio,602,CCYY,A,Normal value,PU,Public
datastructure,WB.DATA360:DS_DATA360(1.2),I,A,Annual,PRT,Portugal,ITU_DH_INV_COMP,Percentage of individuals using a computer (ITU),_T,Total,_T,All age ranges or no breakdown by age,_T,Total,PT_HH,Percentage of households,_Z,Not Applicable,_Z,Not Applicable,_Z,Not Applicable,2013,64.0,MEAN,Mean,ITU_DH,ITU DataHub,0,Units,RATIO,Ratio,602,CCYY,A,Normal value,PU,Public
datastructure,WB.DATA360:DS_DATA360(1.2),I,A,Annual,PRT,Portugal,ITU_DH_INV_COMP,Percentage of individuals using a computer (ITU),_T,Total,_T,All age ranges or no breakdown by age,_T,Total,PT_HH,Percentage of households,_Z,Not Applicable,_Z,Not Applicable,_Z,Not Applicable,2014,65.7658,MEAN,Mean,ITU_DH,ITU DataHub,0,Units,RATIO,Ratio,602,CCYY,A,Normal value,PU,Public
datastructure,WB.DATA360:DS_DATA360(1.2),I,A,Annual,PRT,Portugal,ITU_DH_INV_COMP,Percentage of individuals using a computer (ITU),_T,Total,_T,All age ranges or no breakdown by age,_T,Total,PT_HH,Percentage of households,_Z,Not Applicable,_Z,Not Applicable,_Z,Not Applicable,2015,69.2015,MEAN,Mean,ITU_DH,ITU DataHub,0,Units,RATIO,Ratio,602,CCYY,A,Normal value,PU,Public
datastructure,WB.DATA360:DS_DATA360(1.2),I,A,Annual,PRY,Paraguay,ITU_DH_INV_COMP,Percentage of individuals using a computer (ITU),_T,Total,_T,All age ranges or no breakdown by age,_T,Total,PT_HH,Percentage of households,_Z,Not Applicable,_Z,Not Applicable,_Z,Not Applicable,2015,26.7865,MEAN,Mean,ITU_DH,ITU DataHub,0,Units,RATIO,Ratio,602,CCYY,A,Normal value,PU,Public
datastructure,WB.DATA360:DS_DATA360(1.2),I,A,Annual,PRY,Paraguay,ITU_DH_INV_COMP,Percentage of individuals using a computer (ITU),_T,Total,_T,All age ranges or no breakdown by age,_T,Total,PT_HH,Percentage of households,_Z,Not Applicable,_Z,Not Applicable,_Z,Not Applicable,2017,23.4922,MEAN,Mean,ITU_DH,ITU DataHub,0,Units,RATIO,Ratio,602,CCYY,A,Normal value,PU,Public
datastructure,WB.DATA360:DS_DATA360(1.2),I,A,Annual,PRY,Paraguay,ITU_DH_INV_COMP,Percentage of individuals using a computer (ITU),_T,Total,_T,All age ranges or no breakdown by age,_T,Total,PT_HH,Percentage of households,_Z,Not Applicable,_Z,Not Applicable,_Z,Not Applicable,2018,23.4109,MEAN,Mean,ITU_DH,ITU DataHub,0,Units,RATIO,Ratio,602,CCYY,A,Normal value,PU,Public
datastructure,WB.DATA360:DS_DATA360(1.2),I,A,Annual,PRY,Paraguay,ITU_DH_INV_COMP,Percentage of individuals using a computer (ITU),_T,Total,_T,All age ranges or no breakdown by age,_T,Total,PT_HH,Percentage of households,_Z,Not Applicable,_Z,Not Applicable,_Z,Not Applicable,2019,24.3114,MEAN,Mean,ITU_DH,ITU DataHub,0,Units,RATIO,Ratio,602,CCYY,A,Normal value,PU,Public
datastructure,WB.DATA360:DS_DATA360(1.2),I,A,Annual,PRY,Paraguay,ITU_DH_INV_COMP,Percentage of individuals using a computer (ITU),_T,Total,_T,All age ranges or no breakdown by age,_T,Total,PT_HH,Percentage of households,_Z,Not Applicable,_Z,Not Applicable,_Z,Not Applicable,2020,21.2896,MEAN,Mean,ITU_DH,ITU DataHub,0,Units,RATIO,Ratio,602,CCYY,A,Normal value,PU,Public
datastructure,WB.DATA360:DS_DATA360(1.2),I,A,Annual,PRY,Paraguay,ITU_DH_INV_COMP,Percentage of individuals using a computer (ITU),_T,Total,_T,All age ranges or no breakdown by age,_T,Total,PT_HH,Percentage of households,_Z,Not Applicable,_Z,Not Applicable,_Z,Not Applicable,2022,23.8978,MEAN,Mean,ITU_DH,ITU DataHub,0,Units,RATIO,Ratio,602,CCYY,A,Normal value,PU,Public
datastructure,WB.DATA360:DS_DATA360(1.2),I,A,Annual,PRY,Paraguay,ITU_DH_INV_COMP,Percentage of individuals using a computer (ITU),_T,Total,_T,All age ranges or no breakdown by age,_T,Total,PT_HH,Percentage of households,_Z,Not Applicable,_Z,Not Applicable,_Z,Not Applicable,2023,23.5264,MEAN,Mean,ITU_DH,ITU DataHub,0,Units,RATIO,Ratio,602,CCYY,A,Normal value,PU,Public
datastructure,WB.DATA360:DS_DATA360(1.2),I,A,Annual,PRY,Paraguay,ITU_DH_INV_COMP,Percentage of individuals using a computer (ITU),_T,Total,_T,All age ranges or no breakdown by age,_T,Total,PT_HH,Percentage of households,_Z,Not Applicable,_Z,Not Applicable,_Z,Not Applicable,2024,26.1042,MEAN,Mean,ITU_DH,ITU DataHub,0,Units,RATIO,Ratio,602,CCYY,A,Normal value,PU,Public
datastructure,WB.DATA360:DS_DATA360(1.2),I,A,Annual,PER,Peru,ITU_DH_INV_COMP,Percentage of individuals using a computer (ITU),_T,Total,_T,All age ranges or no breakdown by age,_T,Total,PT_HH,Percentage of households,_Z,Not Applicable,_Z,Not Applicable,_Z,Not Applicable,2018,38.067,MEAN,Mean,ITU_DH,ITU DataHub,0,Units,RATIO,Ratio,602,CCYY,A,Normal value,PU,Public
datastructure,WB.DATA360:DS_DATA360(1.2),I,A,Annual,PER,Peru,ITU_DH_INV_COMP,Percentage of individuals using a computer (ITU),_T,Total,_T,All age ranges or no breakdown by age,_T,Total,PT_HH,Percentage of households,_Z,Not Applicable,_Z,Not Applicable,_Z,Not Applicable,2019,36.8415,MEAN,Mean,ITU_DH,ITU DataHub,0,Units,RATIO,Ratio,602,CCYY,A,Normal value,PU,Public
datastructure,WB.DATA360:DS_DATA360(1.2),I,A,Annual,PER,Peru,ITU_DH_INV_COMP,Percentage of individuals using a computer (ITU),_T,Total,_T,All age ranges or no breakdown by age,_T,Total,PT_HH,Percentage of households,_Z,Not Applicable,_Z,Not Applicable,_Z,Not Applicable,2022,28.6887,MEAN,Mean,ITU_DH,ITU DataHub,0,Units,RATIO,Ratio,602,CCYY,A,Normal value,PU,Public
datastructure,WB.DATA360:DS_DATA360(1.2),I,A,Annual,PER,Peru,ITU_DH_INV_COMP,Percentage of individuals using a computer (ITU),_T,Total,_T,All age ranges or no breakdown by age,_T,Total,PT_HH,Percentage of households,_Z,Not Applicable,_Z,Not Applicable,_Z,Not Applicable,2023,29.8932,MEAN,Mean,ITU_DH,ITU DataHub,0,Units,RATIO,Ratio,602,CCYY,A,Normal value,PU,Public
datastructure,WB.DATA360:DS_DATA360(1.2),I,A,Annual,PER,Peru,ITU_DH_INV_COMP,Percentage of individuals using a computer (ITU),_T,Total,_T,All age ranges or no breakdown by age,_T,Total,PT_HH,Percentage of households,_Z,Not Applicable,_Z,Not Applicable,_Z,Not Applicable,2024,29.0544,MEAN,Mean,ITU_DH,ITU DataHub,0,Units,RATIO,Ratio,602,CCYY,A,Normal value,PU,Public
datastructure,WB.DATA360:DS_DATA360(1.2),I,A,Annual,PRI,Puerto Rico,ITU_DH_INV_COMP,Percentage of individuals using a computer (ITU),_T,Total,_T,All age ranges or no breakdown by age,_T,Total,PT_HH,Percentage of households,_Z,Not Applicable,_Z,Not Applicable,_Z,Not Applicable,2010,64.9108,MEAN,Mean,ITU_DH,ITU DataHub,0,Units,RATIO,Ratio,602,CCYY,A,Normal value,PU,Public
datastructure,WB.DATA360:DS_DATA360(1.2),I,A,Annual,PRI,Puerto Rico,ITU_DH_INV_COMP,Percentage of individuals using a computer (ITU),_T,Total,_T,All age ranges or no breakdown by age,_T,Total,PT_HH,Percentage of households,_Z,Not Applicable,_Z,Not Applicable,_Z,Not Applicable,2014,66.9121,MEAN,Mean,ITU_DH,ITU DataHub,0,Units,RATIO,Ratio,602,CCYY,A,Normal value,PU,Public
datastructure,WB.DATA360:DS_DATA360(1.2),I,A,Annual,QAT,Qatar,ITU_DH_INV_COMP,Percentage of individuals using a computer (ITU),_T,Total,_T,All age ranges or no breakdown by age,_T,Total,PT_HH,Percentage of households,_Z,Not Applicable,_Z,Not Applicable,_Z,Not Applicable,2008,70.2402,MEAN,Mean,ITU_DH,ITU DataHub,0,Units,RATIO,Ratio,602,CCYY,A,Normal value,PU,Public
datastructure,WB.DATA360:DS_DATA360(1.2),I,A,Annual,QAT,Qatar,ITU_DH_INV_COMP,Percentage of individuals using a computer (ITU),_T,Total,_T,All age ranges or no breakdown by age,_T,Total,PT_HH,Percentage of households,_Z,Not Applicable,_Z,Not Applicable,_Z,Not Applicable,2009,77.4058,MEAN,Mean,ITU_DH,ITU DataHub,0,Units,RATIO,Ratio,602,CCYY,A,Normal value,PU,Public
datastructure,WB.DATA360:DS_DATA360(1.2),I,A,Annual,QAT,Qatar,ITU_DH_INV_COMP,Percentage of individuals using a computer (ITU),_T,Total,_T,All age ranges or no breakdown by age,_T,Total,PT_HH,Percentage of households,_Z,Not Applicable,_Z,Not Applicable,_Z,Not Applicable,2010,84.5714,MEAN,Mean,ITU_DH,ITU DataHub,0,Units,RATIO,Ratio,602,CCYY,A,Normal value,PU,Public
datastructure,WB.DATA360:DS_DATA360(1.2),I,A,Annual,QAT,Qatar,ITU_DH_INV_COMP,Percentage of individuals using a computer (ITU),_T,Total,_T,All age ranges or no breakdown by age,_T,Total,PT_HH,Percentage of households,_Z,Not Applicable,_Z,Not Applicable,_Z,Not Applicable,2011,86.571,MEAN,Mean,ITU_DH,ITU DataHub,0,Units,RATIO,Ratio,602,CCYY,A,Normal value,PU,Public
datastructure,WB.DATA360:DS_DATA360(1.2),I,A,Annual,QAT,Qatar,ITU_DH_INV_COMP,Percentage of individuals using a computer (ITU),_T,Total,_T,All age ranges or no breakdown by age,_T,Total,PT_HH,Percentage of households,_Z,Not Applicable,_Z,Not Applicable,_Z,Not Applicable,2012,86.9082,MEAN,Mean,ITU_DH,ITU DataHub,0,Units,RATIO,Ratio,602,CCYY,A,Normal value,PU,Public
datastructure,WB.DATA360:DS_DATA360(1.2),I,A,Annual,QAT,Qatar,ITU_DH_INV_COMP,Percentage of individuals using a computer (ITU),_T,Total,_T,All age ranges or no breakdown by age,_T,Total,PT_HH,Percentage of households,_Z,Not Applicable,_Z,Not Applicable,_Z,Not Applicable,2013,95.0734,MEAN,Mean,ITU_DH,ITU DataHub,0,Units,RATIO,Ratio,602,CCYY,A,Normal value,PU,Public
datastructure,WB.DATA360:DS_DATA360(1.2),I,A,Annual,QAT,Qatar,ITU_DH_INV_COMP,Percentage of individuals using a computer (ITU),_T,Total,_T,All age ranges or no breakdown by age,_T,Total,PT_HH,Percentage of households,_Z,Not Applicable,_Z,Not Applicable,_Z,Not Applicable,2015,87.4593,MEAN,Mean,ITU_DH,ITU DataHub,0,Units,RATIO,Ratio,602,CCYY,A,Normal value,PU,Public
datastructure,WB.DATA360:DS_DATA360(1.2),I,A,Annual,QAT,Qatar,ITU_DH_INV_COMP,Percentage of individuals using a computer (ITU),_T,Total,_T,All age ranges or no breakdown by age,_T,Total,PT_HH,Percentage of households,_Z,Not Applicable,_Z,Not Applicable,_Z,Not Applicable,2016,86.2708,MEAN,Mean,ITU_DH,ITU DataHub,0,Units,RATIO,Ratio,602,CCYY,A,Normal value,PU,Public
datastructure,WB.DATA360:DS_DATA360(1.2),I,A,Annual,QAT,Qatar,ITU_DH_INV_COMP,Percentage of individuals using a computer (ITU),_T,Total,_T,All age ranges or no breakdown by age,_T,Total,PT_HH,Percentage of households,_Z,Not Applicable,_Z,Not Applicable,_Z,Not Applicable,2017,85.0595,MEAN,Mean,ITU_DH,ITU DataHub,0,Units,RATIO,Ratio,602,CCYY,A,Normal value,PU,Public
datastructure,WB.DATA360:DS_DATA360(1.2),I,A,Annual,QAT,Qatar,ITU_DH_INV_COMP,Percentage of individuals using a computer (ITU),_T,Total,_T,All age ranges or no breakdown by age,_T,Total,PT_HH,Percentage of households,_Z,Not Applicable,_Z,Not Applicable,_Z,Not Applicable,2018,83.8483,MEAN,Mean,ITU_DH,ITU DataHub,0,Units,RATIO,Ratio,602,CCYY,A,Normal value,PU,Public
datastructure,WB.DATA360:DS_DATA360(1.2),I,A,Annual,QAT,Qatar,ITU_DH_INV_COMP,Percentage of individuals using a computer (ITU),_T,Total,_T,All age ranges or no breakdown by age,_T,Total,PT_HH,Percentage of households,_Z,Not Applicable,_Z,Not Applicable,_Z,Not Applicable,2019,82.6186,MEAN,Mean,ITU_DH,ITU DataHub,0,Units,RATIO,Ratio,602,CCYY,A,Normal value,PU,Public
datastructure,WB.DATA360:DS_DATA360(1.2),I,A,Annual,QAT,Qatar,ITU_DH_INV_COMP,Percentage of individuals using a computer (ITU),_T,Total,_T,All age ranges or no breakdown by age,_T,Total,PT_HH,Percentage of households,_Z,Not Applicable,_Z,Not Applicable,_Z,Not Applicable,2020,81.4353,MEAN,Mean,ITU_DH,ITU DataHub,0,Units,RATIO,Ratio,602,CCYY,A,Normal value,PU,Public
datastructure,WB.DATA360:DS_DATA360(1.2),I,A,Annual,ROU,Romania,ITU_DH_INV_COMP,Percentage of individuals using a computer (ITU),_T,Total,_T,All age ranges or no breakdown by age,_T,Total,PT_HH,Percentage of households,_Z,Not Applicable,_Z,Not Applicable,_Z,Not Applicable,2006,33.3588,MEAN,Mean,ITU_DH,ITU DataHub,0,Units,RATIO,Ratio,602,CCYY,A,Normal value,PU,Public
datastructure,WB.DATA360:DS_DATA360(1.2),I,A,Annual,ROU,Romania,ITU_DH_INV_COMP,Percentage of individuals using a computer (ITU),_T,Total,_T,All age ranges or no breakdown by age,_T,Total,PT_HH,Percentage of households,_Z,Not Applicable,_Z,Not Applicable,_Z,Not Applicable,2007,38.4734,MEAN,Mean,ITU_DH,ITU DataHub,0,Units,RATIO,Ratio,602,CCYY,A,Normal value,PU,Public
datastructure,WB.DATA360:DS_DATA360(1.2),I,A,Annual,ROU,Romania,ITU_DH_INV_COMP,Percentage of individuals using a computer (ITU),_T,Total,_T,All age ranges or no breakdown by age,_T,Total,PT_HH,Percentage of households,_Z,Not Applicable,_Z,Not Applicable,_Z,Not Applicable,2008,38.2665,MEAN,Mean,ITU_DH,ITU DataHub,0,Units,RATIO,Ratio,602,CCYY,A,Normal value,PU,Public
datastructure,WB.DATA360:DS_DATA360(1.2),I,A,Annual,ROU,Romania,ITU_DH_INV_COMP,Percentage of individuals using a computer (ITU),_T,Total,_T,All age ranges or no breakdown by age,_T,Total,PT_HH,Percentage of households,_Z,Not Applicable,_Z,Not Applicable,_Z,Not Applicable,2009,43.5064,MEAN,Mean,ITU_DH,ITU DataHub,0,Units,RATIO,Ratio,602,CCYY,A,Normal value,PU,Public
datastructure,WB.DATA360:DS_DATA360(1.2),I,A,Annual,ROU,Romania,ITU_DH_INV_COMP,Percentage of individuals using a computer (ITU),_T,Total,_T,All age ranges or no breakdown by age,_T,Total,PT_HH,Percentage of households,_Z,Not Applicable,_Z,Not Applicable,_Z,Not Applicable,2010,45.7525,MEAN,Mean,ITU_DH,ITU DataHub,0,Units,RATIO,Ratio,602,CCYY,A,Normal value,PU,Public
datastructure,WB.DATA360:DS_DATA360(1.2),I,A,Annual,ROU,Romania,ITU_DH_INV_COMP,Percentage of individuals using a computer (ITU),_T,Total,_T,All age ranges or no breakdown by age,_T,Total,PT_HH,Percentage of households,_Z,Not Applicable,_Z,Not Applicable,_Z,Not Applicable,2011,42.55,MEAN,Mean,ITU_DH,ITU DataHub,0,Units,RATIO,Ratio,602,CCYY,A,Normal value,PU,Public
datastructure,WB.DATA360:DS_DATA360(1.2),I,A,Annual,ROU,Romania,ITU_DH_INV_COMP,Percentage of individuals using a computer (ITU),_T,Total,_T,All age ranges or no breakdown by age,_T,Total,PT_HH,Percentage of households,_Z,Not Applicable,_Z,Not Applicable,_Z,Not Applicable,2012,47.9571,MEAN,Mean,ITU_DH,ITU DataHub,0,Units,RATIO,Ratio,602,CCYY,A,Normal value,PU,Public
datastructure,WB.DATA360:DS_DATA360(1.2),I,A,Annual,ROU,Romania,ITU_DH_INV_COMP,Percentage of individuals using a computer (ITU),_T,Total,_T,All age ranges or no breakdown by age,_T,Total,PT_HH,Percentage of households,_Z,Not Applicable,_Z,Not Applicable,_Z,Not Applicable,2013,50.4643,MEAN,Mean,ITU_DH,ITU DataHub,0,Units,RATIO,Ratio,602,CCYY,A,Normal value,PU,Public
datastructure,WB.DATA360:DS_DATA360(1.2),I,A,Annual,ROU,Romania,ITU_DH_INV_COMP,Percentage of individuals using a computer (ITU),_T,Total,_T,All age ranges or no breakdown by age,_T,Total,PT_HH,Percentage of households,_Z,Not Applicable,_Z,Not Applicable,_Z,Not Applicable,2014,55.2679,MEAN,Mean,ITU_DH,ITU DataHub,0,Units,RATIO,Ratio,602,CCYY,A,Normal value,PU,Public
datastructure,WB.DATA360:DS_DATA360(1.2),I,A,Annual,ROU,Romania,ITU_DH_INV_COMP,Percentage of individuals using a computer (ITU),_T,Total,_T,All age ranges or no breakdown by age,_T,Total,PT_HH,Percentage of households,_Z,Not Applicable,_Z,Not Applicable,_Z,Not Applicable,2015,57.068,MEAN,Mean,ITU_DH,ITU DataHub,0,Units,RATIO,Ratio,602,CCYY,A,Normal value,PU,Public
datastructure,WB.DATA360:DS_DATA360(1.2),I,A,Annual,ROU,Romania,ITU_DH_INV_COMP,Percentage of individuals using a computer (ITU),_T,Total,_T,All age ranges or no breakdown by age,_T,Total,PT_HH,Percentage of households,_Z,Not Applicable,_Z,Not Applicable,_Z,Not Applicable,2018,52.2254,MEAN,Mean,ITU_DH,ITU DataHub,0,Units,RATIO,Ratio,602,CCYY,A,Normal value,PU,Public
datastructure,WB.DATA360:DS_DATA360(1.2),I,A,Annual,ROU,Romania,ITU_DH_INV_COMP,Percentage of individuals using a computer (ITU),_T,Total,_T,All age ranges or no breakdown by age,_T,Total,PT_HH,Percentage of households,_Z,Not Applicable,_Z,Not Applicable,_Z,Not Applicable,2019,32.0864,MEAN,Mean,ITU_DH,ITU DataHub,0,Units,RATIO,Ratio,602,CCYY,A,Normal value,PU,Public
datastructure,WB.DATA360:DS_DATA360(1.2),I,A,Annual,RUS,Russian Federation,ITU_DH_INV_COMP,Percentage of individuals using a computer (ITU),_T,Total,_T,All age ranges or no breakdown by age,_T,Total,PT_HH,Percentage of households,_Z,Not Applicable,_Z,Not Applicable,_Z,Not Applicable,2009,52.8349,MEAN,Mean,ITU_DH,ITU DataHub,0,Units,RATIO,Ratio,602,CCYY,A,Normal value,PU,Public
datastructure,WB.DATA360:DS_DATA360(1.2),I,A,Annual,RUS,Russian Federation,ITU_DH_INV_COMP,Percentage of individuals using a computer (ITU),_T,Total,_T,All age ranges or no breakdown by age,_T,Total,PT_HH,Percentage of households,_Z,Not Applicable,_Z,Not Applicable,_Z,Not Applicable,2013,69.3188,MEAN,Mean,ITU_DH,ITU DataHub,0,Units,RATIO,Ratio,602,CCYY,A,Normal value,PU,Public
datastructure,WB.DATA360:DS_DATA360(1.2),I,A,Annual,RUS,Russian Federation,ITU_DH_INV_COMP,Percentage of individuals using a computer (ITU),_T,Total,_T,All age ranges or no breakdown by age,_T,Total,PT_HH,Percentage of households,_Z,Not Applicable,_Z,Not Applicable,_Z,Not Applicable,2014,67.1665,MEAN,Mean,ITU_DH,ITU DataHub,0,Units,RATIO,Ratio,602,CCYY,A,Normal value,PU,Public
datastructure,WB.DATA360:DS_DATA360(1.2),I,A,Annual,RUS,Russian Federation,ITU_DH_INV_COMP,Percentage of individuals using a computer (ITU),_T,Total,_T,All age ranges or no breakdown by age,_T,Total,PT_HH,Percentage of households,_Z,Not Applicable,_Z,Not Applicable,_Z,Not Applicable,2015,69.333,MEAN,Mean,ITU_DH,ITU DataHub,0,Units,RATIO,Ratio,602,CCYY,A,Normal value,PU,Public
datastructure,WB.DATA360:DS_DATA360(1.2),I,A,Annual,RUS,Russian Federation,ITU_DH_INV_COMP,Percentage of individuals using a computer (ITU),_T,Total,_T,All age ranges or no breakdown by age,_T,Total,PT_HH,Percentage of households,_Z,Not Applicable,_Z,Not Applicable,_Z,Not Applicable,2016,70.8632,MEAN,Mean,ITU_DH,ITU DataHub,0,Units,RATIO,Ratio,602,CCYY,A,Normal value,PU,Public
datastructure,WB.DATA360:DS_DATA360(1.2),I,A,Annual,RUS,Russian Federation,ITU_DH_INV_COMP,Percentage of individuals using a computer (ITU),_T,Total,_T,All age ranges or no breakdown by age,_T,Total,PT_HH,Percentage of households,_Z,Not Applicable,_Z,Not Applicable,_Z,Not Applicable,2017,71.831,MEAN,Mean,ITU_DH,ITU DataHub,0,Units,RATIO,Ratio,602,CCYY,A,Normal value,PU,Public
datastructure,WB.DATA360:DS_DATA360(1.2),I,A,Annual,RUS,Russian Federation,ITU_DH_INV_COMP,Percentage of individuals using a computer (ITU),_T,Total,_T,All age ranges or no breakdown by age,_T,Total,PT_HH,Percentage of households,_Z,Not Applicable,_Z,Not Applicable,_Z,Not Applicable,2018,73.9831,MEAN,Mean,ITU_DH,ITU DataHub,0,Units,RATIO,Ratio,602,CCYY,A,Normal value,PU,Public
datastructure,WB.DATA360:DS_DATA360(1.2),I,A,Annual,RUS,Russian Federation,ITU_DH_INV_COMP,Percentage of individuals using a computer (ITU),_T,Total,_T,All age ranges or no breakdown by age,_T,Total,PT_HH,Percentage of households,_Z,Not Applicable,_Z,Not Applicable,_Z,Not Applicable,2019,72.0334,MEAN,Mean,ITU_DH,ITU DataHub,0,Units,RATIO,Ratio,602,CCYY,A,Normal value,PU,Public
datastructure,WB.DATA360:DS_DATA360(1.2),I,A,Annual,RUS,Russian Federation,ITU_DH_INV_COMP,Percentage of individuals using a computer (ITU),_T,Total,_T,All age ranges or no breakdown by age,_T,Total,PT_HH,Percentage of households,_Z,Not Applicable,_Z,Not Applicable,_Z,Not Applicable,2020,72.0895,MEAN,Mean,ITU_DH,ITU DataHub,0,Units,RATIO,Ratio,602,CCYY,A,Normal value,PU,Public
datastructure,WB.DATA360:DS_DATA360(1.2),I,A,Annual,RUS,Russian Federation,ITU_DH_INV_COMP,Percentage of individuals using a computer (ITU),_T,Total,_T,All age ranges or no breakdown by age,_T,Total,PT_HH,Percentage of households,_Z,Not Applicable,_Z,Not Applicable,_Z,Not Applicable,2021,79.401,MEAN,Mean,ITU_DH,ITU DataHub,0,Units,RATIO,Ratio,602,CCYY,A,Normal value,PU,Public
datastructure,WB.DATA360:DS_DATA360(1.2),I,A,Annual,RUS,Russian Federation,ITU_DH_INV_COMP,Percentage of individuals using a computer (ITU),_T,Total,_T,All age ranges or no breakdown by age,_T,Total,PT_HH,Percentage of households,_Z,Not Applicable,_Z,Not Applicable,_Z,Not Applicable,2022,80.4336,MEAN,Mean,ITU_DH,ITU DataHub,0,Units,RATIO,Ratio,602,CCYY,A,Normal value,PU,Public
datastructure,WB.DATA360:DS_DATA360(1.2),I,A,Annual,RUS,Russian Federation,ITU_DH_INV_COMP,Percentage of individuals using a computer (ITU),_T,Total,_T,All age ranges or no breakdown by age,_T,Total,PT_HH,Percentage of households,_Z,Not Applicable,_Z,Not Applicable,_Z,Not Applicable,2023,73.8916,MEAN,Mean,ITU_DH,ITU DataHub,0,Units,RATIO,Ratio,602,CCYY,A,Normal value,PU,Public
datastructure,WB.DATA360:DS_DATA360(1.2),I,A,Annual,RUS,Russian Federation,ITU_DH_INV_COMP,Percentage of individuals using a computer (ITU),_T,Total,_T,All age ranges or no breakdown by age,_T,Total,PT_HH,Percentage of households,_Z,Not Applicable,_Z,Not Applicable,_Z,Not Applicable,2024,72.9643,MEAN,Mean,ITU_DH,ITU DataHub,0,Units,RATIO,Ratio,602,CCYY,A,Normal value,PU,Public
datastructure,WB.DATA360:DS_DATA360(1.2),I,A,Annual,SWE,Sweden,ITU_DH_INV_COMP,Percentage of individuals using a computer (ITU),_T,Total,_T,All age ranges or no breakdown by age,_T,Total,PT_HH,Percentage of households,_Z,Not Applicable,_Z,Not Applicable,_Z,Not Applicable,2002,76.1805,MEAN,Mean,ITU_DH,ITU DataHub,0,Units,RATIO,Ratio,602,CCYY,A,Normal value,PU,Public
datastructure,WB.DATA360:DS_DATA360(1.2),I,A,Annual,SWE,Sweden,ITU_DH_INV_COMP,Percentage of individuals using a computer (ITU),_T,Total,_T,All age ranges or no breakdown by age,_T,Total,PT_HH,Percentage of households,_Z,Not Applicable,_Z,Not Applicable,_Z,Not Applicable,2003,80.7132,MEAN,Mean,ITU_DH,ITU DataHub,0,Units,RATIO,Ratio,602,CCYY,A,Normal value,PU,Public
datastructure,WB.DATA360:DS_DATA360(1.2),I,A,Annual,SWE,Sweden,ITU_DH_INV_COMP,Percentage of individuals using a computer (ITU),_T,Total,_T,All age ranges or no breakdown by age,_T,Total,PT_HH,Percentage of households,_Z,Not Applicable,_Z,Not Applicable,_Z,Not Applicable,2004,88.1129,MEAN,Mean,ITU_DH,ITU DataHub,0,Units,RATIO,Ratio,602,CCYY,A,Normal value,PU,Public
datastructure,WB.DATA360:DS_DATA360(1.2),I,A,Annual,SWE,Sweden,ITU_DH_INV_COMP,Percentage of individuals using a computer (ITU),_T,Total,_T,All age ranges or no breakdown by age,_T,Total,PT_HH,Percentage of households,_Z,Not Applicable,_Z,Not Applicable,_Z,Not Applicable,2005,87.0231,MEAN,Mean,ITU_DH,ITU DataHub,0,Units,RATIO,Ratio,602,CCYY,A,Normal value,PU,Public
datastructure,WB.DATA360:DS_DATA360(1.2),I,A,Annual,SWE,Sweden,ITU_DH_INV_COMP,Percentage of individuals using a computer (ITU),_T,Total,_T,All age ranges or no breakdown by age,_T,Total,PT_HH,Percentage of households,_Z,Not Applicable,_Z,Not Applicable,_Z,Not Applicable,2006,90.1765,MEAN,Mean,ITU_DH,ITU DataHub,0,Units,RATIO,Ratio,602,CCYY,A,Normal value,PU,Public
datastructure,WB.DATA360:DS_DATA360(1.2),I,A,Annual,SWE,Sweden,ITU_DH_INV_COMP,Percentage of individuals using a computer (ITU),_T,Total,_T,All age ranges or no breakdown by age,_T,Total,PT_HH,Percentage of households,_Z,Not Applicable,_Z,Not Applicable,_Z,Not Applicable,2007,89.3942,MEAN,Mean,ITU_DH,ITU DataHub,0,Units,RATIO,Ratio,602,CCYY,A,Normal value,PU,Public
datastructure,WB.DATA360:DS_DATA360(1.2),I,A,Annual,SWE,Sweden,ITU_DH_INV_COMP,Percentage of individuals using a computer (ITU),_T,Total,_T,All age ranges or no breakdown by age,_T,Total,PT_HH,Percentage of households,_Z,Not Applicable,_Z,Not Applicable,_Z,Not Applicable,2008,90.4832,MEAN,Mean,ITU_DH,ITU DataHub,0,Units,RATIO,Ratio,602,CCYY,A,Normal value,PU,Public
datastructure,WB.DATA360:DS_DATA360(1.2),I,A,Annual,SWE,Sweden,ITU_DH_INV_COMP,Percentage of individuals using a computer (ITU),_T,Total,_T,All age ranges or no breakdown by age,_T,Total,PT_HH,Percentage of households,_Z,Not Applicable,_Z,Not Applicable,_Z,Not Applicable,2009,91.8403,MEAN,Mean,ITU_DH,ITU DataHub,0,Units,RATIO,Ratio,602,CCYY,A,Normal value,PU,Public
datastructure,WB.DATA360:DS_DATA360(1.2),I,A,Annual,SWE,Sweden,ITU_DH_INV_COMP,Percentage of individuals using a computer (ITU),_T,Total,_T,All age ranges or no breakdown by age,_T,Total,PT_HH,Percentage of households,_Z,Not Applicable,_Z,Not Applicable,_Z,Not Applicable,2010,92.739,MEAN,Mean,ITU_DH,ITU DataHub,0,Units,RATIO,Ratio,602,CCYY,A,Normal value,PU,Public
datastructure,WB.DATA360:DS_DATA360(1.2),I,A,Annual,SWE,Sweden,ITU_DH_INV_COMP,Percentage of individuals using a computer (ITU),_T,Total,_T,All age ranges or no breakdown by age,_T,Total,PT_HH,Percentage of households,_Z,Not Applicable,_Z,Not Applicable,_Z,Not Applicable,2011,93.24,MEAN,Mean,ITU_DH,ITU DataHub,0,Units,RATIO,Ratio,602,CCYY,A,Normal value,PU,Public
datastructure,WB.DATA360:DS_DATA360(1.2),I,A,Annual,SWE,Sweden,ITU_DH_INV_COMP,Percentage of individuals using a computer (ITU),_T,Total,_T,All age ranges or no breakdown by age,_T,Total,PT_HH,Percentage of households,_Z,Not Applicable,_Z,Not Applicable,_Z,Not Applicable,2012,93.1684,MEAN,Mean,ITU_DH,ITU DataHub,0,Units,RATIO,Ratio,602,CCYY,A,Normal value,PU,Public
datastructure,WB.DATA360:DS_DATA360(1.2),I,A,Annual,SWE,Sweden,ITU_DH_INV_COMP,Percentage of individuals using a computer (ITU),_T,Total,_T,All age ranges or no breakdown by age,_T,Total,PT_HH,Percentage of households,_Z,Not Applicable,_Z,Not Applicable,_Z,Not Applicable,2013,95.028,MEAN,Mean,ITU_DH,ITU DataHub,0,Units,RATIO,Ratio,602,CCYY,A,Normal value,PU,Public
datastructure,WB.DATA360:DS_DATA360(1.2),I,A,Annual,SWE,Sweden,ITU_DH_INV_COMP,Percentage of individuals using a computer (ITU),_T,Total,_T,All age ranges or no breakdown by age,_T,Total,PT_HH,Percentage of households,_Z,Not Applicable,_Z,Not Applicable,_Z,Not Applicable,2014,93.3407,MEAN,Mean,ITU_DH,ITU DataHub,0,Units,RATIO,Ratio,602,CCYY,A,Normal value,PU,Public
datastructure,WB.DATA360:DS_DATA360(1.2),I,A,Annual,SWE,Sweden,ITU_DH_INV_COMP,Percentage of individuals using a computer (ITU),_T,Total,_T,All age ranges or no breakdown by age,_T,Total,PT_HH,Percentage of households,_Z,Not Applicable,_Z,Not Applicable,_Z,Not Applicable,2015,90.5048,MEAN,Mean,ITU_DH,ITU DataHub,0,Units,RATIO,Ratio,602,CCYY,A,Normal value,PU,Public
datastructure,WB.DATA360:DS_DATA360(1.2),I,A,Annual,SWE,Sweden,ITU_DH_INV_COMP,Percentage of individuals using a computer (ITU),_T,Total,_T,All age ranges or no breakdown by age,_T,Total,PT_HH,Percentage of households,_Z,Not Applicable,_Z,Not Applicable,_Z,Not Applicable,2017,83.7806,MEAN,Mean,ITU_DH,ITU DataHub,0,Units,RATIO,Ratio,602,CCYY,A,Normal value,PU,Public
datastructure,WB.DATA360:DS_DATA360(1.2),I,A,Annual,SEN,Senegal,ITU_DH_INV_COMP,Percentage of individuals using a computer (ITU),_T,Total,_T,All age ranges or no breakdown by age,_T,Total,PT_HH,Percentage of households,_Z,Not Applicable,_Z,Not Applicable,_Z,Not Applicable,2009,29.9446,MEAN,Mean,ITU_DH,ITU DataHub,0,Units,RATIO,Ratio,602,CCYY,A,Normal value,PU,Public
datastructure,WB.DATA360:DS_DATA360(1.2),I,A,Annual,SLV,El Salvador,ITU_DH_INV_COMP,Percentage of individuals using a computer (ITU),_T,Total,_T,All age ranges or no breakdown by age,_T,Total,PT_HH,Percentage of households,_Z,Not Applicable,_Z,Not Applicable,_Z,Not Applicable,2010,17.1567,MEAN,Mean,ITU_DH,ITU DataHub,0,Units,RATIO,Ratio,602,CCYY,A,Normal value,PU,Public
datastructure,WB.DATA360:DS_DATA360(1.2),I,A,Annual,SLV,El Salvador,ITU_DH_INV_COMP,Percentage of individuals using a computer (ITU),_T,Total,_T,All age ranges or no breakdown by age,_T,Total,PT_HH,Percentage of households,_Z,Not Applicable,_Z,Not Applicable,_Z,Not Applicable,2011,21.5291,MEAN,Mean,ITU_DH,ITU DataHub,0,Units,RATIO,Ratio,602,CCYY,A,Normal value,PU,Public
datastructure,WB.DATA360:DS_DATA360(1.2),I,A,Annual,SLV,El Salvador,ITU_DH_INV_COMP,Percentage of individuals using a computer (ITU),_T,Total,_T,All age ranges or no breakdown by age,_T,Total,PT_HH,Percentage of households,_Z,Not Applicable,_Z,Not Applicable,_Z,Not Applicable,2012,23.7497,MEAN,Mean,ITU_DH,ITU DataHub,0,Units,RATIO,Ratio,602,CCYY,A,Normal value,PU,Public
datastructure,WB.DATA360:DS_DATA360(1.2),I,A,Annual,SLV,El Salvador,ITU_DH_INV_COMP,Percentage of individuals using a computer (ITU),_T,Total,_T,All age ranges or no breakdown by age,_T,Total,PT_HH,Percentage of households,_Z,Not Applicable,_Z,Not Applicable,_Z,Not Applicable,2013,27.1453,MEAN,Mean,ITU_DH,ITU DataHub,0,Units,RATIO,Ratio,602,CCYY,A,Normal value,PU,Public
datastructure,WB.DATA360:DS_DATA360(1.2),I,A,Annual,SLV,El Salvador,ITU_DH_INV_COMP,Percentage of individuals using a computer (ITU),_T,Total,_T,All age ranges or no breakdown by age,_T,Total,PT_HH,Percentage of households,_Z,Not Applicable,_Z,Not Applicable,_Z,Not Applicable,2014,26.6875,MEAN,Mean,ITU_DH,ITU DataHub,0,Units,RATIO,Ratio,602,CCYY,A,Normal value,PU,Public
datastructure,WB.DATA360:DS_DATA360(1.2),I,A,Annual,SLV,El Salvador,ITU_DH_INV_COMP,Percentage of individuals using a computer (ITU),_T,Total,_T,All age ranges or no breakdown by age,_T,Total,PT_HH,Percentage of households,_Z,Not Applicable,_Z,Not Applicable,_Z,Not Applicable,2017,19.2811,MEAN,Mean,ITU_DH,ITU DataHub,0,Units,RATIO,Ratio,602,CCYY,A,Normal value,PU,Public
datastructure,WB.DATA360:DS_DATA360(1.2),I,A,Annual,SLV,El Salvador,ITU_DH_INV_COMP,Percentage of individuals using a computer (ITU),_T,Total,_T,All age ranges or no breakdown by age,_T,Total,PT_HH,Percentage of households,_Z,Not Applicable,_Z,Not Applicable,_Z,Not Applicable,2019,20.2762,MEAN,Mean,ITU_DH,ITU DataHub,0,Units,RATIO,Ratio,602,CCYY,A,Normal value,PU,Public
datastructure,WB.DATA360:DS_DATA360(1.2),I,A,Annual,SLV,El Salvador,ITU_DH_INV_COMP,Percentage of individuals using a computer (ITU),_T,Total,_T,All age ranges or no breakdown by age,_T,Total,PT_HH,Percentage of households,_Z,Not Applicable,_Z,Not Applicable,_Z,Not Applicable,2020,18.6753,MEAN,Mean,ITU_DH,ITU DataHub,0,Units,RATIO,Ratio,602,CCYY,A,Normal value,PU,Public
datastructure,WB.DATA360:DS_DATA360(1.2),I,A,Annual,SGP,Singapore,ITU_DH_INV_COMP,Percentage of individuals using a computer (ITU),_T,Total,_T,All age ranges or no breakdown by age,_T,Total,PT_HH,Percentage of households,_Z,Not Applicable,_Z,Not Applicable,_Z,Not Applicable,2009,69.7061,MEAN,Mean,ITU_DH,ITU DataHub,0,Units,RATIO,Ratio,602,CCYY,A,Normal value,PU,Public
datastructure,WB.DATA360:DS_DATA360(1.2),I,A,Annual,SGP,Singapore,ITU_DH_INV_COMP,Percentage of individuals using a computer (ITU),_T,Total,_T,All age ranges or no breakdown by age,_T,Total,PT_HH,Percentage of households,_Z,Not Applicable,_Z,Not Applicable,_Z,Not Applicable,2014,73.6338,MEAN,Mean,ITU_DH,ITU DataHub,0,Units,RATIO,Ratio,602,CCYY,A,Normal value,PU,Public
datastructure,WB.DATA360:DS_DATA360(1.2),I,A,Annual,SGP,Singapore,ITU_DH_INV_COMP,Percentage of individuals using a computer (ITU),_T,Total,_T,All age ranges or no breakdown by age,_T,Total,PT_HH,Percentage of households,_Z,Not Applicable,_Z,Not Applicable,_Z,Not Applicable,2017,73.4976,MEAN,Mean,ITU_DH,ITU DataHub,0,Units,RATIO,Ratio,602,CCYY,A,Normal value,PU,Public
datastructure,WB.DATA360:DS_DATA360(1.2),I,A,Annual,SGP,Singapore,ITU_DH_INV_COMP,Percentage of individuals using a computer (ITU),_T,Total,_T,All age ranges or no breakdown by age,_T,Total,PT_HH,Percentage of households,_Z,Not Applicable,_Z,Not Applicable,_Z,Not Applicable,2021,85.1896,MEAN,Mean,ITU_DH,ITU DataHub,0,Units,RATIO,Ratio,602,CCYY,A,Normal value,PU,Public
datastructure,WB.DATA360:DS_DATA360(1.2),I,A,Annual,SGP,Singapore,ITU_DH_INV_COMP,Percentage of individuals using a computer (ITU),_T,Total,_T,All age ranges or no breakdown by age,_T,Total,PT_HH,Percentage of households,_Z,Not Applicable,_Z,Not Applicable,_Z,Not Applicable,2022,85.4013,MEAN,Mean,ITU_DH,ITU DataHub,0,Units,RATIO,Ratio,602,CCYY,A,Normal value,PU,Public
datastructure,WB.DATA360:DS_DATA360(1.2),I,A,Annual,SGP,Singapore,ITU_DH_INV_COMP,Percentage of individuals using a computer (ITU),_T,Total,_T,All age ranges or no breakdown by age,_T,Total,PT_HH,Percentage of households,_Z,Not Applicable,_Z,Not Applicable,_Z,Not Applicable,2023,78.4613,MEAN,Mean,ITU_DH,ITU DataHub,0,Units,RATIO,Ratio,602,CCYY,A,Normal value,PU,Public
datastructure,WB.DATA360:DS_DATA360(1.2),I,A,Annual,SGP,Singapore,ITU_DH_INV_COMP,Percentage of individuals using a computer (ITU),_T,Total,_T,All age ranges or no breakdown by age,_T,Total,PT_HH,Percentage of households,_Z,Not Applicable,_Z,Not Applicable,_Z,Not Applicable,2024,80.4023,MEAN,Mean,ITU_DH,ITU DataHub,0,Units,RATIO,Ratio,602,CCYY,A,Normal value,PU,Public
datastructure,WB.DATA360:DS_DATA360(1.2),I,A,Annual,SVN,Slovenia,ITU_DH_INV_COMP,Percentage of individuals using a computer (ITU),_T,Total,_T,All age ranges or no breakdown by age,_T,Total,PT_HH,Percentage of households,_Z,Not Applicable,_Z,Not Applicable,_Z,Not Applicable,2004,51.6112,MEAN,Mean,ITU_DH,ITU DataHub,0,Units,RATIO,Ratio,602,CCYY,A,Normal value,PU,Public
datastructure,WB.DATA360:DS_DATA360(1.2),I,A,Annual,SVN,Slovenia,ITU_DH_INV_COMP,Percentage of individuals using a computer (ITU),_T,Total,_T,All age ranges or no breakdown by age,_T,Total,PT_HH,Percentage of households,_Z,Not Applicable,_Z,Not Applicable,_Z,Not Applicable,2005,52.2211,MEAN,Mean,ITU_DH,ITU DataHub,0,Units,RATIO,Ratio,602,CCYY,A,Normal value,PU,Public
datastructure,WB.DATA360:DS_DATA360(1.2),I,A,Annual,SVN,Slovenia,ITU_DH_INV_COMP,Percentage of individuals using a computer (ITU),_T,Total,_T,All age ranges or no breakdown by age,_T,Total,PT_HH,Percentage of households,_Z,Not Applicable,_Z,Not Applicable,_Z,Not Applicable,2006,61.3035,MEAN,Mean,ITU_DH,ITU DataHub,0,Units,RATIO,Ratio,602,CCYY,A,Normal value,PU,Public
datastructure,WB.DATA360:DS_DATA360(1.2),I,A,Annual,SVN,Slovenia,ITU_DH_INV_COMP,Percentage of individuals using a computer (ITU),_T,Total,_T,All age ranges or no breakdown by age,_T,Total,PT_HH,Percentage of households,_Z,Not Applicable,_Z,Not Applicable,_Z,Not Applicable,2007,61.681,MEAN,Mean,ITU_DH,ITU DataHub,0,Units,RATIO,Ratio,602,CCYY,A,Normal value,PU,Public
datastructure,WB.DATA360:DS_DATA360(1.2),I,A,Annual,SVN,Slovenia,ITU_DH_INV_COMP,Percentage of individuals using a computer (ITU),_T,Total,_T,All age ranges or no breakdown by age,_T,Total,PT_HH,Percentage of households,_Z,Not Applicable,_Z,Not Applicable,_Z,Not Applicable,2008,62.2923,MEAN,Mean,ITU_DH,ITU DataHub,0,Units,RATIO,Ratio,602,CCYY,A,Normal value,PU,Public
datastructure,WB.DATA360:DS_DATA360(1.2),I,A,Annual,SVN,Slovenia,ITU_DH_INV_COMP,Percentage of individuals using a computer (ITU),_T,Total,_T,All age ranges or no breakdown by age,_T,Total,PT_HH,Percentage of households,_Z,Not Applicable,_Z,Not Applicable,_Z,Not Applicable,2009,67.3753,MEAN,Mean,ITU_DH,ITU DataHub,0,Units,RATIO,Ratio,602,CCYY,A,Normal value,PU,Public
datastructure,WB.DATA360:DS_DATA360(1.2),I,A,Annual,SVN,Slovenia,ITU_DH_INV_COMP,Percentage of individuals using a computer (ITU),_T,Total,_T,All age ranges or no breakdown by age,_T,Total,PT_HH,Percentage of households,_Z,Not Applicable,_Z,Not Applicable,_Z,Not Applicable,2010,71.6384,MEAN,Mean,ITU_DH,ITU DataHub,0,Units,RATIO,Ratio,602,CCYY,A,Normal value,PU,Public
datastructure,WB.DATA360:DS_DATA360(1.2),I,A,Annual,SVN,Slovenia,ITU_DH_INV_COMP,Percentage of individuals using a computer (ITU),_T,Total,_T,All age ranges or no breakdown by age,_T,Total,PT_HH,Percentage of households,_Z,Not Applicable,_Z,Not Applicable,_Z,Not Applicable,2011,69.87,MEAN,Mean,ITU_DH,ITU DataHub,0,Units,RATIO,Ratio,602,CCYY,A,Normal value,PU,Public
datastructure,WB.DATA360:DS_DATA360(1.2),I,A,Annual,SVN,Slovenia,ITU_DH_INV_COMP,Percentage of individuals using a computer (ITU),_T,Total,_T,All age ranges or no breakdown by age,_T,Total,PT_HH,Percentage of households,_Z,Not Applicable,_Z,Not Applicable,_Z,Not Applicable,2012,70.3059,MEAN,Mean,ITU_DH,ITU DataHub,0,Units,RATIO,Ratio,602,CCYY,A,Normal value,PU,Public
datastructure,WB.DATA360:DS_DATA360(1.2),I,A,Annual,SVN,Slovenia,ITU_DH_INV_COMP,Percentage of individuals using a computer (ITU),_T,Total,_T,All age ranges or no breakdown by age,_T,Total,PT_HH,Percentage of households,_Z,Not Applicable,_Z,Not Applicable,_Z,Not Applicable,2013,73.2196,MEAN,Mean,ITU_DH,ITU DataHub,0,Units,RATIO,Ratio,602,CCYY,A,Normal value,PU,Public
datastructure,WB.DATA360:DS_DATA360(1.2),I,A,Annual,SVN,Slovenia,ITU_DH_INV_COMP,Percentage of individuals using a computer (ITU),_T,Total,_T,All age ranges or no breakdown by age,_T,Total,PT_HH,Percentage of households,_Z,Not Applicable,_Z,Not Applicable,_Z,Not Applicable,2014,72.6372,MEAN,Mean,ITU_DH,ITU DataHub,0,Units,RATIO,Ratio,602,CCYY,A,Normal value,PU,Public
datastructure,WB.DATA360:DS_DATA360(1.2),I,A,Annual,SVN,Slovenia,ITU_DH_INV_COMP,Percentage of individuals using a computer (ITU),_T,Total,_T,All age ranges or no breakdown by age,_T,Total,PT_HH,Percentage of households,_Z,Not Applicable,_Z,Not Applicable,_Z,Not Applicable,2015,73.088,MEAN,Mean,ITU_DH,ITU DataHub,0,Units,RATIO,Ratio,602,CCYY,A,Normal value,PU,Public
datastructure,WB.DATA360:DS_DATA360(1.2),I,A,Annual,SVN,Slovenia,ITU_DH_INV_COMP,Percentage of individuals using a computer (ITU),_T,Total,_T,All age ranges or no breakdown by age,_T,Total,PT_HH,Percentage of households,_Z,Not Applicable,_Z,Not Applicable,_Z,Not Applicable,2017,76.6628,MEAN,Mean,ITU_DH,ITU DataHub,0,Units,RATIO,Ratio,602,CCYY,A,Normal value,PU,Public
datastructure,WB.DATA360:DS_DATA360(1.2),I,A,Annual,CZE,Czechia,ITU_DH_INV_COMP,Percentage of individuals using a computer (ITU),_T,Total,_T,All age ranges or no breakdown by age,_T,Total,PT_HH,Percentage of households,_Z,Not Applicable,_Z,Not Applicable,_Z,Not Applicable,2003,37.6033,MEAN,Mean,ITU_DH,ITU DataHub,0,Units,RATIO,Ratio,602,CCYY,A,Normal value,PU,Public
datastructure,WB.DATA360:DS_DATA360(1.2),I,A,Annual,CZE,Czechia,ITU_DH_INV_COMP,Percentage of individuals using a computer (ITU),_T,Total,_T,All age ranges or no breakdown by age,_T,Total,PT_HH,Percentage of households,_Z,Not Applicable,_Z,Not Applicable,_Z,Not Applicable,2004,45.6921,MEAN,Mean,ITU_DH,ITU DataHub,0,Units,RATIO,Ratio,602,CCYY,A,Normal value,PU,Public
datastructure,WB.DATA360:DS_DATA360(1.2),I,A,Annual,CZE,Czechia,ITU_DH_INV_COMP,Percentage of individuals using a computer (ITU),_T,Total,_T,All age ranges or no breakdown by age,_T,Total,PT_HH,Percentage of households,_Z,Not Applicable,_Z,Not Applicable,_Z,Not Applicable,2005,44.7442,MEAN,Mean,ITU_DH,ITU DataHub,0,Units,RATIO,Ratio,602,CCYY,A,Normal value,PU,Public
datastructure,WB.DATA360:DS_DATA360(1.2),I,A,Annual,CZE,Czechia,ITU_DH_INV_COMP,Percentage of individuals using a computer (ITU),_T,Total,_T,All age ranges or no breakdown by age,_T,Total,PT_HH,Percentage of households,_Z,Not Applicable,_Z,Not Applicable,_Z,Not Applicable,2006,54.9539,MEAN,Mean,ITU_DH,ITU DataHub,0,Units,RATIO,Ratio,602,CCYY,A,Normal value,PU,Public
datastructure,WB.DATA360:DS_DATA360(1.2),I,A,Annual,CZE,Czechia,ITU_DH_INV_COMP,Percentage of individuals using a computer (ITU),_T,Total,_T,All age ranges or no breakdown by age,_T,Total,PT_HH,Percentage of households,_Z,Not Applicable,_Z,Not Applicable,_Z,Not Applicable,2007,57.9977,MEAN,Mean,ITU_DH,ITU DataHub,0,Units,RATIO,Ratio,602,CCYY,A,Normal value,PU,Public
datastructure,WB.DATA360:DS_DATA360(1.2),I,A,Annual,CZE,Czechia,ITU_DH_INV_COMP,Percentage of individuals using a computer (ITU),_T,Total,_T,All age ranges or no breakdown by age,_T,Total,PT_HH,Percentage of households,_Z,Not Applicable,_Z,Not Applicable,_Z,Not Applicable,2008,67.0282,MEAN,Mean,ITU_DH,ITU DataHub,0,Units,RATIO,Ratio,602,CCYY,A,Normal value,PU,Public
datastructure,WB.DATA360:DS_DATA360(1.2),I,A,Annual,CZE,Czechia,ITU_DH_INV_COMP,Percentage of individuals using a computer (ITU),_T,Total,_T,All age ranges or no breakdown by age,_T,Total,PT_HH,Percentage of households,_Z,Not Applicable,_Z,Not Applicable,_Z,Not Applicable,2009,67.4901,MEAN,Mean,ITU_DH,ITU DataHub,0,Units,RATIO,Ratio,602,CCYY,A,Normal value,PU,Public
datastructure,WB.DATA360:DS_DATA360(1.2),I,A,Annual,CZE,Czechia,ITU_DH_INV_COMP,Percentage of individuals using a computer (ITU),_T,Total,_T,All age ranges or no breakdown by age,_T,Total,PT_HH,Percentage of households,_Z,Not Applicable,_Z,Not Applicable,_Z,Not Applicable,2010,70.8647,MEAN,Mean,ITU_DH,ITU DataHub,0,Units,RATIO,Ratio,602,CCYY,A,Normal value,PU,Public
datastructure,WB.DATA360:DS_DATA360(1.2),I,A,Annual,CZE,Czechia,ITU_DH_INV_COMP,Percentage of individuals using a computer (ITU),_T,Total,_T,All age ranges or no breakdown by age,_T,Total,PT_HH,Percentage of households,_Z,Not Applicable,_Z,Not Applicable,_Z,Not Applicable,2011,72.17,MEAN,Mean,ITU_DH,ITU DataHub,0,Units,RATIO,Ratio,602,CCYY,A,Normal value,PU,Public
datastructure,WB.DATA360:DS_DATA360(1.2),I,A,Annual,CZE,Czechia,ITU_DH_INV_COMP,Percentage of individuals using a computer (ITU),_T,Total,_T,All age ranges or no breakdown by age,_T,Total,PT_HH,Percentage of households,_Z,Not Applicable,_Z,Not Applicable,_Z,Not Applicable,2012,73.2793,MEAN,Mean,ITU_DH,ITU DataHub,0,Units,RATIO,Ratio,602,CCYY,A,Normal value,PU,Public
datastructure,WB.DATA360:DS_DATA360(1.2),I,A,Annual,CZE,Czechia,ITU_DH_INV_COMP,Percentage of individuals using a computer (ITU),_T,Total,_T,All age ranges or no breakdown by age,_T,Total,PT_HH,Percentage of households,_Z,Not Applicable,_Z,Not Applicable,_Z,Not Applicable,2013,73.8647,MEAN,Mean,ITU_DH,ITU DataHub,0,Units,RATIO,Ratio,602,CCYY,A,Normal value,PU,Public
datastructure,WB.DATA360:DS_DATA360(1.2),I,A,Annual,CZE,Czechia,ITU_DH_INV_COMP,Percentage of individuals using a computer (ITU),_T,Total,_T,All age ranges or no breakdown by age,_T,Total,PT_HH,Percentage of households,_Z,Not Applicable,_Z,Not Applicable,_Z,Not Applicable,2014,78.9102,MEAN,Mean,ITU_DH,ITU DataHub,0,Units,RATIO,Ratio,602,CCYY,A,Normal value,PU,Public
datastructure,WB.DATA360:DS_DATA360(1.2),I,A,Annual,CZE,Czechia,ITU_DH_INV_COMP,Percentage of individuals using a computer (ITU),_T,Total,_T,All age ranges or no breakdown by age,_T,Total,PT_HH,Percentage of households,_Z,Not Applicable,_Z,Not Applicable,_Z,Not Applicable,2015,79.985,MEAN,Mean,ITU_DH,ITU DataHub,0,Units,RATIO,Ratio,602,CCYY,A,Normal value,PU,Public
datastructure,WB.DATA360:DS_DATA360(1.2),I,A,Annual,CZE,Czechia,ITU_DH_INV_COMP,Percentage of individuals using a computer (ITU),_T,Total,_T,All age ranges or no breakdown by age,_T,Total,PT_HH,Percentage of households,_Z,Not Applicable,_Z,Not Applicable,_Z,Not Applicable,2017,77.0304,MEAN,Mean,ITU_DH,ITU DataHub,0,Units,RATIO,Ratio,602,CCYY,A,Normal value,PU,Public
datastructure,WB.DATA360:DS_DATA360(1.2),I,A,Annual,THA,Thailand,ITU_DH_INV_COMP,Percentage of individuals using a computer (ITU),_T,Total,_T,All age ranges or no breakdown by age,_T,Total,PT_HH,Percentage of households,_Z,Not Applicable,_Z,Not Applicable,_Z,Not Applicable,2008,28.1703,MEAN,Mean,ITU_DH,ITU DataHub,0,Units,RATIO,Ratio,602,CCYY,A,Normal value,PU,Public
datastructure,WB.DATA360:DS_DATA360(1.2),I,A,Annual,THA,Thailand,ITU_DH_INV_COMP,Percentage of individuals using a computer (ITU),_T,Total,_T,All age ranges or no breakdown by age,_T,Total,PT_HH,Percentage of households,_Z,Not Applicable,_Z,Not Applicable,_Z,Not Applicable,2009,29.2445,MEAN,Mean,ITU_DH,ITU DataHub,0,Units,RATIO,Ratio,602,CCYY,A,Normal value,PU,Public
datastructure,WB.DATA360:DS_DATA360(1.2),I,A,Annual,THA,Thailand,ITU_DH_INV_COMP,Percentage of individuals using a computer (ITU),_T,Total,_T,All age ranges or no breakdown by age,_T,Total,PT_HH,Percentage of households,_Z,Not Applicable,_Z,Not Applicable,_Z,Not Applicable,2010,30.9205,MEAN,Mean,ITU_DH,ITU DataHub,0,Units,RATIO,Ratio,602,CCYY,A,Normal value,PU,Public
datastructure,WB.DATA360:DS_DATA360(1.2),I,A,Annual,THA,Thailand,ITU_DH_INV_COMP,Percentage of individuals using a computer (ITU),_T,Total,_T,All age ranges or no breakdown by age,_T,Total,PT_HH,Percentage of households,_Z,Not Applicable,_Z,Not Applicable,_Z,Not Applicable,2011,31.9497,MEAN,Mean,ITU_DH,ITU DataHub,0,Units,RATIO,Ratio,602,CCYY,A,Normal value,PU,Public
datastructure,WB.DATA360:DS_DATA360(1.2),I,A,Annual,THA,Thailand,ITU_DH_INV_COMP,Percentage of individuals using a computer (ITU),_T,Total,_T,All age ranges or no breakdown by age,_T,Total,PT_HH,Percentage of households,_Z,Not Applicable,_Z,Not Applicable,_Z,Not Applicable,2012,33.675,MEAN,Mean,ITU_DH,ITU DataHub,0,Units,RATIO,Ratio,602,CCYY,A,Normal value,PU,Public
datastructure,WB.DATA360:DS_DATA360(1.2),I,A,Annual,THA,Thailand,ITU_DH_INV_COMP,Percentage of individuals using a computer (ITU),_T,Total,_T,All age ranges or no breakdown by age,_T,Total,PT_HH,Percentage of households,_Z,Not Applicable,_Z,Not Applicable,_Z,Not Applicable,2013,35.0281,MEAN,Mean,ITU_DH,ITU DataHub,0,Units,RATIO,Ratio,602,CCYY,A,Normal value,PU,Public
datastructure,WB.DATA360:DS_DATA360(1.2),I,A,Annual,THA,Thailand,ITU_DH_INV_COMP,Percentage of individuals using a computer (ITU),_T,Total,_T,All age ranges or no breakdown by age,_T,Total,PT_HH,Percentage of households,_Z,Not Applicable,_Z,Not Applicable,_Z,Not Applicable,2014,38.1644,MEAN,Mean,ITU_DH,ITU DataHub,0,Units,RATIO,Ratio,602,CCYY,A,Normal value,PU,Public
datastructure,WB.DATA360:DS_DATA360(1.2),I,A,Annual,THA,Thailand,ITU_DH_INV_COMP,Percentage of individuals using a computer (ITU),_T,Total,_T,All age ranges or no breakdown by age,_T,Total,PT_HH,Percentage of households,_Z,Not Applicable,_Z,Not Applicable,_Z,Not Applicable,2015,34.9196,MEAN,Mean,ITU_DH,ITU DataHub,0,Units,RATIO,Ratio,602,CCYY,A,Normal value,PU,Public
datastructure,WB.DATA360:DS_DATA360(1.2),I,A,Annual,THA,Thailand,ITU_DH_INV_COMP,Percentage of individuals using a computer (ITU),_T,Total,_T,All age ranges or no breakdown by age,_T,Total,PT_HH,Percentage of households,_Z,Not Applicable,_Z,Not Applicable,_Z,Not Applicable,2016,32.1928,MEAN,Mean,ITU_DH,ITU DataHub,0,Units,RATIO,Ratio,602,CCYY,A,Normal value,PU,Public
datastructure,WB.DATA360:DS_DATA360(1.2),I,A,Annual,THA,Thailand,ITU_DH_INV_COMP,Percentage of individuals using a computer (ITU),_T,Total,_T,All age ranges or no breakdown by age,_T,Total,PT_HH,Percentage of households,_Z,Not Applicable,_Z,Not Applicable,_Z,Not Applicable,2017,30.749,MEAN,Mean,ITU_DH,ITU DataHub,0,Units,RATIO,Ratio,602,CCYY,A,Normal value,PU,Public
datastructure,WB.DATA360:DS_DATA360(1.2),I,A,Annual,THA,Thailand,ITU_DH_INV_COMP,Percentage of individuals using a computer (ITU),_T,Total,_T,All age ranges or no breakdown by age,_T,Total,PT_HH,Percentage of households,_Z,Not Applicable,_Z,Not Applicable,_Z,Not Applicable,2018,28.2953,MEAN,Mean,ITU_DH,ITU DataHub,0,Units,RATIO,Ratio,602,CCYY,A,Normal value,PU,Public
datastructure,WB.DATA360:DS_DATA360(1.2),I,A,Annual,THA,Thailand,ITU_DH_INV_COMP,Percentage of individuals using a computer (ITU),_T,Total,_T,All age ranges or no breakdown by age,_T,Total,PT_HH,Percentage of households,_Z,Not Applicable,_Z,Not Applicable,_Z,Not Applicable,2019,25.271,MEAN,Mean,ITU_DH,ITU DataHub,0,Units,RATIO,Ratio,602,CCYY,A,Normal value,PU,Public
datastructure,WB.DATA360:DS_DATA360(1.2),I,A,Annual,THA,Thailand,ITU_DH_INV_COMP,Percentage of individuals using a computer (ITU),_T,Total,_T,All age ranges or no breakdown by age,_T,Total,PT_HH,Percentage of households,_Z,Not Applicable,_Z,Not Applicable,_Z,Not Applicable,2020,26.3926,MEAN,Mean,ITU_DH,ITU DataHub,0,Units,RATIO,Ratio,602,CCYY,A,Normal value,PU,Public
datastructure,WB.DATA360:DS_DATA360(1.2),I,A,Annual,TTO,Trinidad and Tobago,ITU_DH_INV_COMP,Percentage of individuals using a computer (ITU),_T,Total,_T,All age ranges or no breakdown by age,_T,Total,PT_HH,Percentage of households,_Z,Not Applicable,_Z,Not Applicable,_Z,Not Applicable,2011,52.1558,MEAN,Mean,ITU_DH,ITU DataHub,0,Units,RATIO,Ratio,602,CCYY,A,Normal value,PU,Public
datastructure,WB.DATA360:DS_DATA360(1.2),I,A,Annual,TUR,Turkiye,ITU_DH_INV_COMP,Percentage of individuals using a computer (ITU),_T,Total,_T,All age ranges or no breakdown by age,_T,Total,PT_HH,Percentage of households,_Z,Not Applicable,_Z,Not Applicable,_Z,Not Applicable,2004,18.2485,MEAN,Mean,ITU_DH,ITU DataHub,0,Units,RATIO,Ratio,602,CCYY,A,Normal value,PU,Public
datastructure,WB.DATA360:DS_DATA360(1.2),I,A,Annual,TUR,Turkiye,ITU_DH_INV_COMP,Percentage of individuals using a computer (ITU),_T,Total,_T,All age ranges or no breakdown by age,_T,Total,PT_HH,Percentage of households,_Z,Not Applicable,_Z,Not Applicable,_Z,Not Applicable,2005,19.5262,MEAN,Mean,ITU_DH,ITU DataHub,0,Units,RATIO,Ratio,602,CCYY,A,Normal value,PU,Public
datastructure,WB.DATA360:DS_DATA360(1.2),I,A,Annual,TUR,Turkiye,ITU_DH_INV_COMP,Percentage of individuals using a computer (ITU),_T,Total,_T,All age ranges or no breakdown by age,_T,Total,PT_HH,Percentage of households,_Z,Not Applicable,_Z,Not Applicable,_Z,Not Applicable,2007,31.1813,MEAN,Mean,ITU_DH,ITU DataHub,0,Units,RATIO,Ratio,602,CCYY,A,Normal value,PU,Public
datastructure,WB.DATA360:DS_DATA360(1.2),I,A,Annual,TUR,Turkiye,ITU_DH_INV_COMP,Percentage of individuals using a computer (ITU),_T,Total,_T,All age ranges or no breakdown by age,_T,Total,PT_HH,Percentage of households,_Z,Not Applicable,_Z,Not Applicable,_Z,Not Applicable,2008,35.8795,MEAN,Mean,ITU_DH,ITU DataHub,0,Units,RATIO,Ratio,602,CCYY,A,Normal value,PU,Public
datastructure,WB.DATA360:DS_DATA360(1.2),I,A,Annual,TUR,Turkiye,ITU_DH_INV_COMP,Percentage of individuals using a computer (ITU),_T,Total,_T,All age ranges or no breakdown by age,_T,Total,PT_HH,Percentage of households,_Z,Not Applicable,_Z,Not Applicable,_Z,Not Applicable,2009,37.885,MEAN,Mean,ITU_DH,ITU DataHub,0,Units,RATIO,Ratio,602,CCYY,A,Normal value,PU,Public
datastructure,WB.DATA360:DS_DATA360(1.2),I,A,Annual,TUR,Turkiye,ITU_DH_INV_COMP,Percentage of individuals using a computer (ITU),_T,Total,_T,All age ranges or no breakdown by age,_T,Total,PT_HH,Percentage of households,_Z,Not Applicable,_Z,Not Applicable,_Z,Not Applicable,2010,41.0182,MEAN,Mean,ITU_DH,ITU DataHub,0,Units,RATIO,Ratio,602,CCYY,A,Normal value,PU,Public
datastructure,WB.DATA360:DS_DATA360(1.2),I,A,Annual,TUR,Turkiye,ITU_DH_INV_COMP,Percentage of individuals using a computer (ITU),_T,Total,_T,All age ranges or no breakdown by age,_T,Total,PT_HH,Percentage of households,_Z,Not Applicable,_Z,Not Applicable,_Z,Not Applicable,2011,44.2646,MEAN,Mean,ITU_DH,ITU DataHub,0,Units,RATIO,Ratio,602,CCYY,A,Normal value,PU,Public
datastructure,WB.DATA360:DS_DATA360(1.2),I,A,Annual,TUR,Turkiye,ITU_DH_INV_COMP,Percentage of individuals using a computer (ITU),_T,Total,_T,All age ranges or no breakdown by age,_T,Total,PT_HH,Percentage of households,_Z,Not Applicable,_Z,Not Applicable,_Z,Not Applicable,2012,45.7538,MEAN,Mean,ITU_DH,ITU DataHub,0,Units,RATIO,Ratio,602,CCYY,A,Normal value,PU,Public
datastructure,WB.DATA360:DS_DATA360(1.2),I,A,Annual,TUR,Turkiye,ITU_DH_INV_COMP,Percentage of individuals using a computer (ITU),_T,Total,_T,All age ranges or no breakdown by age,_T,Total,PT_HH,Percentage of households,_Z,Not Applicable,_Z,Not Applicable,_Z,Not Applicable,2013,47.7509,MEAN,Mean,ITU_DH,ITU DataHub,0,Units,RATIO,Ratio,602,CCYY,A,Normal value,PU,Public
datastructure,WB.DATA360:DS_DATA360(1.2),I,A,Annual,TUR,Turkiye,ITU_DH_INV_COMP,Percentage of individuals using a computer (ITU),_T,Total,_T,All age ranges or no breakdown by age,_T,Total,PT_HH,Percentage of households,_Z,Not Applicable,_Z,Not Applicable,_Z,Not Applicable,2016,44.8129,MEAN,Mean,ITU_DH,ITU DataHub,0,Units,RATIO,Ratio,602,CCYY,A,Normal value,PU,Public
datastructure,WB.DATA360:DS_DATA360(1.2),I,A,Annual,TUR,Turkiye,ITU_DH_INV_COMP,Percentage of individuals using a computer (ITU),_T,Total,_T,All age ranges or no breakdown by age,_T,Total,PT_HH,Percentage of households,_Z,Not Applicable,_Z,Not Applicable,_Z,Not Applicable,2017,44.4574,MEAN,Mean,ITU_DH,ITU DataHub,0,Units,RATIO,Ratio,602,CCYY,A,Normal value,PU,Public
datastructure,WB.DATA360:DS_DATA360(1.2),I,A,Annual,TUR,Turkiye,ITU_DH_INV_COMP,Percentage of individuals using a computer (ITU),_T,Total,_T,All age ranges or no breakdown by age,_T,Total,PT_HH,Percentage of households,_Z,Not Applicable,_Z,Not Applicable,_Z,Not Applicable,2018,45.4526,MEAN,Mean,ITU_DH,ITU DataHub,0,Units,RATIO,Ratio,602,CCYY,A,Normal value,PU,Public
datastructure,WB.DATA360:DS_DATA360(1.2),I,A,Annual,ARE,United Arab Emirates,ITU_DH_INV_COMP,Percentage of individuals using a computer (ITU),_T,Total,_T,All age ranges or no breakdown by age,_T,Total,PT_HH,Percentage of households,_Z,Not Applicable,_Z,Not Applicable,_Z,Not Applicable,2008,74.0,MEAN,Mean,ITU_DH,ITU DataHub,0,Units,RATIO,Ratio,602,CCYY,A,Normal value,PU,Public
datastructure,WB.DATA360:DS_DATA360(1.2),I,A,Annual,ARE,United Arab Emirates,ITU_DH_INV_COMP,Percentage of individuals using a computer (ITU),_T,Total,_T,All age ranges or no breakdown by age,_T,Total,PT_HH,Percentage of households,_Z,Not Applicable,_Z,Not Applicable,_Z,Not Applicable,2012,84.2,MEAN,Mean,ITU_DH,ITU DataHub,0,Units,RATIO,Ratio,602,CCYY,A,Normal value,PU,Public
datastructure,WB.DATA360:DS_DATA360(1.2),I,A,Annual,ARE,United Arab Emirates,ITU_DH_INV_COMP,Percentage of individuals using a computer (ITU),_T,Total,_T,All age ranges or no breakdown by age,_T,Total,PT_HH,Percentage of households,_Z,Not Applicable,_Z,Not Applicable,_Z,Not Applicable,2014,90.4,MEAN,Mean,ITU_DH,ITU DataHub,0,Units,RATIO,Ratio,602,CCYY,A,Normal value,PU,Public
datastructure,WB.DATA360:DS_DATA360(1.2),I,A,Annual,ARE,United Arab Emirates,ITU_DH_INV_COMP,Percentage of individuals using a computer (ITU),_T,Total,_T,All age ranges or no breakdown by age,_T,Total,PT_HH,Percentage of households,_Z,Not Applicable,_Z,Not Applicable,_Z,Not Applicable,2016,91.0,MEAN,Mean,ITU_DH,ITU DataHub,0,Units,RATIO,Ratio,602,CCYY,A,Normal value,PU,Public
datastructure,WB.DATA360:DS_DATA360(1.2),I,A,Annual,ARE,United Arab Emirates,ITU_DH_INV_COMP,Percentage of individuals using a computer (ITU),_T,Total,_T,All age ranges or no breakdown by age,_T,Total,PT_HH,Percentage of households,_Z,Not Applicable,_Z,Not Applicable,_Z,Not Applicable,2017,95.55,MEAN,Mean,ITU_DH,ITU DataHub,0,Units,RATIO,Ratio,602,CCYY,A,Normal value,PU,Public
datastructure,WB.DATA360:DS_DATA360(1.2),I,A,Annual,ARE,United Arab Emirates,ITU_DH_INV_COMP,Percentage of individuals using a computer (ITU),_T,Total,_T,All age ranges or no breakdown by age,_T,Total,PT_HH,Percentage of households,_Z,Not Applicable,_Z,Not Applicable,_Z,Not Applicable,2018,100.0,MEAN,Mean,ITU_DH,ITU DataHub,0,Units,RATIO,Ratio,602,CCYY,A,Normal value,PU,Public
datastructure,WB.DATA360:DS_DATA360(1.2),I,A,Annual,ARE,United Arab Emirates,ITU_DH_INV_COMP,Percentage of individuals using a computer (ITU),_T,Total,_T,All age ranges or no breakdown by age,_T,Total,PT_HH,Percentage of households,_Z,Not Applicable,_Z,Not Applicable,_Z,Not Applicable,2019,100.0,MEAN,Mean,ITU_DH,ITU DataHub,0,Units,RATIO,Ratio,602,CCYY,A,Normal value,PU,Public
datastructure,WB.DATA360:DS_DATA360(1.2),I,A,Annual,ARE,United Arab Emirates,ITU_DH_INV_COMP,Percentage of individuals using a computer (ITU),_T,Total,_T,All age ranges or no breakdown by age,_T,Total,PT_HH,Percentage of households,_Z,Not Applicable,_Z,Not Applicable,_Z,Not Applicable,2020,100.0,MEAN,Mean,ITU_DH,ITU DataHub,0,Units,RATIO,Ratio,602,CCYY,A,Normal value,PU,Public
datastructure,WB.DATA360:DS_DATA360(1.2),I,A,Annual,ARE,United Arab Emirates,ITU_DH_INV_COMP,Percentage of individuals using a computer (ITU),_T,Total,_T,All age ranges or no breakdown by age,_T,Total,PT_HH,Percentage of households,_Z,Not Applicable,_Z,Not Applicable,_Z,Not Applicable,2021,100.0,MEAN,Mean,ITU_DH,ITU DataHub,0,Units,RATIO,Ratio,602,CCYY,A,Normal value,PU,Public
datastructure,WB.DATA360:DS_DATA360(1.2),I,A,Annual,ARE,United Arab Emirates,ITU_DH_INV_COMP,Percentage of individuals using a computer (ITU),_T,Total,_T,All age ranges or no breakdown by age,_T,Total,PT_HH,Percentage of households,_Z,Not Applicable,_Z,Not Applicable,_Z,Not Applicable,2022,100.0,MEAN,Mean,ITU_DH,ITU DataHub,0,Units,RATIO,Ratio,602,CCYY,A,Normal value,PU,Public
datastructure,WB.DATA360:DS_DATA360(1.2),I,A,Annual,ARE,United Arab Emirates,ITU_DH_INV_COMP,Percentage of individuals using a computer (ITU),_T,Total,_T,All age ranges or no breakdown by age,_T,Total,PT_HH,Percentage of households,_Z,Not Applicable,_Z,Not Applicable,_Z,Not Applicable,2023,100.0,MEAN,Mean,ITU_DH,ITU DataHub,0,Units,RATIO,Ratio,602,CCYY,A,Normal value,PU,Public
datastructure,WB.DATA360:DS_DATA360(1.2),I,A,Annual,ARE,United Arab Emirates,ITU_DH_INV_COMP,Percentage of individuals using a computer (ITU),_T,Total,_T,All age ranges or no breakdown by age,_T,Total,PT_HH,Percentage of households,_Z,Not Applicable,_Z,Not Applicable,_Z,Not Applicable,2024,100.0,MEAN,Mean,ITU_DH,ITU DataHub,0,Units,RATIO,Ratio,602,CCYY,A,Normal value,PU,Public
datastructure,WB.DATA360:DS_DATA360(1.2),I,A,Annual,UGA,Uganda,ITU_DH_INV_COMP,Percentage of individuals using a computer (ITU),_T,Total,_T,All age ranges or no breakdown by age,_T,Total,PT_HH,Percentage of households,_Z,Not Applicable,_Z,Not Applicable,_Z,Not Applicable,2024,3.94155,MEAN,Mean,ITU_DH,ITU DataHub,0,Units,RATIO,Ratio,602,CCYY,A,Normal value,PU,Public
datastructure,WB.DATA360:DS_DATA360(1.2),I,A,Annual,UKR,Ukraine,ITU_DH_INV_COMP,Percentage of individuals using a computer (ITU),_T,Total,_T,All age ranges or no breakdown by age,_T,Total,PT_HH,Percentage of households,_Z,Not Applicable,_Z,Not Applicable,_Z,Not Applicable,2020,63.7585,MEAN,Mean,ITU_DH,ITU DataHub,0,Units,RATIO,Ratio,602,CCYY,A,Normal value,PU,Public
datastructure,WB.DATA360:DS_DATA360(1.2),I,A,Annual,UKR,Ukraine,ITU_DH_INV_COMP,Percentage of individuals using a computer (ITU),_T,Total,_T,All age ranges or no breakdown by age,_T,Total,PT_HH,Percentage of households,_Z,Not Applicable,_Z,Not Applicable,_Z,Not Applicable,2021,65.5999,MEAN,Mean,ITU_DH,ITU DataHub,0,Units,RATIO,Ratio,602,CCYY,A,Normal value,PU,Public
datastructure,WB.DATA360:DS_DATA360(1.2),I,A,Annual,URY,Uruguay,ITU_DH_INV_COMP,Percentage of individuals using a computer (ITU),_T,Total,_T,All age ranges or no breakdown by age,_T,Total,PT_HH,Percentage of households,_Z,Not Applicable,_Z,Not Applicable,_Z,Not Applicable,2009,48.9015,MEAN,Mean,ITU_DH,ITU DataHub,0,Units,RATIO,Ratio,602,CCYY,A,Normal value,PU,Public
datastructure,WB.DATA360:DS_DATA360(1.2),I,A,Annual,URY,Uruguay,ITU_DH_INV_COMP,Percentage of individuals using a computer (ITU),_T,Total,_T,All age ranges or no breakdown by age,_T,Total,PT_HH,Percentage of households,_Z,Not Applicable,_Z,Not Applicable,_Z,Not Applicable,2011,55.5201,MEAN,Mean,ITU_DH,ITU DataHub,0,Units,RATIO,Ratio,602,CCYY,A,Normal value,PU,Public
datastructure,WB.DATA360:DS_DATA360(1.2),I,A,Annual,URY,Uruguay,ITU_DH_INV_COMP,Percentage of individuals using a computer (ITU),_T,Total,_T,All age ranges or no breakdown by age,_T,Total,PT_HH,Percentage of households,_Z,Not Applicable,_Z,Not Applicable,_Z,Not Applicable,2012,58.1765,MEAN,Mean,ITU_DH,ITU DataHub,0,Units,RATIO,Ratio,602,CCYY,A,Normal value,PU,Public
datastructure,WB.DATA360:DS_DATA360(1.2),I,A,Annual,URY,Uruguay,ITU_DH_INV_COMP,Percentage of individuals using a computer (ITU),_T,Total,_T,All age ranges or no breakdown by age,_T,Total,PT_HH,Percentage of households,_Z,Not Applicable,_Z,Not Applicable,_Z,Not Applicable,2014,61.9277,MEAN,Mean,ITU_DH,ITU DataHub,0,Units,RATIO,Ratio,602,CCYY,A,Normal value,PU,Public
datastructure,WB.DATA360:DS_DATA360(1.2),I,A,Annual,URY,Uruguay,ITU_DH_INV_COMP,Percentage of individuals using a computer (ITU),_T,Total,_T,All age ranges or no breakdown by age,_T,Total,PT_HH,Percentage of households,_Z,Not Applicable,_Z,Not Applicable,_Z,Not Applicable,2017,55.9072,MEAN,Mean,ITU_DH,ITU DataHub,0,Units,RATIO,Ratio,602,CCYY,A,Normal value,PU,Public
datastructure,WB.DATA360:DS_DATA360(1.2),I,A,Annual,URY,Uruguay,ITU_DH_INV_COMP,Percentage of individuals using a computer (ITU),_T,Total,_T,All age ranges or no breakdown by age,_T,Total,PT_HH,Percentage of households,_Z,Not Applicable,_Z,Not Applicable,_Z,Not Applicable,2018,58.7222,MEAN,Mean,ITU_DH,ITU DataHub,0,Units,RATIO,Ratio,602,CCYY,A,Normal value,PU,Public
datastructure,WB.DATA360:DS_DATA360(1.2),I,A,Annual,URY,Uruguay,ITU_DH_INV_COMP,Percentage of individuals using a computer (ITU),_T,Total,_T,All age ranges or no breakdown by age,_T,Total,PT_HH,Percentage of households,_Z,Not Applicable,_Z,Not Applicable,_Z,Not Applicable,2019,57.4986,MEAN,Mean,ITU_DH,ITU DataHub,0,Units,RATIO,Ratio,602,CCYY,A,Normal value,PU,Public
datastructure,WB.DATA360:DS_DATA360(1.2),I,A,Annual,URY,Uruguay,ITU_DH_INV_COMP,Percentage of individuals using a computer (ITU),_T,Total,_T,All age ranges or no breakdown by age,_T,Total,PT_HH,Percentage of households,_Z,Not Applicable,_Z,Not Applicable,_Z,Not Applicable,2022,48.1923,MEAN,Mean,ITU_DH,ITU DataHub,0,Units,RATIO,Ratio,602,CCYY,A,Normal value,PU,Public
datastructure,WB.DATA360:DS_DATA360(1.2),I,A,Annual,URY,Uruguay,ITU_DH_INV_COMP,Percentage of individuals using a computer (ITU),_T,Total,_T,All age ranges or no breakdown by age,_T,Total,PT_HH,Percentage of households,_Z,Not Applicable,_Z,Not Applicable,_Z,Not Applicable,2024,44.3413,MEAN,Mean,ITU_DH,ITU DataHub,0,Units,RATIO,Ratio,602,CCYY,A,Normal value,PU,Public
datastructure,WB.DATA360:DS_DATA360(1.2),I,A,Annual,UZB,Uzbekistan,ITU_DH_INV_COMP,Percentage of individuals using a computer (ITU),_T,Total,_T,All age ranges or no breakdown by age,_T,Total,PT_HH,Percentage of households,_Z,Not Applicable,_Z,Not Applicable,_Z,Not Applicable,2018,49.9214,MEAN,Mean,ITU_DH,ITU DataHub,0,Units,RATIO,Ratio,602,CCYY,A,Normal value,PU,Public
datastructure,WB.DATA360:DS_DATA360(1.2),I,A,Annual,UZB,Uzbekistan,ITU_DH_INV_COMP,Percentage of individuals using a computer (ITU),_T,Total,_T,All age ranges or no breakdown by age,_T,Total,PT_HH,Percentage of households,_Z,Not Applicable,_Z,Not Applicable,_Z,Not Applicable,2020,52.5,MEAN,Mean,ITU_DH,ITU DataHub,0,Units,RATIO,Ratio,602,CCYY,A,Normal value,PU,Public
datastructure,WB.DATA360:DS_DATA360(1.2),I,A,Annual,UZB,Uzbekistan,ITU_DH_INV_COMP,Percentage of individuals using a computer (ITU),_T,Total,_T,All age ranges or no breakdown by age,_T,Total,PT_HH,Percentage of households,_Z,Not Applicable,_Z,Not Applicable,_Z,Not Applicable,2021,58.2268,MEAN,Mean,ITU_DH,ITU DataHub,0,Units,RATIO,Ratio,602,CCYY,A,Normal value,PU,Public
datastructure,WB.DATA360:DS_DATA360(1.2),I,A,Annual,UZB,Uzbekistan,ITU_DH_INV_COMP,Percentage of individuals using a computer (ITU),_T,Total,_T,All age ranges or no breakdown by age,_T,Total,PT_HH,Percentage of households,_Z,Not Applicable,_Z,Not Applicable,_Z,Not Applicable,2022,58.8,MEAN,Mean,ITU_DH,ITU DataHub,0,Units,RATIO,Ratio,602,CCYY,A,Normal value,PU,Public
datastructure,WB.DATA360:DS_DATA360(1.2),I,A,Annual,SRB,Serbia,ITU_DH_INV_COMP,Percentage of individuals using a computer (ITU),_T,Total,_T,All age ranges or no breakdown by age,_T,Total,PT_HH,Percentage of households,_Z,Not Applicable,_Z,Not Applicable,_Z,Not Applicable,2007,43.7977,MEAN,Mean,ITU_DH,ITU DataHub,0,Units,RATIO,Ratio,602,CCYY,A,Normal value,PU,Public
datastructure,WB.DATA360:DS_DATA360(1.2),I,A,Annual,SRB,Serbia,ITU_DH_INV_COMP,Percentage of individuals using a computer (ITU),_T,Total,_T,All age ranges or no breakdown by age,_T,Total,PT_HH,Percentage of households,_Z,Not Applicable,_Z,Not Applicable,_Z,Not Applicable,2009,52.0263,MEAN,Mean,ITU_DH,ITU DataHub,0,Units,RATIO,Ratio,602,CCYY,A,Normal value,PU,Public
datastructure,WB.DATA360:DS_DATA360(1.2),I,A,Annual,SRB,Serbia,ITU_DH_INV_COMP,Percentage of individuals using a computer (ITU),_T,Total,_T,All age ranges or no breakdown by age,_T,Total,PT_HH,Percentage of households,_Z,Not Applicable,_Z,Not Applicable,_Z,Not Applicable,2015,65.7587,MEAN,Mean,ITU_DH,ITU DataHub,0,Units,RATIO,Ratio,602,CCYY,A,Normal value,PU,Public
datastructure,WB.DATA360:DS_DATA360(1.2),I,A,Annual,SRB,Serbia,ITU_DH_INV_COMP,Percentage of individuals using a computer (ITU),_T,Total,_T,All age ranges or no breakdown by age,_T,Total,PT_HH,Percentage of households,_Z,Not Applicable,_Z,Not Applicable,_Z,Not Applicable,2016,67.1538,MEAN,Mean,ITU_DH,ITU DataHub,0,Units,RATIO,Ratio,602,CCYY,A,Normal value,PU,Public
datastructure,WB.DATA360:DS_DATA360(1.2),I,A,Annual,SRB,Serbia,ITU_DH_INV_COMP,Percentage of individuals using a computer (ITU),_T,Total,_T,All age ranges or no breakdown by age,_T,Total,PT_HH,Percentage of households,_Z,Not Applicable,_Z,Not Applicable,_Z,Not Applicable,2017,67.6442,MEAN,Mean,ITU_DH,ITU DataHub,0,Units,RATIO,Ratio,602,CCYY,A,Normal value,PU,Public
datastructure,WB.DATA360:DS_DATA360(1.2),I,A,Annual,SRB,Serbia,ITU_DH_INV_COMP,Percentage of individuals using a computer (ITU),_T,Total,_T,All age ranges or no breakdown by age,_T,Total,PT_HH,Percentage of households,_Z,Not Applicable,_Z,Not Applicable,_Z,Not Applicable,2018,74.095,MEAN,Mean,ITU_DH,ITU DataHub,0,Units,RATIO,Ratio,602,CCYY,A,Normal value,PU,Public
datastructure,WB.DATA360:DS_DATA360(1.2),I,A,Annual,SRB,Serbia,ITU_DH_INV_COMP,Percentage of individuals using a computer (ITU),_T,Total,_T,All age ranges or no breakdown by age,_T,Total,PT_HH,Percentage of households,_Z,Not Applicable,_Z,Not Applicable,_Z,Not Applicable,2020,72.3525,MEAN,Mean,ITU_DH,ITU DataHub,0,Units,RATIO,Ratio,602,CCYY,A,Normal value,PU,Public
datastructure,WB.DATA360:DS_DATA360(1.2),I,A,Annual,SRB,Serbia,ITU_DH_INV_COMP,Percentage of individuals using a computer (ITU),_T,Total,_T,All age ranges or no breakdown by age,_T,Total,PT_HH,Percentage of households,_Z,Not Applicable,_Z,Not Applicable,_Z,Not Applicable,2021,74.8199,MEAN,Mean,ITU_DH,ITU DataHub,0,Units,RATIO,Ratio,602,CCYY,A,Normal value,PU,Public
datastructure,WB.DATA360:DS_DATA360(1.2),I,A,Annual,SRB,Serbia,ITU_DH_INV_COMP,Percentage of individuals using a computer (ITU),_T,Total,_T,All age ranges or no breakdown by age,_T,Total,PT_HH,Percentage of households,_Z,Not Applicable,_Z,Not Applicable,_Z,Not Applicable,2022,75.9004,MEAN,Mean,ITU_DH,ITU DataHub,0,Units,RATIO,Ratio,602,CCYY,A,Normal value,PU,Public
datastructure,WB.DATA360:DS_DATA360(1.2),I,A,Annual,SRB,Serbia,ITU_DH_INV_COMP,Percentage of individuals using a computer (ITU),_T,Total,_T,All age ranges or no breakdown by age,_T,Total,PT_HH,Percentage of households,_Z,Not Applicable,_Z,Not Applicable,_Z,Not Applicable,2023,75.4287,MEAN,Mean,ITU_DH,ITU DataHub,0,Units,RATIO,Ratio,602,CCYY,A,Normal value,PU,Public
datastructure,WB.DATA360:DS_DATA360(1.2),I,A,Annual,SRB,Serbia,ITU_DH_INV_COMP,Percentage of individuals using a computer (ITU),_T,Total,_T,All age ranges or no breakdown by age,_T,Total,PT_HH,Percentage of households,_Z,Not Applicable,_Z,Not Applicable,_Z,Not Applicable,2024,73.236,MEAN,Mean,ITU_DH,ITU DataHub,0,Units,RATIO,Ratio,602,CCYY,A,Normal value,PU,Public
datastructure,WB.DATA360:DS_DATA360(1.2),I,A,Annual,ZWE,Zimbabwe,ITU_DH_INV_COMP,Percentage of individuals using a computer (ITU),_T,Total,_T,All age ranges or no breakdown by age,_T,Total,PT_HH,Percentage of households,_Z,Not Applicable,_Z,Not Applicable,_Z,Not Applicable,2014,12.5066,MEAN,Mean,ITU_DH,ITU DataHub,0,Units,RATIO,Ratio,602,CCYY,A,Normal value,PU,Public
datastructure,WB.DATA360:DS_DATA360(1.2),I,A,Annual,ZWE,Zimbabwe,ITU_DH_INV_COMP,Percentage of individuals using a computer (ITU),_T,Total,_T,All age ranges or no breakdown by age,_T,Total,PT_HH,Percentage of households,_Z,Not Applicable,_Z,Not Applicable,_Z,Not Applicable,2020,9.45476,MEAN,Mean,ITU_DH,ITU DataHub,0,Units,RATIO,Ratio,602,CCYY,A,Normal value,PU,Public
datastructure,WB.DATA360:DS_DATA360(1.2),I,A,Annual,MDA,Moldova,ITU_DH_INV_COMP,Percentage of individuals using a computer (ITU),_T,Total,_T,All age ranges or no breakdown by age,_T,Total,PT_HH,Percentage of households,_Z,Not Applicable,_Z,Not Applicable,_Z,Not Applicable,2009,42.0,MEAN,Mean,ITU_DH,ITU DataHub,0,Units,RATIO,Ratio,602,CCYY,A,Normal value,PU,Public
datastructure,WB.DATA360:DS_DATA360(1.2),I,A,Annual,BIH,Bosnia and Herzegovina,ITU_DH_INV_COMP,Percentage of individuals using a computer (ITU),_T,Total,_T,All age ranges or no breakdown by age,_T,Total,PT_HH,Percentage of households,_Z,Not Applicable,_Z,Not Applicable,_Z,Not Applicable,2016,52.7986,MEAN,Mean,ITU_DH,ITU DataHub,0,Units,RATIO,Ratio,602,CCYY,A,Normal value,PU,Public
datastructure,WB.DATA360:DS_DATA360(1.2),I,A,Annual,BIH,Bosnia and Herzegovina,ITU_DH_INV_COMP,Percentage of individuals using a computer (ITU),_T,Total,_T,All age ranges or no breakdown by age,_T,Total,PT_HH,Percentage of households,_Z,Not Applicable,_Z,Not Applicable,_Z,Not Applicable,2017,59.9029,MEAN,Mean,ITU_DH,ITU DataHub,0,Units,RATIO,Ratio,602,CCYY,A,Normal value,PU,Public
datastructure,WB.DATA360:DS_DATA360(1.2),I,A,Annual,BIH,Bosnia and Herzegovina,ITU_DH_INV_COMP,Percentage of individuals using a computer (ITU),_T,Total,_T,All age ranges or no breakdown by age,_T,Total,PT_HH,Percentage of households,_Z,Not Applicable,_Z,Not Applicable,_Z,Not Applicable,2018,61.0274,MEAN,Mean,ITU_DH,ITU DataHub,0,Units,RATIO,Ratio,602,CCYY,A,Normal value,PU,Public
datastructure,WB.DATA360:DS_DATA360(1.2),I,A,Annual,BIH,Bosnia and Herzegovina,ITU_DH_INV_COMP,Percentage of individuals using a computer (ITU),_T,Total,_T,All age ranges or no breakdown by age,_T,Total,PT_HH,Percentage of households,_Z,Not Applicable,_Z,Not Applicable,_Z,Not Applicable,2019,62.1712,MEAN,Mean,ITU_DH,ITU DataHub,0,Units,RATIO,Ratio,602,CCYY,A,Normal value,PU,Public
datastructure,WB.DATA360:DS_DATA360(1.2),I,A,Annual,BIH,Bosnia and Herzegovina,ITU_DH_INV_COMP,Percentage of individuals using a computer (ITU),_T,Total,_T,All age ranges or no breakdown by age,_T,Total,PT_HH,Percentage of households,_Z,Not Applicable,_Z,Not Applicable,_Z,Not Applicable,2020,65.7271,MEAN,Mean,ITU_DH,ITU DataHub,0,Units,RATIO,Ratio,602,CCYY,A,Normal value,PU,Public
datastructure,WB.DATA360:DS_DATA360(1.2),I,A,Annual,BIH,Bosnia and Herzegovina,ITU_DH_INV_COMP,Percentage of individuals using a computer (ITU),_T,Total,_T,All age ranges or no breakdown by age,_T,Total,PT_HH,Percentage of households,_Z,Not Applicable,_Z,Not Applicable,_Z,Not Applicable,2021,59.3467,MEAN,Mean,ITU_DH,ITU DataHub,0,Units,RATIO,Ratio,602,CCYY,A,Normal value,PU,Public
datastructure,WB.DATA360:DS_DATA360(1.2),I,A,Annual,BIH,Bosnia and Herzegovina,ITU_DH_INV_COMP,Percentage of individuals using a computer (ITU),_T,Total,_T,All age ranges or no breakdown by age,_T,Total,PT_HH,Percentage of households,_Z,Not Applicable,_Z,Not Applicable,_Z,Not Applicable,2023,62.5541,MEAN,Mean,ITU_DH,ITU DataHub,0,Units,RATIO,Ratio,602,CCYY,A,Normal value,PU,Public
datastructure,WB.DATA360:DS_DATA360(1.2),I,A,Annual,BIH,Bosnia and Herzegovina,ITU_DH_INV_COMP,Percentage of individuals using a computer (ITU),_T,Total,_T,All age ranges or no breakdown by age,_T,Total,PT_HH,Percentage of households,_Z,Not Applicable,_Z,Not Applicable,_Z,Not Applicable,2024,63.8176,MEAN,Mean,ITU_DH,ITU DataHub,0,Units,RATIO,Ratio,602,CCYY,A,Normal value,PU,Public
datastructure,WB.DATA360:DS_DATA360(1.2),I,A,Annual,GEO,Georgia,ITU_DH_INV_COMP,Percentage of individuals using a computer (ITU),_T,Total,_T,All age ranges or no breakdown by age,_T,Total,PT_HH,Percentage of households,_Z,Not Applicable,_Z,Not Applicable,_Z,Not Applicable,2015,49.373,MEAN,Mean,ITU_DH,ITU DataHub,0,Units,RATIO,Ratio,602,CCYY,A,Normal value,PU,Public
datastructure,WB.DATA360:DS_DATA360(1.2),I,A,Annual,GEO,Georgia,ITU_DH_INV_COMP,Percentage of individuals using a computer (ITU),_T,Total,_T,All age ranges or no breakdown by age,_T,Total,PT_HH,Percentage of households,_Z,Not Applicable,_Z,Not Applicable,_Z,Not Applicable,2016,49.8294,MEAN,Mean,ITU_DH,ITU DataHub,0,Units,RATIO,Ratio,602,CCYY,A,Normal value,PU,Public
datastructure,WB.DATA360:DS_DATA360(1.2),I,A,Annual,GEO,Georgia,ITU_DH_INV_COMP,Percentage of individuals using a computer (ITU),_T,Total,_T,All age ranges or no breakdown by age,_T,Total,PT_HH,Percentage of households,_Z,Not Applicable,_Z,Not Applicable,_Z,Not Applicable,2017,48.4379,MEAN,Mean,ITU_DH,ITU DataHub,0,Units,RATIO,Ratio,602,CCYY,A,Normal value,PU,Public
datastructure,WB.DATA360:DS_DATA360(1.2),I,A,Annual,GEO,Georgia,ITU_DH_INV_COMP,Percentage of individuals using a computer (ITU),_T,Total,_T,All age ranges or no breakdown by age,_T,Total,PT_HH,Percentage of households,_Z,Not Applicable,_Z,Not Applicable,_Z,Not Applicable,2018,52.6976,MEAN,Mean,ITU_DH,ITU DataHub,0,Units,RATIO,Ratio,602,CCYY,A,Normal value,PU,Public
datastructure,WB.DATA360:DS_DATA360(1.2),I,A,Annual,GEO,Georgia,ITU_DH_INV_COMP,Percentage of individuals using a computer (ITU),_T,Total,_T,All age ranges or no breakdown by age,_T,Total,PT_HH,Percentage of households,_Z,Not Applicable,_Z,Not Applicable,_Z,Not Applicable,2019,55.7531,MEAN,Mean,ITU_DH,ITU DataHub,0,Units,RATIO,Ratio,602,CCYY,A,Normal value,PU,Public
datastructure,WB.DATA360:DS_DATA360(1.2),I,A,Annual,GEO,Georgia,ITU_DH_INV_COMP,Percentage of individuals using a computer (ITU),_T,Total,_T,All age ranges or no breakdown by age,_T,Total,PT_HH,Percentage of households,_Z,Not Applicable,_Z,Not Applicable,_Z,Not Applicable,2020,53.9599,MEAN,Mean,ITU_DH,ITU DataHub,0,Units,RATIO,Ratio,602,CCYY,A,Normal value,PU,Public
datastructure,WB.DATA360:DS_DATA360(1.2),I,A,Annual,GEO,Georgia,ITU_DH_INV_COMP,Percentage of individuals using a computer (ITU),_T,Total,_T,All age ranges or no breakdown by age,_T,Total,PT_HH,Percentage of households,_Z,Not Applicable,_Z,Not Applicable,_Z,Not Applicable,2021,51.9236,MEAN,Mean,ITU_DH,ITU DataHub,0,Units,RATIO,Ratio,602,CCYY,A,Normal value,PU,Public
datastructure,WB.DATA360:DS_DATA360(1.2),I,A,Annual,GEO,Georgia,ITU_DH_INV_COMP,Percentage of individuals using a computer (ITU),_T,Total,_T,All age ranges or no breakdown by age,_T,Total,PT_HH,Percentage of households,_Z,Not Applicable,_Z,Not Applicable,_Z,Not Applicable,2022,47.981,MEAN,Mean,ITU_DH,ITU DataHub,0,Units,RATIO,Ratio,602,CCYY,A,Normal value,PU,Public
datastructure,WB.DATA360:DS_DATA360(1.2),I,A,Annual,GEO,Georgia,ITU_DH_INV_COMP,Percentage of individuals using a computer (ITU),_T,Total,_T,All age ranges or no breakdown by age,_T,Total,PT_HH,Percentage of households,_Z,Not Applicable,_Z,Not Applicable,_Z,Not Applicable,2023,43.5013,MEAN,Mean,ITU_DH,ITU DataHub,0,Units,RATIO,Ratio,602,CCYY,A,Normal value,PU,Public
datastructure,WB.DATA360:DS_DATA360(1.2),I,A,Annual,KAZ,Kazakhstan,ITU_DH_INV_COMP,Percentage of individuals using a computer (ITU),_T,Total,_T,All age ranges or no breakdown by age,_T,Total,PT_HH,Percentage of households,_Z,Not Applicable,_Z,Not Applicable,_Z,Not Applicable,2015,72.1515,MEAN,Mean,ITU_DH,ITU DataHub,0,Units,RATIO,Ratio,602,CCYY,A,Normal value,PU,Public
datastructure,WB.DATA360:DS_DATA360(1.2),I,A,Annual,KAZ,Kazakhstan,ITU_DH_INV_COMP,Percentage of individuals using a computer (ITU),_T,Total,_T,All age ranges or no breakdown by age,_T,Total,PT_HH,Percentage of households,_Z,Not Applicable,_Z,Not Applicable,_Z,Not Applicable,2016,73.9294,MEAN,Mean,ITU_DH,ITU DataHub,0,Units,RATIO,Ratio,602,CCYY,A,Normal value,PU,Public
datastructure,WB.DATA360:DS_DATA360(1.2),I,A,Annual,KAZ,Kazakhstan,ITU_DH_INV_COMP,Percentage of individuals using a computer (ITU),_T,Total,_T,All age ranges or no breakdown by age,_T,Total,PT_HH,Percentage of households,_Z,Not Applicable,_Z,Not Applicable,_Z,Not Applicable,2017,75.8557,MEAN,Mean,ITU_DH,ITU DataHub,0,Units,RATIO,Ratio,602,CCYY,A,Normal value,PU,Public
datastructure,WB.DATA360:DS_DATA360(1.2),I,A,Annual,KAZ,Kazakhstan,ITU_DH_INV_COMP,Percentage of individuals using a computer (ITU),_T,Total,_T,All age ranges or no breakdown by age,_T,Total,PT_HH,Percentage of households,_Z,Not Applicable,_Z,Not Applicable,_Z,Not Applicable,2018,77.9759,MEAN,Mean,ITU_DH,ITU DataHub,0,Units,RATIO,Ratio,602,CCYY,A,Normal value,PU,Public
datastructure,WB.DATA360:DS_DATA360(1.2),I,A,Annual,KAZ,Kazakhstan,ITU_DH_INV_COMP,Percentage of individuals using a computer (ITU),_T,Total,_T,All age ranges or no breakdown by age,_T,Total,PT_HH,Percentage of households,_Z,Not Applicable,_Z,Not Applicable,_Z,Not Applicable,2019,79.7699,MEAN,Mean,ITU_DH,ITU DataHub,0,Units,RATIO,Ratio,602,CCYY,A,Normal value,PU,Public
datastructure,WB.DATA360:DS_DATA360(1.2),I,A,Annual,KAZ,Kazakhstan,ITU_DH_INV_COMP,Percentage of individuals using a computer (ITU),_T,Total,_T,All age ranges or no breakdown by age,_T,Total,PT_HH,Percentage of households,_Z,Not Applicable,_Z,Not Applicable,_Z,Not Applicable,2020,83.4928,MEAN,Mean,ITU_DH,ITU DataHub,0,Units,RATIO,Ratio,602,CCYY,A,Normal value,PU,Public
datastructure,WB.DATA360:DS_DATA360(1.2),I,A,Annual,KAZ,Kazakhstan,ITU_DH_INV_COMP,Percentage of individuals using a computer (ITU),_T,Total,_T,All age ranges or no breakdown by age,_T,Total,PT_HH,Percentage of households,_Z,Not Applicable,_Z,Not Applicable,_Z,Not Applicable,2021,87.0738,MEAN,Mean,ITU_DH,ITU DataHub,0,Units,RATIO,Ratio,602,CCYY,A,Normal value,PU,Public
datastructure,WB.DATA360:DS_DATA360(1.2),I,A,Annual,KAZ,Kazakhstan,ITU_DH_INV_COMP,Percentage of individuals using a computer (ITU),_T,Total,_T,All age ranges or no breakdown by age,_T,Total,PT_HH,Percentage of households,_Z,Not Applicable,_Z,Not Applicable,_Z,Not Applicable,2022,88.1824,MEAN,Mean,ITU_DH,ITU DataHub,0,Units,RATIO,Ratio,602,CCYY,A,Normal value,PU,Public
datastructure,WB.DATA360:DS_DATA360(1.2),I,A,Annual,KAZ,Kazakhstan,ITU_DH_INV_COMP,Percentage of individuals using a computer (ITU),_T,Total,_T,All age ranges or no breakdown by age,_T,Total,PT_HH,Percentage of households,_Z,Not Applicable,_Z,Not Applicable,_Z,Not Applicable,2023,88.9853,MEAN,Mean,ITU_DH,ITU DataHub,0,Units,RATIO,Ratio,602,CCYY,A,Normal value,PU,Public
datastructure,WB.DATA360:DS_DATA360(1.2),I,A,Annual,SVK,Slovak Republic,ITU_DH_INV_COMP,Percentage of individuals using a computer (ITU),_T,Total,_T,All age ranges or no breakdown by age,_T,Total,PT_HH,Percentage of households,_Z,Not Applicable,_Z,Not Applicable,_Z,Not Applicable,2004,62.1729,MEAN,Mean,ITU_DH,ITU DataHub,0,Units,RATIO,Ratio,602,CCYY,A,Normal value,PU,Public
datastructure,WB.DATA360:DS_DATA360(1.2),I,A,Annual,SVK,Slovak Republic,ITU_DH_INV_COMP,Percentage of individuals using a computer (ITU),_T,Total,_T,All age ranges or no breakdown by age,_T,Total,PT_HH,Percentage of households,_Z,Not Applicable,_Z,Not Applicable,_Z,Not Applicable,2005,66.1034,MEAN,Mean,ITU_DH,ITU DataHub,0,Units,RATIO,Ratio,602,CCYY,A,Normal value,PU,Public
datastructure,WB.DATA360:DS_DATA360(1.2),I,A,Annual,SVK,Slovak Republic,ITU_DH_INV_COMP,Percentage of individuals using a computer (ITU),_T,Total,_T,All age ranges or no breakdown by age,_T,Total,PT_HH,Percentage of households,_Z,Not Applicable,_Z,Not Applicable,_Z,Not Applicable,2006,65.9588,MEAN,Mean,ITU_DH,ITU DataHub,0,Units,RATIO,Ratio,602,CCYY,A,Normal value,PU,Public
datastructure,WB.DATA360:DS_DATA360(1.2),I,A,Annual,SVK,Slovak Republic,ITU_DH_INV_COMP,Percentage of individuals using a computer (ITU),_T,Total,_T,All age ranges or no breakdown by age,_T,Total,PT_HH,Percentage of households,_Z,Not Applicable,_Z,Not Applicable,_Z,Not Applicable,2007,67.9417,MEAN,Mean,ITU_DH,ITU DataHub,0,Units,RATIO,Ratio,602,CCYY,A,Normal value,PU,Public
datastructure,WB.DATA360:DS_DATA360(1.2),I,A,Annual,SVK,Slovak Republic,ITU_DH_INV_COMP,Percentage of individuals using a computer (ITU),_T,Total,_T,All age ranges or no breakdown by age,_T,Total,PT_HH,Percentage of households,_Z,Not Applicable,_Z,Not Applicable,_Z,Not Applicable,2008,75.6803,MEAN,Mean,ITU_DH,ITU DataHub,0,Units,RATIO,Ratio,602,CCYY,A,Normal value,PU,Public
datastructure,WB.DATA360:DS_DATA360(1.2),I,A,Annual,SVK,Slovak Republic,ITU_DH_INV_COMP,Percentage of individuals using a computer (ITU),_T,Total,_T,All age ranges or no breakdown by age,_T,Total,PT_HH,Percentage of households,_Z,Not Applicable,_Z,Not Applicable,_Z,Not Applicable,2009,78.0834,MEAN,Mean,ITU_DH,ITU DataHub,0,Units,RATIO,Ratio,602,CCYY,A,Normal value,PU,Public
datastructure,WB.DATA360:DS_DATA360(1.2),I,A,Annual,SVK,Slovak Republic,ITU_DH_INV_COMP,Percentage of individuals using a computer (ITU),_T,Total,_T,All age ranges or no breakdown by age,_T,Total,PT_HH,Percentage of households,_Z,Not Applicable,_Z,Not Applicable,_Z,Not Applicable,2010,81.9114,MEAN,Mean,ITU_DH,ITU DataHub,0,Units,RATIO,Ratio,602,CCYY,A,Normal value,PU,Public
datastructure,WB.DATA360:DS_DATA360(1.2),I,A,Annual,SVK,Slovak Republic,ITU_DH_INV_COMP,Percentage of individuals using a computer (ITU),_T,Total,_T,All age ranges or no breakdown by age,_T,Total,PT_HH,Percentage of households,_Z,Not Applicable,_Z,Not Applicable,_Z,Not Applicable,2011,76.31,MEAN,Mean,ITU_DH,ITU DataHub,0,Units,RATIO,Ratio,602,CCYY,A,Normal value,PU,Public
datastructure,WB.DATA360:DS_DATA360(1.2),I,A,Annual,SVK,Slovak Republic,ITU_DH_INV_COMP,Percentage of individuals using a computer (ITU),_T,Total,_T,All age ranges or no breakdown by age,_T,Total,PT_HH,Percentage of households,_Z,Not Applicable,_Z,Not Applicable,_Z,Not Applicable,2012,77.6335,MEAN,Mean,ITU_DH,ITU DataHub,0,Units,RATIO,Ratio,602,CCYY,A,Normal value,PU,Public
datastructure,WB.DATA360:DS_DATA360(1.2),I,A,Annual,SVK,Slovak Republic,ITU_DH_INV_COMP,Percentage of individuals using a computer (ITU),_T,Total,_T,All age ranges or no breakdown by age,_T,Total,PT_HH,Percentage of households,_Z,Not Applicable,_Z,Not Applicable,_Z,Not Applicable,2013,79.1747,MEAN,Mean,ITU_DH,ITU DataHub,0,Units,RATIO,Ratio,602,CCYY,A,Normal value,PU,Public
datastructure,WB.DATA360:DS_DATA360(1.2),I,A,Annual,SVK,Slovak Republic,ITU_DH_INV_COMP,Percentage of individuals using a computer (ITU),_T,Total,_T,All age ranges or no breakdown by age,_T,Total,PT_HH,Percentage of households,_Z,Not Applicable,_Z,Not Applicable,_Z,Not Applicable,2014,79.964,MEAN,Mean,ITU_DH,ITU DataHub,0,Units,RATIO,Ratio,602,CCYY,A,Normal value,PU,Public
datastructure,WB.DATA360:DS_DATA360(1.2),I,A,Annual,SVK,Slovak Republic,ITU_DH_INV_COMP,Percentage of individuals using a computer (ITU),_T,Total,_T,All age ranges or no breakdown by age,_T,Total,PT_HH,Percentage of households,_Z,Not Applicable,_Z,Not Applicable,_Z,Not Applicable,2015,77.4253,MEAN,Mean,ITU_DH,ITU DataHub,0,Units,RATIO,Ratio,602,CCYY,A,Normal value,PU,Public
datastructure,WB.DATA360:DS_DATA360(1.2),I,A,Annual,MKD,North Macedonia,ITU_DH_INV_COMP,Percentage of individuals using a computer (ITU),_T,Total,_T,All age ranges or no breakdown by age,_T,Total,PT_HH,Percentage of households,_Z,Not Applicable,_Z,Not Applicable,_Z,Not Applicable,2004,33.8176,MEAN,Mean,ITU_DH,ITU DataHub,0,Units,RATIO,Ratio,602,CCYY,A,Normal value,PU,Public
datastructure,WB.DATA360:DS_DATA360(1.2),I,A,Annual,MKD,North Macedonia,ITU_DH_INV_COMP,Percentage of individuals using a computer (ITU),_T,Total,_T,All age ranges or no breakdown by age,_T,Total,PT_HH,Percentage of households,_Z,Not Applicable,_Z,Not Applicable,_Z,Not Applicable,2006,37.8065,MEAN,Mean,ITU_DH,ITU DataHub,0,Units,RATIO,Ratio,602,CCYY,A,Normal value,PU,Public
datastructure,WB.DATA360:DS_DATA360(1.2),I,A,Annual,MKD,North Macedonia,ITU_DH_INV_COMP,Percentage of individuals using a computer (ITU),_T,Total,_T,All age ranges or no breakdown by age,_T,Total,PT_HH,Percentage of households,_Z,Not Applicable,_Z,Not Applicable,_Z,Not Applicable,2008,54.1226,MEAN,Mean,ITU_DH,ITU DataHub,0,Units,RATIO,Ratio,602,CCYY,A,Normal value,PU,Public
datastructure,WB.DATA360:DS_DATA360(1.2),I,A,Annual,MKD,North Macedonia,ITU_DH_INV_COMP,Percentage of individuals using a computer (ITU),_T,Total,_T,All age ranges or no breakdown by age,_T,Total,PT_HH,Percentage of households,_Z,Not Applicable,_Z,Not Applicable,_Z,Not Applicable,2009,57.5196,MEAN,Mean,ITU_DH,ITU DataHub,0,Units,RATIO,Ratio,602,CCYY,A,Normal value,PU,Public
datastructure,WB.DATA360:DS_DATA360(1.2),I,A,Annual,MKD,North Macedonia,ITU_DH_INV_COMP,Percentage of individuals using a computer (ITU),_T,Total,_T,All age ranges or no breakdown by age,_T,Total,PT_HH,Percentage of households,_Z,Not Applicable,_Z,Not Applicable,_Z,Not Applicable,2010,57.6859,MEAN,Mean,ITU_DH,ITU DataHub,0,Units,RATIO,Ratio,602,CCYY,A,Normal value,PU,Public
datastructure,WB.DATA360:DS_DATA360(1.2),I,A,Annual,MKD,North Macedonia,ITU_DH_INV_COMP,Percentage of individuals using a computer (ITU),_T,Total,_T,All age ranges or no breakdown by age,_T,Total,PT_HH,Percentage of households,_Z,Not Applicable,_Z,Not Applicable,_Z,Not Applicable,2012,59.86,MEAN,Mean,ITU_DH,ITU DataHub,0,Units,RATIO,Ratio,602,CCYY,A,Normal value,PU,Public
datastructure,WB.DATA360:DS_DATA360(1.2),I,A,Annual,MKD,North Macedonia,ITU_DH_INV_COMP,Percentage of individuals using a computer (ITU),_T,Total,_T,All age ranges or no breakdown by age,_T,Total,PT_HH,Percentage of households,_Z,Not Applicable,_Z,Not Applicable,_Z,Not Applicable,2013,66.1099,MEAN,Mean,ITU_DH,ITU DataHub,0,Units,RATIO,Ratio,602,CCYY,A,Normal value,PU,Public
datastructure,WB.DATA360:DS_DATA360(1.2),I,A,Annual,MKD,North Macedonia,ITU_DH_INV_COMP,Percentage of individuals using a computer (ITU),_T,Total,_T,All age ranges or no breakdown by age,_T,Total,PT_HH,Percentage of households,_Z,Not Applicable,_Z,Not Applicable,_Z,Not Applicable,2014,67.6497,MEAN,Mean,ITU_DH,ITU DataHub,0,Units,RATIO,Ratio,602,CCYY,A,Normal value,PU,Public
datastructure,WB.DATA360:DS_DATA360(1.2),I,A,Annual,MKD,North Macedonia,ITU_DH_INV_COMP,Percentage of individuals using a computer (ITU),_T,Total,_T,All age ranges or no breakdown by age,_T,Total,PT_HH,Percentage of households,_Z,Not Applicable,_Z,Not Applicable,_Z,Not Applicable,2015,69.2231,MEAN,Mean,ITU_DH,ITU DataHub,0,Units,RATIO,Ratio,602,CCYY,A,Normal value,PU,Public
datastructure,WB.DATA360:DS_DATA360(1.2),I,A,Annual,MKD,North Macedonia,ITU_DH_INV_COMP,Percentage of individuals using a computer (ITU),_T,Total,_T,All age ranges or no breakdown by age,_T,Total,PT_HH,Percentage of households,_Z,Not Applicable,_Z,Not Applicable,_Z,Not Applicable,2017,66.4069,MEAN,Mean,ITU_DH,ITU DataHub,0,Units,RATIO,Ratio,602,CCYY,A,Normal value,PU,Public
datastructure,WB.DATA360:DS_DATA360(1.2),I,A,Annual,PSE,West Bank and Gaza,ITU_DH_INV_COMP,Percentage of individuals using a computer (ITU),_T,Total,_T,All age ranges or no breakdown by age,_T,Total,PT_HH,Percentage of households,_Z,Not Applicable,_Z,Not Applicable,_Z,Not Applicable,2004,35.6888,MEAN,Mean,ITU_DH,ITU DataHub,0,Units,RATIO,Ratio,602,CCYY,A,Normal value,PU,Public
datastructure,WB.DATA360:DS_DATA360(1.2),I,A,Annual,PSE,West Bank and Gaza,ITU_DH_INV_COMP,Percentage of individuals using a computer (ITU),_T,Total,_T,All age ranges or no breakdown by age,_T,Total,PT_HH,Percentage of households,_Z,Not Applicable,_Z,Not Applicable,_Z,Not Applicable,2006,44.1165,MEAN,Mean,ITU_DH,ITU DataHub,0,Units,RATIO,Ratio,602,CCYY,A,Normal value,PU,Public
datastructure,WB.DATA360:DS_DATA360(1.2),I,A,Annual,PSE,West Bank and Gaza,ITU_DH_INV_COMP,Percentage of individuals using a computer (ITU),_T,Total,_T,All age ranges or no breakdown by age,_T,Total,PT_HH,Percentage of households,_Z,Not Applicable,_Z,Not Applicable,_Z,Not Applicable,2009,57.1492,MEAN,Mean,ITU_DH,ITU DataHub,0,Units,RATIO,Ratio,602,CCYY,A,Normal value,PU,Public
datastructure,WB.DATA360:DS_DATA360(1.2),I,A,Annual,PSE,West Bank and Gaza,ITU_DH_INV_COMP,Percentage of individuals using a computer (ITU),_T,Total,_T,All age ranges or no breakdown by age,_T,Total,PT_HH,Percentage of households,_Z,Not Applicable,_Z,Not Applicable,_Z,Not Applicable,2011,53.6889,MEAN,Mean,ITU_DH,ITU DataHub,0,Units,RATIO,Ratio,602,CCYY,A,Normal value,PU,Public
datastructure,WB.DATA360:DS_DATA360(1.2),I,A,Annual,PSE,West Bank and Gaza,ITU_DH_INV_COMP,Percentage of individuals using a computer (ITU),_T,Total,_T,All age ranges or no breakdown by age,_T,Total,PT_HH,Percentage of households,_Z,Not Applicable,_Z,Not Applicable,_Z,Not Applicable,2014,60.1524,MEAN,Mean,ITU_DH,ITU DataHub,0,Units,RATIO,Ratio,602,CCYY,A,Normal value,PU,Public
datastructure,WB.DATA360:DS_DATA360(1.2),I,A,Annual,PSE,West Bank and Gaza,ITU_DH_INV_COMP,Percentage of individuals using a computer (ITU),_T,Total,_T,All age ranges or no breakdown by age,_T,Total,PT_HH,Percentage of households,_Z,Not Applicable,_Z,Not Applicable,_Z,Not Applicable,2019,25.9501,MEAN,Mean,ITU_DH,ITU DataHub,0,Units,RATIO,Ratio,602,CCYY,A,Normal value,PU,Public
datastructure,WB.DATA360:DS_DATA360(1.2),I,A,Annual,MNE,Montenegro,ITU_DH_INV_COMP,Percentage of individuals using a computer (ITU),_T,Total,_T,All age ranges or no breakdown by age,_T,Total,PT_HH,Percentage of households,_Z,Not Applicable,_Z,Not Applicable,_Z,Not Applicable,2011,37.1998,MEAN,Mean,ITU_DH,ITU DataHub,0,Units,RATIO,Ratio,602,CCYY,A,Normal value,PU,Public
datastructure,WB.DATA360:DS_DATA360(1.2),I,A,Annual,MNE,Montenegro,ITU_DH_INV_COMP,Percentage of individuals using a computer (ITU),_T,Total,_T,All age ranges or no breakdown by age,_T,Total,PT_HH,Percentage of households,_Z,Not Applicable,_Z,Not Applicable,_Z,Not Applicable,2012,58.7656,MEAN,Mean,ITU_DH,ITU DataHub,0,Units,RATIO,Ratio,602,CCYY,A,Normal value,PU,Public
datastructure,WB.DATA360:DS_DATA360(1.2),I,A,Annual,MNE,Montenegro,ITU_DH_INV_COMP,Percentage of individuals using a computer (ITU),_T,Total,_T,All age ranges or no breakdown by age,_T,Total,PT_HH,Percentage of households,_Z,Not Applicable,_Z,Not Applicable,_Z,Not Applicable,2015,67.2011,MEAN,Mean,ITU_DH,ITU DataHub,0,Units,RATIO,Ratio,602,CCYY,A,Normal value,PU,Public
datastructure,WB.DATA360:DS_DATA360(1.2),I,A,Annual,MNE,Montenegro,ITU_DH_INV_COMP,Percentage of individuals using a computer (ITU),_T,Total,_T,All age ranges or no breakdown by age,_T,Total,PT_HH,Percentage of households,_Z,Not Applicable,_Z,Not Applicable,_Z,Not Applicable,2018,56.0996,MEAN,Mean,ITU_DH,ITU DataHub,0,Units,RATIO,Ratio,602,CCYY,A,Normal value,PU,Public
datastructure,WB.DATA360:DS_DATA360(1.2),I,A,Annual,CEB,Central Electricity Board (CEB),ITU_DH_INV_COMP,Percentage of individuals using a computer (ITU),_T,Total,_T,All age ranges or no breakdown by age,_T,Total,PT_HH,Percentage of households,_Z,Not Applicable,_Z,Not Applicable,_Z,Not Applicable,2004,46.217525,MEAN,Mean,ITU_DH,ITU DataHub,0,Units,RATIO,Ratio,602,CCYY,A,Normal value,PU,Public
datastructure,WB.DATA360:DS_DATA360(1.2),I,A,Annual,CEB,Central Electricity Board (CEB),ITU_DH_INV_COMP,Percentage of individuals using a computer (ITU),_T,Total,_T,All age ranges or no breakdown by age,_T,Total,PT_HH,Percentage of households,_Z,Not Applicable,_Z,Not Applicable,_Z,Not Applicable,2005,51.48055,MEAN,Mean,ITU_DH,ITU DataHub,0,Units,RATIO,Ratio,602,CCYY,A,Normal value,PU,Public
datastructure,WB.DATA360:DS_DATA360(1.2),I,A,Annual,CEB,Central Electricity Board (CEB),ITU_DH_INV_COMP,Percentage of individuals using a computer (ITU),_T,Total,_T,All age ranges or no breakdown by age,_T,Total,PT_HH,Percentage of households,_Z,Not Applicable,_Z,Not Applicable,_Z,Not Applicable,2006,52.62106,MEAN,Mean,ITU_DH,ITU DataHub,0,Units,RATIO,Ratio,602,CCYY,A,Normal value,PU,Public
datastructure,WB.DATA360:DS_DATA360(1.2),I,A,Annual,CEB,Central Electricity Board (CEB),ITU_DH_INV_COMP,Percentage of individuals using a computer (ITU),_T,Total,_T,All age ranges or no breakdown by age,_T,Total,PT_HH,Percentage of households,_Z,Not Applicable,_Z,Not Applicable,_Z,Not Applicable,2007,55.40377272727272,MEAN,Mean,ITU_DH,ITU DataHub,0,Units,RATIO,Ratio,602,CCYY,A,Normal value,PU,Public
datastructure,WB.DATA360:DS_DATA360(1.2),I,A,Annual,CEB,Central Electricity Board (CEB),ITU_DH_INV_COMP,Percentage of individuals using a computer (ITU),_T,Total,_T,All age ranges or no breakdown by age,_T,Total,PT_HH,Percentage of households,_Z,Not Applicable,_Z,Not Applicable,_Z,Not Applicable,2008,59.321718181818184,MEAN,Mean,ITU_DH,ITU DataHub,0,Units,RATIO,Ratio,602,CCYY,A,Normal value,PU,Public
datastructure,WB.DATA360:DS_DATA360(1.2),I,A,Annual,CEB,Central Electricity Board (CEB),ITU_DH_INV_COMP,Percentage of individuals using a computer (ITU),_T,Total,_T,All age ranges or no breakdown by age,_T,Total,PT_HH,Percentage of households,_Z,Not Applicable,_Z,Not Applicable,_Z,Not Applicable,2009,62.329490909090914,MEAN,Mean,ITU_DH,ITU DataHub,0,Units,RATIO,Ratio,602,CCYY,A,Normal value,PU,Public
datastructure,WB.DATA360:DS_DATA360(1.2),I,A,Annual,CEB,Central Electricity Board (CEB),ITU_DH_INV_COMP,Percentage of individuals using a computer (ITU),_T,Total,_T,All age ranges or no breakdown by age,_T,Total,PT_HH,Percentage of households,_Z,Not Applicable,_Z,Not Applicable,_Z,Not Applicable,2010,65.39230909090908,MEAN,Mean,ITU_DH,ITU DataHub,0,Units,RATIO,Ratio,602,CCYY,A,Normal value,PU,Public
datastructure,WB.DATA360:DS_DATA360(1.2),I,A,Annual,CEB,Central Electricity Board (CEB),ITU_DH_INV_COMP,Percentage of individuals using a computer (ITU),_T,Total,_T,All age ranges or no breakdown by age,_T,Total,PT_HH,Percentage of households,_Z,Not Applicable,_Z,Not Applicable,_Z,Not Applicable,2011,64.86090909090909,MEAN,Mean,ITU_DH,ITU DataHub,0,Units,RATIO,Ratio,602,CCYY,A,Normal value,PU,Public
datastructure,WB.DATA360:DS_DATA360(1.2),I,A,Annual,CEB,Central Electricity Board (CEB),ITU_DH_INV_COMP,Percentage of individuals using a computer (ITU),_T,Total,_T,All age ranges or no breakdown by age,_T,Total,PT_HH,Percentage of households,_Z,Not Applicable,_Z,Not Applicable,_Z,Not Applicable,2012,67.15274545454545,MEAN,Mean,ITU_DH,ITU DataHub,0,Units,RATIO,Ratio,602,CCYY,A,Normal value,PU,Public
datastructure,WB.DATA360:DS_DATA360(1.2),I,A,Annual,CEB,Central Electricity Board (CEB),ITU_DH_INV_COMP,Percentage of individuals using a computer (ITU),_T,Total,_T,All age ranges or no breakdown by age,_T,Total,PT_HH,Percentage of households,_Z,Not Applicable,_Z,Not Applicable,_Z,Not Applicable,2013,69.02850909090908,MEAN,Mean,ITU_DH,ITU DataHub,0,Units,RATIO,Ratio,602,CCYY,A,Normal value,PU,Public
datastructure,WB.DATA360:DS_DATA360(1.2),I,A,Annual,CEB,Central Electricity Board (CEB),ITU_DH_INV_COMP,Percentage of individuals using a computer (ITU),_T,Total,_T,All age ranges or no breakdown by age,_T,Total,PT_HH,Percentage of households,_Z,Not Applicable,_Z,Not Applicable,_Z,Not Applicable,2014,71.42596363636363,MEAN,Mean,ITU_DH,ITU DataHub,0,Units,RATIO,Ratio,602,CCYY,A,Normal value,PU,Public
datastructure,WB.DATA360:DS_DATA360(1.2),I,A,Annual,CEB,Central Electricity Board (CEB),ITU_DH_INV_COMP,Percentage of individuals using a computer (ITU),_T,Total,_T,All age ranges or no breakdown by age,_T,Total,PT_HH,Percentage of households,_Z,Not Applicable,_Z,Not Applicable,_Z,Not Applicable,2015,72.98429999999999,MEAN,Mean,ITU_DH,ITU DataHub,0,Units,RATIO,Ratio,602,CCYY,A,Normal value,PU,Public
datastructure,WB.DATA360:DS_DATA360(1.2),I,A,Annual,CEB,Central Electricity Board (CEB),ITU_DH_INV_COMP,Percentage of individuals using a computer (ITU),_T,Total,_T,All age ranges or no breakdown by age,_T,Total,PT_HH,Percentage of households,_Z,Not Applicable,_Z,Not Applicable,_Z,Not Applicable,2017,73.78971250000001,MEAN,Mean,ITU_DH,ITU DataHub,0,Units,RATIO,Ratio,602,CCYY,A,Normal value,PU,Public
datastructure,WB.DATA360:DS_DATA360(1.2),I,A,Annual,EMU,Euro area,ITU_DH_INV_COMP,Percentage of individuals using a computer (ITU),_T,Total,_T,All age ranges or no breakdown by age,_T,Total,PT_HH,Percentage of households,_Z,Not Applicable,_Z,Not Applicable,_Z,Not Applicable,2004,52.91388,MEAN,Mean,ITU_DH,ITU DataHub,0,Units,RATIO,Ratio,602,CCYY,A,Normal value,PU,Public
datastructure,WB.DATA360:DS_DATA360(1.2),I,A,Annual,EMU,Euro area,ITU_DH_INV_COMP,Percentage of individuals using a computer (ITU),_T,Total,_T,All age ranges or no breakdown by age,_T,Total,PT_HH,Percentage of households,_Z,Not Applicable,_Z,Not Applicable,_Z,Not Applicable,2005,56.9685294117647,MEAN,Mean,ITU_DH,ITU DataHub,0,Units,RATIO,Ratio,602,CCYY,A,Normal value,PU,Public
datastructure,WB.DATA360:DS_DATA360(1.2),I,A,Annual,EMU,Euro area,ITU_DH_INV_COMP,Percentage of individuals using a computer (ITU),_T,Total,_T,All age ranges or no breakdown by age,_T,Total,PT_HH,Percentage of households,_Z,Not Applicable,_Z,Not Applicable,_Z,Not Applicable,2006,60.72426842105264,MEAN,Mean,ITU_DH,ITU DataHub,0,Units,RATIO,Ratio,602,CCYY,A,Normal value,PU,Public
datastructure,WB.DATA360:DS_DATA360(1.2),I,A,Annual,EMU,Euro area,ITU_DH_INV_COMP,Percentage of individuals using a computer (ITU),_T,Total,_T,All age ranges or no breakdown by age,_T,Total,PT_HH,Percentage of households,_Z,Not Applicable,_Z,Not Applicable,_Z,Not Applicable,2007,63.60553000000001,MEAN,Mean,ITU_DH,ITU DataHub,0,Units,RATIO,Ratio,602,CCYY,A,Normal value,PU,Public
datastructure,WB.DATA360:DS_DATA360(1.2),I,A,Annual,EMU,Euro area,ITU_DH_INV_COMP,Percentage of individuals using a computer (ITU),_T,Total,_T,All age ranges or no breakdown by age,_T,Total,PT_HH,Percentage of households,_Z,Not Applicable,_Z,Not Applicable,_Z,Not Applicable,2008,66.261545,MEAN,Mean,ITU_DH,ITU DataHub,0,Units,RATIO,Ratio,602,CCYY,A,Normal value,PU,Public
datastructure,WB.DATA360:DS_DATA360(1.2),I,A,Annual,EMU,Euro area,ITU_DH_INV_COMP,Percentage of individuals using a computer (ITU),_T,Total,_T,All age ranges or no breakdown by age,_T,Total,PT_HH,Percentage of households,_Z,Not Applicable,_Z,Not Applicable,_Z,Not Applicable,2009,69.04236,MEAN,Mean,ITU_DH,ITU DataHub,0,Units,RATIO,Ratio,602,CCYY,A,Normal value,PU,Public
datastructure,WB.DATA360:DS_DATA360(1.2),I,A,Annual,EMU,Euro area,ITU_DH_INV_COMP,Percentage of individuals using a computer (ITU),_T,Total,_T,All age ranges or no breakdown by age,_T,Total,PT_HH,Percentage of households,_Z,Not Applicable,_Z,Not Applicable,_Z,Not Applicable,2010,72.161545,MEAN,Mean,ITU_DH,ITU DataHub,0,Units,RATIO,Ratio,602,CCYY,A,Normal value,PU,Public
datastructure,WB.DATA360:DS_DATA360(1.2),I,A,Annual,EMU,Euro area,ITU_DH_INV_COMP,Percentage of individuals using a computer (ITU),_T,Total,_T,All age ranges or no breakdown by age,_T,Total,PT_HH,Percentage of households,_Z,Not Applicable,_Z,Not Applicable,_Z,Not Applicable,2011,72.69048000000001,MEAN,Mean,ITU_DH,ITU DataHub,0,Units,RATIO,Ratio,602,CCYY,A,Normal value,PU,Public
datastructure,WB.DATA360:DS_DATA360(1.2),I,A,Annual,EMU,Euro area,ITU_DH_INV_COMP,Percentage of individuals using a computer (ITU),_T,Total,_T,All age ranges or no breakdown by age,_T,Total,PT_HH,Percentage of households,_Z,Not Applicable,_Z,Not Applicable,_Z,Not Applicable,2012,74.42471,MEAN,Mean,ITU_DH,ITU DataHub,0,Units,RATIO,Ratio,602,CCYY,A,Normal value,PU,Public
datastructure,WB.DATA360:DS_DATA360(1.2),I,A,Annual,EMU,Euro area,ITU_DH_INV_COMP,Percentage of individuals using a computer (ITU),_T,Total,_T,All age ranges or no breakdown by age,_T,Total,PT_HH,Percentage of households,_Z,Not Applicable,_Z,Not Applicable,_Z,Not Applicable,2013,76.296725,MEAN,Mean,ITU_DH,ITU DataHub,0,Units,RATIO,Ratio,602,CCYY,A,Normal value,PU,Public
datastructure,WB.DATA360:DS_DATA360(1.2),I,A,Annual,EMU,Euro area,ITU_DH_INV_COMP,Percentage of individuals using a computer (ITU),_T,Total,_T,All age ranges or no breakdown by age,_T,Total,PT_HH,Percentage of households,_Z,Not Applicable,_Z,Not Applicable,_Z,Not Applicable,2014,77.47040999999999,MEAN,Mean,ITU_DH,ITU DataHub,0,Units,RATIO,Ratio,602,CCYY,A,Normal value,PU,Public
datastructure,WB.DATA360:DS_DATA360(1.2),I,A,Annual,EMU,Euro area,ITU_DH_INV_COMP,Percentage of individuals using a computer (ITU),_T,Total,_T,All age ranges or no breakdown by age,_T,Total,PT_HH,Percentage of households,_Z,Not Applicable,_Z,Not Applicable,_Z,Not Applicable,2015,78.65998499999998,MEAN,Mean,ITU_DH,ITU DataHub,0,Units,RATIO,Ratio,602,CCYY,A,Normal value,PU,Public
datastructure,WB.DATA360:DS_DATA360(1.2),I,A,Annual,ECS,Europe & Central Asia,ITU_DH_INV_COMP,Percentage of individuals using a computer (ITU),_T,Total,_T,All age ranges or no breakdown by age,_T,Total,PT_HH,Percentage of households,_Z,Not Applicable,_Z,Not Applicable,_Z,Not Applicable,2007,64.05523225806452,MEAN,Mean,ITU_DH,ITU DataHub,0,Units,RATIO,Ratio,602,CCYY,A,Normal value,PU,Public
datastructure,WB.DATA360:DS_DATA360(1.2),I,A,Annual,ECS,Europe & Central Asia,ITU_DH_INV_COMP,Percentage of individuals using a computer (ITU),_T,Total,_T,All age ranges or no breakdown by age,_T,Total,PT_HH,Percentage of households,_Z,Not Applicable,_Z,Not Applicable,_Z,Not Applicable,2008,65.72983124999999,MEAN,Mean,ITU_DH,ITU DataHub,0,Units,RATIO,Ratio,602,CCYY,A,Normal value,PU,Public
datastructure,WB.DATA360:DS_DATA360(1.2),I,A,Annual,ECS,Europe & Central Asia,ITU_DH_INV_COMP,Percentage of individuals using a computer (ITU),_T,Total,_T,All age ranges or no breakdown by age,_T,Total,PT_HH,Percentage of households,_Z,Not Applicable,_Z,Not Applicable,_Z,Not Applicable,2009,66.59097142857142,MEAN,Mean,ITU_DH,ITU DataHub,0,Units,RATIO,Ratio,602,CCYY,A,Normal value,PU,Public
datastructure,WB.DATA360:DS_DATA360(1.2),I,A,Annual,ECS,Europe & Central Asia,ITU_DH_INV_COMP,Percentage of individuals using a computer (ITU),_T,Total,_T,All age ranges or no breakdown by age,_T,Total,PT_HH,Percentage of households,_Z,Not Applicable,_Z,Not Applicable,_Z,Not Applicable,2010,70.960875,MEAN,Mean,ITU_DH,ITU DataHub,0,Units,RATIO,Ratio,602,CCYY,A,Normal value,PU,Public
datastructure,WB.DATA360:DS_DATA360(1.2),I,A,Annual,ECS,Europe & Central Asia,ITU_DH_INV_COMP,Percentage of individuals using a computer (ITU),_T,Total,_T,All age ranges or no breakdown by age,_T,Total,PT_HH,Percentage of households,_Z,Not Applicable,_Z,Not Applicable,_Z,Not Applicable,2011,71.71174838709676,MEAN,Mean,ITU_DH,ITU DataHub,0,Units,RATIO,Ratio,602,CCYY,A,Normal value,PU,Public
datastructure,WB.DATA360:DS_DATA360(1.2),I,A,Annual,ECS,Europe & Central Asia,ITU_DH_INV_COMP,Percentage of individuals using a computer (ITU),_T,Total,_T,All age ranges or no breakdown by age,_T,Total,PT_HH,Percentage of households,_Z,Not Applicable,_Z,Not Applicable,_Z,Not Applicable,2012,73.72086875,MEAN,Mean,ITU_DH,ITU DataHub,0,Units,RATIO,Ratio,602,CCYY,A,Normal value,PU,Public
datastructure,WB.DATA360:DS_DATA360(1.2),I,A,Annual,ECS,Europe & Central Asia,ITU_DH_INV_COMP,Percentage of individuals using a computer (ITU),_T,Total,_T,All age ranges or no breakdown by age,_T,Total,PT_HH,Percentage of households,_Z,Not Applicable,_Z,Not Applicable,_Z,Not Applicable,2013,75.21638181818182,MEAN,Mean,ITU_DH,ITU DataHub,0,Units,RATIO,Ratio,602,CCYY,A,Normal value,PU,Public
datastructure,WB.DATA360:DS_DATA360(1.2),I,A,Annual,ECS,Europe & Central Asia,ITU_DH_INV_COMP,Percentage of individuals using a computer (ITU),_T,Total,_T,All age ranges or no breakdown by age,_T,Total,PT_HH,Percentage of households,_Z,Not Applicable,_Z,Not Applicable,_Z,Not Applicable,2014,77.480115625,MEAN,Mean,ITU_DH,ITU DataHub,0,Units,RATIO,Ratio,602,CCYY,A,Normal value,PU,Public
datastructure,WB.DATA360:DS_DATA360(1.2),I,A,Annual,ECS,Europe & Central Asia,ITU_DH_INV_COMP,Percentage of individuals using a computer (ITU),_T,Total,_T,All age ranges or no breakdown by age,_T,Total,PT_HH,Percentage of households,_Z,Not Applicable,_Z,Not Applicable,_Z,Not Applicable,2015,76.07845714285715,MEAN,Mean,ITU_DH,ITU DataHub,0,Units,RATIO,Ratio,602,CCYY,A,Normal value,PU,Public
datastructure,WB.DATA360:DS_DATA360(1.2),I,A,Annual,TEC,Europe & Central Asia (IDA & IBRD),ITU_DH_INV_COMP,Percentage of individuals using a computer (ITU),_T,Total,_T,All age ranges or no breakdown by age,_T,Total,PT_HH,Percentage of households,_Z,Not Applicable,_Z,Not Applicable,_Z,Not Applicable,2017,64.76446666666666,MEAN,Mean,ITU_DH,ITU DataHub,0,Units,RATIO,Ratio,602,CCYY,A,Normal value,PU,Public
datastructure,WB.DATA360:DS_DATA360(1.2),I,A,Annual,TEC,Europe & Central Asia (IDA & IBRD),ITU_DH_INV_COMP,Percentage of individuals using a computer (ITU),_T,Total,_T,All age ranges or no breakdown by age,_T,Total,PT_HH,Percentage of households,_Z,Not Applicable,_Z,Not Applicable,_Z,Not Applicable,2018,64.0678,MEAN,Mean,ITU_DH,ITU DataHub,0,Units,RATIO,Ratio,602,CCYY,A,Normal value,PU,Public
datastructure,WB.DATA360:DS_DATA360(1.2),I,A,Annual,EUU,European Union,ITU_DH_INV_COMP,Percentage of individuals using a computer (ITU),_T,Total,_T,All age ranges or no breakdown by age,_T,Total,PT_HH,Percentage of households,_Z,Not Applicable,_Z,Not Applicable,_Z,Not Applicable,2004,54.06307,MEAN,Mean,ITU_DH,ITU DataHub,0,Units,RATIO,Ratio,602,CCYY,A,Normal value,PU,Public
datastructure,WB.DATA360:DS_DATA360(1.2),I,A,Annual,EUU,European Union,ITU_DH_INV_COMP,Percentage of individuals using a computer (ITU),_T,Total,_T,All age ranges or no breakdown by age,_T,Total,PT_HH,Percentage of households,_Z,Not Applicable,_Z,Not Applicable,_Z,Not Applicable,2005,58.10448636363637,MEAN,Mean,ITU_DH,ITU DataHub,0,Units,RATIO,Ratio,602,CCYY,A,Normal value,PU,Public
datastructure,WB.DATA360:DS_DATA360(1.2),I,A,Annual,EUU,European Union,ITU_DH_INV_COMP,Percentage of individuals using a computer (ITU),_T,Total,_T,All age ranges or no breakdown by age,_T,Total,PT_HH,Percentage of households,_Z,Not Applicable,_Z,Not Applicable,_Z,Not Applicable,2006,60.09165769230769,MEAN,Mean,ITU_DH,ITU DataHub,0,Units,RATIO,Ratio,602,CCYY,A,Normal value,PU,Public
datastructure,WB.DATA360:DS_DATA360(1.2),I,A,Annual,EUU,European Union,ITU_DH_INV_COMP,Percentage of individuals using a computer (ITU),_T,Total,_T,All age ranges or no breakdown by age,_T,Total,PT_HH,Percentage of households,_Z,Not Applicable,_Z,Not Applicable,_Z,Not Applicable,2007,62.87908518518519,MEAN,Mean,ITU_DH,ITU DataHub,0,Units,RATIO,Ratio,602,CCYY,A,Normal value,PU,Public
datastructure,WB.DATA360:DS_DATA360(1.2),I,A,Annual,EUU,European Union,ITU_DH_INV_COMP,Percentage of individuals using a computer (ITU),_T,Total,_T,All age ranges or no breakdown by age,_T,Total,PT_HH,Percentage of households,_Z,Not Applicable,_Z,Not Applicable,_Z,Not Applicable,2008,65.73642592592593,MEAN,Mean,ITU_DH,ITU DataHub,0,Units,RATIO,Ratio,602,CCYY,A,Normal value,PU,Public
datastructure,WB.DATA360:DS_DATA360(1.2),I,A,Annual,EUU,European Union,ITU_DH_INV_COMP,Percentage of individuals using a computer (ITU),_T,Total,_T,All age ranges or no breakdown by age,_T,Total,PT_HH,Percentage of households,_Z,Not Applicable,_Z,Not Applicable,_Z,Not Applicable,2009,68.36863703703703,MEAN,Mean,ITU_DH,ITU DataHub,0,Units,RATIO,Ratio,602,CCYY,A,Normal value,PU,Public
datastructure,WB.DATA360:DS_DATA360(1.2),I,A,Annual,EUU,European Union,ITU_DH_INV_COMP,Percentage of individuals using a computer (ITU),_T,Total,_T,All age ranges or no breakdown by age,_T,Total,PT_HH,Percentage of households,_Z,Not Applicable,_Z,Not Applicable,_Z,Not Applicable,2010,71.22504444444445,MEAN,Mean,ITU_DH,ITU DataHub,0,Units,RATIO,Ratio,602,CCYY,A,Normal value,PU,Public
datastructure,WB.DATA360:DS_DATA360(1.2),I,A,Annual,EUU,European Union,ITU_DH_INV_COMP,Percentage of individuals using a computer (ITU),_T,Total,_T,All age ranges or no breakdown by age,_T,Total,PT_HH,Percentage of households,_Z,Not Applicable,_Z,Not Applicable,_Z,Not Applicable,2011,71.64517037037037,MEAN,Mean,ITU_DH,ITU DataHub,0,Units,RATIO,Ratio,602,CCYY,A,Normal value,PU,Public
datastructure,WB.DATA360:DS_DATA360(1.2),I,A,Annual,EUU,European Union,ITU_DH_INV_COMP,Percentage of individuals using a computer (ITU),_T,Total,_T,All age ranges or no breakdown by age,_T,Total,PT_HH,Percentage of households,_Z,Not Applicable,_Z,Not Applicable,_Z,Not Applicable,2012,73.47515925925926,MEAN,Mean,ITU_DH,ITU DataHub,0,Units,RATIO,Ratio,602,CCYY,A,Normal value,PU,Public
datastructure,WB.DATA360:DS_DATA360(1.2),I,A,Annual,EUU,European Union,ITU_DH_INV_COMP,Percentage of individuals using a computer (ITU),_T,Total,_T,All age ranges or no breakdown by age,_T,Total,PT_HH,Percentage of households,_Z,Not Applicable,_Z,Not Applicable,_Z,Not Applicable,2013,75.2200111111111,MEAN,Mean,ITU_DH,ITU DataHub,0,Units,RATIO,Ratio,602,CCYY,A,Normal value,PU,Public
datastructure,WB.DATA360:DS_DATA360(1.2),I,A,Annual,EUU,European Union,ITU_DH_INV_COMP,Percentage of individuals using a computer (ITU),_T,Total,_T,All age ranges or no breakdown by age,_T,Total,PT_HH,Percentage of households,_Z,Not Applicable,_Z,Not Applicable,_Z,Not Applicable,2014,76.74264074074074,MEAN,Mean,ITU_DH,ITU DataHub,0,Units,RATIO,Ratio,602,CCYY,A,Normal value,PU,Public
datastructure,WB.DATA360:DS_DATA360(1.2),I,A,Annual,EUU,European Union,ITU_DH_INV_COMP,Percentage of individuals using a computer (ITU),_T,Total,_T,All age ranges or no breakdown by age,_T,Total,PT_HH,Percentage of households,_Z,Not Applicable,_Z,Not Applicable,_Z,Not Applicable,2015,77.63547777777777,MEAN,Mean,ITU_DH,ITU DataHub,0,Units,RATIO,Ratio,602,CCYY,A,Normal value,PU,Public
datastructure,WB.DATA360:DS_DATA360(1.2),I,A,Annual,EUU,European Union,ITU_DH_INV_COMP,Percentage of individuals using a computer (ITU),_T,Total,_T,All age ranges or no breakdown by age,_T,Total,PT_HH,Percentage of households,_Z,Not Applicable,_Z,Not Applicable,_Z,Not Applicable,2017,79.26104375,MEAN,Mean,ITU_DH,ITU DataHub,0,Units,RATIO,Ratio,602,CCYY,A,Normal value,PU,Public
datastructure,WB.DATA360:DS_DATA360(1.2),I,A,Annual,OED,OECD members,ITU_DH_INV_COMP,Percentage of individuals using a computer (ITU),_T,Total,_T,All age ranges or no breakdown by age,_T,Total,PT_HH,Percentage of households,_Z,Not Applicable,_Z,Not Applicable,_Z,Not Applicable,2004,57.86485454545455,MEAN,Mean,ITU_DH,ITU DataHub,0,Units,RATIO,Ratio,602,CCYY,A,Normal value,PU,Public
datastructure,WB.DATA360:DS_DATA360(1.2),I,A,Annual,OED,OECD members,ITU_DH_INV_COMP,Percentage of individuals using a computer (ITU),_T,Total,_T,All age ranges or no breakdown by age,_T,Total,PT_HH,Percentage of households,_Z,Not Applicable,_Z,Not Applicable,_Z,Not Applicable,2005,60.73587499999999,MEAN,Mean,ITU_DH,ITU DataHub,0,Units,RATIO,Ratio,602,CCYY,A,Normal value,PU,Public
datastructure,WB.DATA360:DS_DATA360(1.2),I,A,Annual,OED,OECD members,ITU_DH_INV_COMP,Percentage of individuals using a computer (ITU),_T,Total,_T,All age ranges or no breakdown by age,_T,Total,PT_HH,Percentage of households,_Z,Not Applicable,_Z,Not Applicable,_Z,Not Applicable,2006,65.61333333333333,MEAN,Mean,ITU_DH,ITU DataHub,0,Units,RATIO,Ratio,602,CCYY,A,Normal value,PU,Public
datastructure,WB.DATA360:DS_DATA360(1.2),I,A,Annual,OED,OECD members,ITU_DH_INV_COMP,Percentage of individuals using a computer (ITU),_T,Total,_T,All age ranges or no breakdown by age,_T,Total,PT_HH,Percentage of households,_Z,Not Applicable,_Z,Not Applicable,_Z,Not Applicable,2007,66.25408620689655,MEAN,Mean,ITU_DH,ITU DataHub,0,Units,RATIO,Ratio,602,CCYY,A,Normal value,PU,Public
datastructure,WB.DATA360:DS_DATA360(1.2),I,A,Annual,OED,OECD members,ITU_DH_INV_COMP,Percentage of individuals using a computer (ITU),_T,Total,_T,All age ranges or no breakdown by age,_T,Total,PT_HH,Percentage of households,_Z,Not Applicable,_Z,Not Applicable,_Z,Not Applicable,2008,68.64528387096775,MEAN,Mean,ITU_DH,ITU DataHub,0,Units,RATIO,Ratio,602,CCYY,A,Normal value,PU,Public
datastructure,WB.DATA360:DS_DATA360(1.2),I,A,Annual,OED,OECD members,ITU_DH_INV_COMP,Percentage of individuals using a computer (ITU),_T,Total,_T,All age ranges or no breakdown by age,_T,Total,PT_HH,Percentage of households,_Z,Not Applicable,_Z,Not Applicable,_Z,Not Applicable,2009,70.20425151515151,MEAN,Mean,ITU_DH,ITU DataHub,0,Units,RATIO,Ratio,602,CCYY,A,Normal value,PU,Public
datastructure,WB.DATA360:DS_DATA360(1.2),I,A,Annual,OED,OECD members,ITU_DH_INV_COMP,Percentage of individuals using a computer (ITU),_T,Total,_T,All age ranges or no breakdown by age,_T,Total,PT_HH,Percentage of households,_Z,Not Applicable,_Z,Not Applicable,_Z,Not Applicable,2010,72.91475,MEAN,Mean,ITU_DH,ITU DataHub,0,Units,RATIO,Ratio,602,CCYY,A,Normal value,PU,Public
datastructure,WB.DATA360:DS_DATA360(1.2),I,A,Annual,OED,OECD members,ITU_DH_INV_COMP,Percentage of individuals using a computer (ITU),_T,Total,_T,All age ranges or no breakdown by age,_T,Total,PT_HH,Percentage of households,_Z,Not Applicable,_Z,Not Applicable,_Z,Not Applicable,2011,74.00997931034483,MEAN,Mean,ITU_DH,ITU DataHub,0,Units,RATIO,Ratio,602,CCYY,A,Normal value,PU,Public
datastructure,WB.DATA360:DS_DATA360(1.2),I,A,Annual,OED,OECD members,ITU_DH_INV_COMP,Percentage of individuals using a computer (ITU),_T,Total,_T,All age ranges or no breakdown by age,_T,Total,PT_HH,Percentage of households,_Z,Not Applicable,_Z,Not Applicable,_Z,Not Applicable,2012,74.6545935483871,MEAN,Mean,ITU_DH,ITU DataHub,0,Units,RATIO,Ratio,602,CCYY,A,Normal value,PU,Public
datastructure,WB.DATA360:DS_DATA360(1.2),I,A,Annual,OED,OECD members,ITU_DH_INV_COMP,Percentage of individuals using a computer (ITU),_T,Total,_T,All age ranges or no breakdown by age,_T,Total,PT_HH,Percentage of households,_Z,Not Applicable,_Z,Not Applicable,_Z,Not Applicable,2013,76.37637096774192,MEAN,Mean,ITU_DH,ITU DataHub,0,Units,RATIO,Ratio,602,CCYY,A,Normal value,PU,Public
datastructure,WB.DATA360:DS_DATA360(1.2),I,A,Annual,OED,OECD members,ITU_DH_INV_COMP,Percentage of individuals using a computer (ITU),_T,Total,_T,All age ranges or no breakdown by age,_T,Total,PT_HH,Percentage of households,_Z,Not Applicable,_Z,Not Applicable,_Z,Not Applicable,2014,78.11227000000001,MEAN,Mean,ITU_DH,ITU DataHub,0,Units,RATIO,Ratio,602,CCYY,A,Normal value,PU,Public
datastructure,WB.DATA360:DS_DATA360(1.2),I,A,Annual,OED,OECD members,ITU_DH_INV_COMP,Percentage of individuals using a computer (ITU),_T,Total,_T,All age ranges or no breakdown by age,_T,Total,PT_HH,Percentage of households,_Z,Not Applicable,_Z,Not Applicable,_Z,Not Applicable,2015,77.18547,MEAN,Mean,ITU_DH,ITU DataHub,0,Units,RATIO,Ratio,602,CCYY,A,Normal value,PU,Public
datastructure,WB.DATA360:DS_DATA360(1.2),I,A,Annual,PST,Post-demographic dividend,ITU_DH_INV_COMP,Percentage of individuals using a computer (ITU),_T,Total,_T,All age ranges or no breakdown by age,_T,Total,PT_HH,Percentage of households,_Z,Not Applicable,_Z,Not Applicable,_Z,Not Applicable,2006,63.97811304347826,MEAN,Mean,ITU_DH,ITU DataHub,0,Units,RATIO,Ratio,602,CCYY,A,Normal value,PU,Public
datastructure,WB.DATA360:DS_DATA360(1.2),I,A,Annual,PST,Post-demographic dividend,ITU_DH_INV_COMP,Percentage of individuals using a computer (ITU),_T,Total,_T,All age ranges or no breakdown by age,_T,Total,PT_HH,Percentage of households,_Z,Not Applicable,_Z,Not Applicable,_Z,Not Applicable,2007,66.37079583333333,MEAN,Mean,ITU_DH,ITU DataHub,0,Units,RATIO,Ratio,602,CCYY,A,Normal value,PU,Public
datastructure,WB.DATA360:DS_DATA360(1.2),I,A,Annual,PST,Post-demographic dividend,ITU_DH_INV_COMP,Percentage of individuals using a computer (ITU),_T,Total,_T,All age ranges or no breakdown by age,_T,Total,PT_HH,Percentage of households,_Z,Not Applicable,_Z,Not Applicable,_Z,Not Applicable,2008,68.77288846153846,MEAN,Mean,ITU_DH,ITU DataHub,0,Units,RATIO,Ratio,602,CCYY,A,Normal value,PU,Public
datastructure,WB.DATA360:DS_DATA360(1.2),I,A,Annual,PST,Post-demographic dividend,ITU_DH_INV_COMP,Percentage of individuals using a computer (ITU),_T,Total,_T,All age ranges or no breakdown by age,_T,Total,PT_HH,Percentage of households,_Z,Not Applicable,_Z,Not Applicable,_Z,Not Applicable,2009,71.57025,MEAN,Mean,ITU_DH,ITU DataHub,0,Units,RATIO,Ratio,602,CCYY,A,Normal value,PU,Public
datastructure,WB.DATA360:DS_DATA360(1.2),I,A,Annual,PST,Post-demographic dividend,ITU_DH_INV_COMP,Percentage of individuals using a computer (ITU),_T,Total,_T,All age ranges or no breakdown by age,_T,Total,PT_HH,Percentage of households,_Z,Not Applicable,_Z,Not Applicable,_Z,Not Applicable,2010,73.41595416666667,MEAN,Mean,ITU_DH,ITU DataHub,0,Units,RATIO,Ratio,602,CCYY,A,Normal value,PU,Public
datastructure,WB.DATA360:DS_DATA360(1.2),I,A,Annual,PST,Post-demographic dividend,ITU_DH_INV_COMP,Percentage of individuals using a computer (ITU),_T,Total,_T,All age ranges or no breakdown by age,_T,Total,PT_HH,Percentage of households,_Z,Not Applicable,_Z,Not Applicable,_Z,Not Applicable,2011,74.77470416666667,MEAN,Mean,ITU_DH,ITU DataHub,0,Units,RATIO,Ratio,602,CCYY,A,Normal value,PU,Public
datastructure,WB.DATA360:DS_DATA360(1.2),I,A,Annual,PST,Post-demographic dividend,ITU_DH_INV_COMP,Percentage of individuals using a computer (ITU),_T,Total,_T,All age ranges or no breakdown by age,_T,Total,PT_HH,Percentage of households,_Z,Not Applicable,_Z,Not Applicable,_Z,Not Applicable,2012,76.172804,MEAN,Mean,ITU_DH,ITU DataHub,0,Units,RATIO,Ratio,602,CCYY,A,Normal value,PU,Public
datastructure,WB.DATA360:DS_DATA360(1.2),I,A,Annual,PST,Post-demographic dividend,ITU_DH_INV_COMP,Percentage of individuals using a computer (ITU),_T,Total,_T,All age ranges or no breakdown by age,_T,Total,PT_HH,Percentage of households,_Z,Not Applicable,_Z,Not Applicable,_Z,Not Applicable,2013,74.43272857142857,MEAN,Mean,ITU_DH,ITU DataHub,0,Units,RATIO,Ratio,602,CCYY,A,Normal value,PU,Public
datastructure,WB.DATA360:DS_DATA360(1.2),I,A,Annual,PST,Post-demographic dividend,ITU_DH_INV_COMP,Percentage of individuals using a computer (ITU),_T,Total,_T,All age ranges or no breakdown by age,_T,Total,PT_HH,Percentage of households,_Z,Not Applicable,_Z,Not Applicable,_Z,Not Applicable,2014,76.97965357142857,MEAN,Mean,ITU_DH,ITU DataHub,0,Units,RATIO,Ratio,602,CCYY,A,Normal value,PU,Public
datastructure,WB.DATA360:DS_DATA360(1.2),I,A,Annual,PST,Post-demographic dividend,ITU_DH_INV_COMP,Percentage of individuals using a computer (ITU),_T,Total,_T,All age ranges or no breakdown by age,_T,Total,PT_HH,Percentage of households,_Z,Not Applicable,_Z,Not Applicable,_Z,Not Applicable,2015,75.91004999999998,MEAN,Mean,ITU_DH,ITU DataHub,0,Units,RATIO,Ratio,602,CCYY,A,Normal value,PU,Public
datastructure,WB.DATA360:DS_DATA360(1.2),I,A,Annual,PST,Post-demographic dividend,ITU_DH_INV_COMP,Percentage of individuals using a computer (ITU),_T,Total,_T,All age ranges or no breakdown by age,_T,Total,PT_HH,Percentage of households,_Z,Not Applicable,_Z,Not Applicable,_Z,Not Applicable,2017,74.10400000000001,MEAN,Mean,ITU_DH,ITU DataHub,0,Units,RATIO,Ratio,602,CCYY,A,Normal value,PU,Public
